SMILES,IC50_nM,Assay_ID,Molecule_ID,Target_ID
Cc1cc(C)c(/C=C2\C(=O)Nc3ncnc(Nc4ccc(F)c(Cl)c4)c32)[nH]1,41.0,CHEMBL674637,CHEMBL68920,CHEMBL203
Cc1cc(C(=O)N2CCOCC2)[nH]c1/C=C1\C(=O)Nc2ncnc(Nc3ccc(F)c(Cl)c3)c21,170.0,CHEMBL674637,CHEMBL69960,CHEMBL203
CN(c1ccccc1)c1ncnc2ccc(N/N=N/Cc3ccccn3)cc12,9300.0,CHEMBL677833,CHEMBL137635,CHEMBL203
CC(=C(C#N)C#N)c1ccc(NC(=O)CCC(=O)O)cc1,500000.0,CHEMBL674643,CHEMBL306988,CHEMBL203
O=C(O)/C=C/c1ccc(O)cc1,3000000.0,CHEMBL674643,CHEMBL66879,CHEMBL203
N#CC(C#N)=Cc1cc(O)ccc1[N+](=O)[O-],96000.0,CHEMBL674643,CHEMBL77085,CHEMBL203
Cc1cc(C(=O)NCCN2CCOCC2)[nH]c1/C=C1\C(=O)N(C)c2ncnc(Nc3ccc(F)c(Cl)c3)c21,5310.0,CHEMBL674637,CHEMBL443268,CHEMBL203
COc1cc(/C=C(\C#N)C(=O)O)cc(OC)c1O,264000.0,CHEMBL674643,CHEMBL76979,CHEMBL203
N#CC(C#N)=C(N)/C(C#N)=C/c1ccc(O)cc1,125.0,CHEMBL674643,CHEMBL76589,CHEMBL203
N#CC(C#N)=Cc1ccc(O)c(O)c1,35000.0,CHEMBL674643,CHEMBL76904,CHEMBL203
N[C@@H](Cc1ccc(O)c(O)c1)C(=O)O,900000.0,CHEMBL674643,CHEMBL1009,CHEMBL203
CCN(CC)CC(O)CNC(=O)c1cc(C)c(/C=C2\C(=O)Nc3ncnc(Nc4ccc(F)c(Cl)c4)c32)[nH]1,0.45,CHEMBL674637,CHEMBL304271,CHEMBL203
N#C/C(=C\c1ccc(O)c(O)c1)C(N)=O,10000.0,CHEMBL674643,CHEMBL296407,CHEMBL203
N#CC(C#N)=C(N)/C(C#N)=C/c1ccc(O)c([N+](=O)[O-])c1,60000.0,CHEMBL674643,CHEMBL309625,CHEMBL203
COc1ccc(NN=C(C#N)C#N)cc1,600000.0,CHEMBL674643,CHEMBL77825,CHEMBL203
COc1cc(C=C(C#N)C#N)cc(OC)c1O,850000.0,CHEMBL674643,CHEMBL421877,CHEMBL203
N#CC(C#N)=Cc1cc(O)c(O)c(O)c1,3000.0,CHEMBL674643,CHEMBL310798,CHEMBL203
C/N=N/Nc1ccc2ncnc(N(C)c3ccccc3)c2c1,8000.0,CHEMBL677833,CHEMBL135592,CHEMBL203
N#C/C(=C\c1ccc([N+](=O)[O-])cc1)C(=O)O,1300000.0,CHEMBL674643,CHEMBL309866,CHEMBL203
N#C/C(=C/c1ccc[nH]1)C(=O)O,1360000.0,CHEMBL674643,CHEMBL77381,CHEMBL203
N#C/C(=C\c1ccc(O)cc1)C(=O)O,165000.0,CHEMBL674643,CHEMBL76602,CHEMBL203
N#CC(C#N)=Cc1ccncc1,250000.0,CHEMBL674643,CHEMBL77737,CHEMBL203
N#CC(C#N)=Cc1ccc(O)c([N+](=O)[O-])c1,125000.0,CHEMBL674643,CHEMBL308134,CHEMBL203
CN(C)/N=N/c1ccc2ncnc(Nc3cccc(Cl)c3)c2c1,14.0,CHEMBL677833,CHEMBL136491,CHEMBL203
N#CCNC(=O)/C(C#N)=C/c1ccc(O)cc1,625000.0,CHEMBL674643,CHEMBL76557,CHEMBL203
Cc1cccc(Nc2ncnc3ccc(N)cc23)c1,1000.0,CHEMBL677833,CHEMBL336113,CHEMBL203
C/N=N/Nc1ccc2ncnc(Nc3cccc(Cl)c3)c2c1,100.0,CHEMBL677833,CHEMBL133024,CHEMBL203
CN(C)/N=N/c1ccc2ncnc(N(C)c3ccccc3)c2c1,13350.0,CHEMBL677833,CHEMBL344652,CHEMBL203
N#CC(C#N)=CNc1ccc(O)cc1,350000.0,CHEMBL674643,CHEMBL77814,CHEMBL203
O=CN/C=C/c1cc(O)ccc1O,14000.0,CHEMBL674643,CHEMBL47986,CHEMBL203
Brc1cccc(Nc2ncnc3ccc(N/N=N/Cc4ccccn4)cc23)c1,238.0,CHEMBL677833,CHEMBL138125,CHEMBL203
Brc1cccc(Nc2ncnc3ccc(N/N=N/CCN4CCOCC4)cc23)c1,64.0,CHEMBL677833,CHEMBL137364,CHEMBL203
N#CC(C#N)=C1C(=O)NC(=O)NC1=O,1400000.0,CHEMBL674643,CHEMBL308339,CHEMBL203
N#CC(C#N)=Cc1ccc(C(=O)O)cc1,430000.0,CHEMBL674643,CHEMBL78174,CHEMBL203
O=C1Nc2ncnc(Nc3ccc(F)c(Cl)c3)c2/C1=C/c1ccc(C(=O)NCCN2CCOCC2)[nH]1,22.0,CHEMBL674637,CHEMBL302552,CHEMBL203
N#CC(C#N)=C(O)c1cc(O)c(O)c(O)c1,13500.0,CHEMBL674643,CHEMBL309598,CHEMBL203
Cc1cc(C(=O)N2CCOCC2)[nH]c1/C=C1\C(=O)Nc2ncnc(Nc3ccc4c(ccn4Cc4ccccc4)c3)c21,4.5,CHEMBL674637,CHEMBL67057,CHEMBL203
Nc1ccc2ncnc(NCc3ccccc3)c2c1,508.0,CHEMBL677833,CHEMBL332096,CHEMBL203
N#CC(C#N)=Cc1ccc([N+](=O)[O-])c(O)c1,450000.0,CHEMBL674643,CHEMBL77387,CHEMBL203
CCN(CC)CCNC(=O)c1c(C)[nH]c(/C=C2\C(=O)Nc3ncnc(Nc4ccc(F)c(Cl)c4)c32)c1C,200.0,CHEMBL674637,CHEMBL432903,CHEMBL203
Cc1cc(/C=C2\C(=O)Nc3ncnc(Nc4ccc(F)c(Cl)c4)c32)[nH]c1C(=O)N1CCN(C)CC1,210.0,CHEMBL674637,CHEMBL69964,CHEMBL203
Cc1cc(C(=O)N2CCOCC2)[nH]c1/C=C1\C(=O)Nc2ncnc(Nc3ccc4c(c3)CCC4)c21,1410.0,CHEMBL674637,CHEMBL65848,CHEMBL203
N#C/C(=C\c1ccc(F)cc1)C(=O)O,833000.0,CHEMBL674643,CHEMBL78184,CHEMBL203
N#C/C(=C\c1ccc(C=O)cc1)C(=O)O,47000.0,CHEMBL674643,CHEMBL76985,CHEMBL203
O=C(O)/C=C/c1ccc(O)c(O)c1,1200000.0,CHEMBL674643,CHEMBL145,CHEMBL203
Cc1cc(C(=O)NCCN2CCOCC2)[nH]c1/C=C1\C(=O)Nc2ncnc(Nc3ccc(F)c(Cl)c3)c21,6.5,CHEMBL674637,CHEMBL69629,CHEMBL203
CN(c1ccccc1)c1ncnc2ccc(N)cc12,8400.0,CHEMBL677833,CHEMBL136492,CHEMBL203
COc1cc(/C(C)=C(\C#N)C(=O)O)ccc1O,1100000.0,CHEMBL674643,CHEMBL77197,CHEMBL203
N#CC(C#N)=Cc1ccc(O)cc1,560000.0,CHEMBL674643,CHEMBL305695,CHEMBL203
N#CC(C#N)Cc1ccc(O)cc1,6500000.0,CHEMBL674643,CHEMBL76587,CHEMBL203
CCN1CCN(C(=O)c2cc(C)c(/C=C3\C(=O)Nc4ncnc(Nc5ccc(F)c(Cl)c5)c43)[nH]2)CC1,13.0,CHEMBL674637,CHEMBL66570,CHEMBL203
N#C/C(=C\c1ccc(O)cc1)C(N)=O,800000.0,CHEMBL674643,CHEMBL308048,CHEMBL203
N#CC(C#N)=Cc1ccc(C=O)cc1,60000.0,CHEMBL674643,CHEMBL311119,CHEMBL203
N#CC(C#N)=Cc1cc(O)cc(O)c1,37000.0,CHEMBL674643,CHEMBL76905,CHEMBL203
COc1ccc(/C=C(\C#N)C(=O)O)cc1,833000.0,CHEMBL674643,CHEMBL77524,CHEMBL203
Cc1cc(C(=O)O)[nH]c1/C=C1\C(=O)Nc2ncnc(Nc3ccc(F)c(Cl)c3)c21,29.0,CHEMBL674637,CHEMBL305194,CHEMBL203
COc1cc(/C=C(\C#N)C(=O)O)ccc1O,325000.0,CHEMBL674643,CHEMBL307250,CHEMBL203
COc1cc(C=C(C#N)C#N)cc(O)c1O,6000.0,CHEMBL674643,CHEMBL80155,CHEMBL203
Nc1ccc2ncnc(Nc3cccc(Cl)c3)c2c1,200.0,CHEMBL677833,CHEMBL343352,CHEMBL203
Nc1ccc2ncnc(Nc3cccc(Br)c3)c2c1,44.0,CHEMBL677833,CHEMBL52765,CHEMBL203
COc1ccc(C(O)=C(C#N)C#N)cc1,450000.0,CHEMBL674643,CHEMBL311564,CHEMBL203
N#C/C(=C/c1cc(O)ccc1O)C(=O)O,75000.0,CHEMBL674643,CHEMBL76642,CHEMBL203
Cc1cc(CCC(=O)O)[nH]c1/C=C1\C(=O)Nc2ncnc(Nc3ccc(F)c(Cl)c3)c21,4.7,CHEMBL674637,CHEMBL308645,CHEMBL203
Cc1cc(C(=O)N2CCOCC2)[nH]c1/C=C1\C(=O)Nc2ncnc(Nc3ccc4c(cnn4Cc4ccccc4)c3)c21,1.8,CHEMBL674637,CHEMBL67003,CHEMBL203
N#CC(C#N)=Cc1ccc(NC(=O)CCC(=O)O)cc1,640000.0,CHEMBL674643,CHEMBL307248,CHEMBL203
N#CC(C#N)=NNc1ccc(O)cc1,225000.0,CHEMBL674643,CHEMBL310958,CHEMBL203
N#CC(C#N)=Cc1ccc2c(c1)OCO2,350000.0,CHEMBL674643,CHEMBL78005,CHEMBL203
CN(C)/N=N/c1ccc2ncnc(Nc3cccc(Br)c3)c2c1,11.0,CHEMBL677833,CHEMBL134312,CHEMBL203
CCCCc1cc(/C=C(\C#N)C(N)=O)cc(CCCC)c1O,55000.0,CHEMBL674643,CHEMBL77243,CHEMBL203
COc1cc(/C=C(\C#N)C(N)=C(C#N)C#N)cc(O)c1O,1200.0,CHEMBL674643,CHEMBL80745,CHEMBL203
N#CC(C#N)=Cc1ccc(/C=C/C(=O)O)cc1,450000.0,CHEMBL674643,CHEMBL77778,CHEMBL203
Cc1cc(C(=O)N2CCN(C)CC2)[nH]c1/C=C1\C(=O)Nc2ncnc(Nc3ccc(F)c(Cl)c3)c21,2.8,CHEMBL674637,CHEMBL305246,CHEMBL203
C#Cc1cccc(Nc2ncnc3c2/C(=C/c2[nH]c(C(=O)NCCN4CCOCC4)cc2C)C(=O)N3)c1,18.0,CHEMBL674637,CHEMBL69966,CHEMBL203
Nc1ncnc2c1c(-c1ccc(Oc3ccccc3)cc1)cn2C1CCCC1,3200.0,CHEMBL679674,CHEMBL47940,CHEMBL203
N#CC(C#N)=Cc1cc[n+]([O-])cc1,1300000.0,CHEMBL674643,CHEMBL57712,CHEMBL203
COc1cc(C=C(C#N)C#N)ccc1O,200000.0,CHEMBL674643,CHEMBL77869,CHEMBL203
CCN(CC)CCNC(=O)c1cc(C)c(/C=C2\C(=O)Nc3ncnc(Nc4ccc(F)c(Cl)c4)c32)[nH]1,1.2,CHEMBL674637,CHEMBL69358,CHEMBL203
C/N=N/Nc1ccc2ncnc(Nc3cccc(C)c3)c2c1,200.0,CHEMBL677833,CHEMBL137189,CHEMBL203
C/N=N/Nc1ccc2ncnc(Nc3cccc(Br)c3)c2c1,39.0,CHEMBL677833,CHEMBL137617,CHEMBL203
CN(C)/N=N/c1ccc2ncnc(NCc3ccccc3)c2c1,482.0,CHEMBL677833,CHEMBL137027,CHEMBL203
N#CC(C#N)=C(N)/C(C#N)=C/c1cc(O)c(O)c(O)c1,800.0,CHEMBL674643,CHEMBL78257,CHEMBL203
N#CC(C#N)=Cc1cc2c(cc1[N+](=O)[O-])OCO2,560000.0,CHEMBL674643,CHEMBL76082,CHEMBL203
N#C/C(=C\c1ccccc1)C(=O)O,850000.0,CHEMBL674643,CHEMBL77595,CHEMBL203
N#CC(C#N)=C(N)/C(C#N)=C/c1ccc(O)c(O)c1,2500.0,CHEMBL674643,CHEMBL309334,CHEMBL203
N#CC(C#N)=Cc1ccc[nH]1,260000.0,CHEMBL674643,CHEMBL310514,CHEMBL203
Cc1c(C(=O)N2CCN(C)CC2)c[nH]c1/C=C1\C(=O)Nc2ncnc(Nc3ccc(F)c(Cl)c3)c21,410.0,CHEMBL674637,CHEMBL304971,CHEMBL203
Cc1cc(C(=O)N2CC(C)NC(C)C2)[nH]c1/C=C1\C(=O)Nc2ncnc(Nc3ccc(F)c(Cl)c3)c21,5.9,CHEMBL674637,CHEMBL69071,CHEMBL203
CN(C)CC/N=N/Nc1ccc2ncnc(Nc3cccc(Br)c3)c2c1,38.0,CHEMBL677833,CHEMBL137534,CHEMBL203
C/N=N/Nc1ccc2ncnc(NCc3ccccc3)c2c1,335.0,CHEMBL677833,CHEMBL137788,CHEMBL203
Brc1cccc(Nc2ncnc3ccc(N/N=N/Cc4ccccc4)cc23)c1,25.0,CHEMBL677833,CHEMBL424093,CHEMBL203
N#C/C(=C\c1ccc(O)c(O)c1)C(N)=S,2400.0,CHEMBL674643,CHEMBL77030,CHEMBL203
CC(C)(C)c1cc(C=C(C#N)C#N)cc(C(C)(C)C)c1O,460000.0,CHEMBL674643,CHEMBL78150,CHEMBL203
Cc1cc(C(=O)NCCN2CCOCC2)[nH]c1/C=C1\C(=O)Nc2ncnc(Nc3ccc4c(ccn4Cc4ccccc4)c3)c21,1.1,CHEMBL674637,CHEMBL264382,CHEMBL203
O=C(O)C(=Cc1ccc(O)cc1)C(=O)O,1500000.0,CHEMBL674643,CHEMBL308133,CHEMBL203
COc1cc(C=C(C#N)C#N)cc([N+](=O)[O-])c1O,160000.0,CHEMBL674643,CHEMBL307179,CHEMBL203
Cc1[nH]c(/C=C2\C(=O)Nc3ncnc(Nc4ccc(F)c(Cl)c4)c32)c(C)c1CCC(=O)O,180.0,CHEMBL674637,CHEMBL305782,CHEMBL203
CCN(CC)CCNC(=O)c1cc(C)c(/C=C2\C(=O)Nc3ncnc(Nc4ccc(Cl)cc4F)c32)[nH]1,450.0,CHEMBL674637,CHEMBL308672,CHEMBL203
Cc1cccc(Nc2ncnc3ccc(/N=N/N(C)C)cc23)c1,24.0,CHEMBL677833,CHEMBL133023,CHEMBL203
N#CC(C#N)=Cc1cccc(O)c1,375000.0,CHEMBL674643,CHEMBL310400,CHEMBL203
COCC/N=N/Nc1ccc2ncnc(Nc3cccc(Br)c3)c2c1,71.0,CHEMBL677833,CHEMBL136674,CHEMBL203
N#C/C(=C\c1ccc(O)c(O)c1)C(=O)O,25000.0,CHEMBL674643,CHEMBL73820,CHEMBL203
N#CC(C#N)=C(O)c1ccc(O)cc1,230000.0,CHEMBL674643,CHEMBL79064,CHEMBL203
N#CC(C#N)=C(N)/C(C#N)=C/c1cc(O)c(O)c(Br)c1,500.0,CHEMBL674643,CHEMBL77803,CHEMBL203
N#C/C=C/c1ccc(O)cc1,2400000.0,CHEMBL674643,CHEMBL75718,CHEMBL203
COc1cc(C=C(C#N)C#N)cc(Br)c1O,153000.0,CHEMBL674643,CHEMBL77298,CHEMBL203
COc1cccc(-c2ccc3c(c2)NC(=O)/C3=C\c2[nH]c3c(c2CCC(=O)O)CCCC3)c1,8880.0,CHEMBL679949,CHEMBL432941,CHEMBL203
COc1cc(Nc2c(C#N)cnc3cc(-c4ccc(CN5CCOCC5)cc4)ccc23)c(Cl)cc1Cl,3000.0,CHEMBL674698,CHEMBL322395,CHEMBL203
O=C(O)CCc1c(/C=C2\C(=O)Nc3ccc(C(=O)O)cc32)[nH]c2c1CCCC2,56500.0,CHEMBL679949,CHEMBL431996,CHEMBL203
NS(=O)(=O)c1ccc2c(c1)/C(=C/c1[nH]c3c(c1CCC(=O)O)CCCC3)C(=O)N2,29100.0,CHEMBL679949,CHEMBL86531,CHEMBL203
C=CC(=O)N(CCN(C)C)c1cc2c(Nc3cccc(Br)c3)ncnc2cn1,4.2,CHEMBL673925,CHEMBL138691,CHEMBL203
C=CC(=O)N(CCN(C)C)c1cc2c(Nc3cccc(Br)c3)ncnc2cn1,2282.0,CHEMBL677216,CHEMBL138691,CHEMBL203
C=CC(=O)N(CCCN1CCOCC1)c1ccc2ncnc(Nc3cccc(Br)c3)c2c1,3.3,CHEMBL673925,CHEMBL139307,CHEMBL203
C=CC(=O)N(CCCN1CCOCC1)c1ccc2ncnc(Nc3cccc(Br)c3)c2c1,194.0,CHEMBL677216,CHEMBL139307,CHEMBL203
CCn1c(=O)c(-c2c(Cl)cccc2Cl)cc2cnc(Nc3ccccc3)nc21,200.0,CHEMBL680019,CHEMBL322298,CHEMBL203
Cn1c(=O)c(-c2c(Cl)cccc2Cl)cc2cnc(Nc3cccc(Br)c3)nc21,670.0,CHEMBL680019,CHEMBL111434,CHEMBL203
COc1cccc(Nc2ncc3cc(-c4c(Cl)cccc4Cl)c(=O)n(C)c3n2)c1,30.0,CHEMBL680019,CHEMBL111197,CHEMBL203
O=C(/C=C/C(=O)Nc1cc2c(Nc3cccc(Br)c3)ncnc2cn1)NCCCN1CCOCC1,0.81,CHEMBL673925,CHEMBL136058,CHEMBL203
O=C(/C=C/C(=O)Nc1cc2c(Nc3cccc(Br)c3)ncnc2cn1)NCCCN1CCOCC1,8.8,CHEMBL677216,CHEMBL136058,CHEMBL203
O=C(/C=C/C(=O)Nc1cc2c(Nc3cccc(Br)c3)ncnc2cn1)NCCCN1CCOCC1,8.8,CHEMBL677213,CHEMBL136058,CHEMBL203
COc1cc2ncnc(Nc3ccc(F)c(Cl)c3)c2cc1OCCCN1CCOCC1,515.0,CHEMBL683041,CHEMBL939,CHEMBL203
C#Cc1cccc(Nc2c(C#N)cnc3cc(OCCOC)c(OCCOC)cc23)c1,850.0,CHEMBL683041,CHEMBL95320,CHEMBL203
COc1cccc2c(C(=O)Nc3ccccc3)c(SSc3c(C(=O)Nc4ccccc4)c4cccc(OC)c4n3C)n(C)c12,6500.0,CHEMBL677391,CHEMBL292323,CHEMBL203
C=CC(=O)Nc1cc2c(Nc3ccc(F)c(Cl)c3)ncnc2cc1OCCCN1CCOCC1.Cl.Cl,1.5,CHEMBL673925,CHEMBL545315,CHEMBL203
C=CC(=O)Nc1cc2c(Nc3ccc(F)c(Cl)c3)ncnc2cc1OCCCN1CCOCC1.Cl.Cl,7.4,CHEMBL677216,CHEMBL545315,CHEMBL203
C=CC(=O)Nc1cc2c(Nc3ccc(F)c(Cl)c3)ncnc2cc1OCCCN1CCOCC1.Cl.Cl,7.4,CHEMBL677213,CHEMBL545315,CHEMBL203
COc1ccc(Nc2ncc3cc(-c4c(Cl)cccc4Cl)c(=O)n(C)c3n2)cn1,1300.0,CHEMBL680019,CHEMBL111365,CHEMBL203
CCOC(=O)/C=C/C(=O)Nc1cc2c(Nc3cccc(Br)c3)ncnc2cn1,1.5,CHEMBL673925,CHEMBL422292,CHEMBL203
CCOC(=O)/C=C/C(=O)Nc1cc2c(Nc3cccc(Br)c3)ncnc2cn1,51.0,CHEMBL677216,CHEMBL422292,CHEMBL203
COc1ccc(Nc2ncc3cc(-c4c(Cl)cccc4Cl)c(=O)n(C)c3n2)cc1C,250.0,CHEMBL680019,CHEMBL113023,CHEMBL203
Cn1c(SSc2c(C(=O)Nc3ccccc3)c3ccccc3n2C)c(C(=O)Nc2ccccc2)c2ccccc21,10000.0,CHEMBL677391,CHEMBL304414,CHEMBL203
CN1CCN(CCCCCNc2ncc3cc(-c4c(Cl)cccc4Cl)c(=O)n(C)c3n2)CC1,4500.0,CHEMBL680019,CHEMBL106232,CHEMBL203
Cn1c(=O)c(-c2c(Cl)cccc2Cl)cc2cnc(Nc3cccc(CO)c3)nc21,90.0,CHEMBL680019,CHEMBL327127,CHEMBL203
O=C(CCc1c(SSc2[nH]c3ccccc3c2CCC(=O)NCc2ccccc2)[nH]c2ccccc12)NCc1ccccc1,850.0,CHEMBL677390,CHEMBL293261,CHEMBL203
O=C1NC(=O)c2cc(Nc3ccc(O)cc3)c(Nc3ccc(O)cc3)cc21,2500.0,CHEMBL679549,CHEMBL267019,CHEMBL203
C=CC(=O)Nc1ccc2ncnc(Nc3cccc(Br)c3)c2c1,0.7,CHEMBL673925,CHEMBL285063,CHEMBL203
C=CC(=O)Nc1ccc2ncnc(Nc3cccc(Br)c3)c2c1,2.7,CHEMBL677216,CHEMBL285063,CHEMBL203
C/C=C/C(=O)Nc1cc2c(Nc3cccc(Br)c3)ncnc2cn1,0.5,CHEMBL673925,CHEMBL136404,CHEMBL203
C/C=C/C(=O)Nc1cc2c(Nc3cccc(Br)c3)ncnc2cn1,7.7,CHEMBL677216,CHEMBL136404,CHEMBL203
Cn1c(SSc2c(C(=O)Nc3ccccc3)c3cc(C#N)ccc3n2C)c(C(=O)Nc2ccccc2)c2cc(C#N)ccc21,54100.0,CHEMBL677391,CHEMBL291979,CHEMBL203
Cn1c(SSc2c(C(=O)Nc3ccccc3)c3cccc(O)c3n2C)c(C(=O)Nc2ccccc2)c2cccc(O)c21,100000.0,CHEMBL677391,CHEMBL62843,CHEMBL203
C=CC(=O)N(C)c1cc2c(Nc3cccc(Br)c3)ncnc2cn1,0.17,CHEMBL673925,CHEMBL334697,CHEMBL203
CCN(CC)CCCNC(=O)/C=C/C(=O)Nc1cc2c(Nc3cccc(Br)c3)ncnc2cn1,0.73,CHEMBL673925,CHEMBL434827,CHEMBL203
CCN(CC)CCCNC(=O)/C=C/C(=O)Nc1cc2c(Nc3cccc(Br)c3)ncnc2cn1,21.0,CHEMBL677216,CHEMBL434827,CHEMBL203
CCN(CC)CCCNC(=O)/C=C/C(=O)Nc1cc2c(Nc3cccc(Br)c3)ncnc2cn1,21.0,CHEMBL679948,CHEMBL434827,CHEMBL203
Cn1c(SSc2c(C(=O)Nc3ccccc3)c3cc([N+](=O)[O-])ccc3n2C)c(C(=O)Nc2ccccc2)c2cc([N+](=O)[O-])ccc21,5000.0,CHEMBL677391,CHEMBL64430,CHEMBL203
C=CC(=O)N(CCCN1CCOCC1)c1cc2c(Nc3cccc(Br)c3)ncnc2cn1,2.7,CHEMBL673925,CHEMBL137082,CHEMBL203
C=CC(=O)N(CCCN1CCOCC1)c1cc2c(Nc3cccc(Br)c3)ncnc2cn1,156.0,CHEMBL677216,CHEMBL137082,CHEMBL203
COc1cc(Nc2ncc3cc(-c4c(Cl)cccc4Cl)c(=O)n(C)c3n2)cc(OC)c1,330.0,CHEMBL680019,CHEMBL324926,CHEMBL203
CN1C(=S)C(C(=O)Nc2ccccc2)c2ccccc21,1000.0,CHEMBL677391,CHEMBL62176,CHEMBL203
C=C(C)C(=O)Nc1cc2c(Nc3cccc(Br)c3)ncnc2cn1,1.6,CHEMBL673925,CHEMBL138363,CHEMBL203
C=C(C)C(=O)Nc1cc2c(Nc3cccc(Br)c3)ncnc2cn1,44.0,CHEMBL677216,CHEMBL138363,CHEMBL203
C/C=C/C(=O)Nc1ccc2ncnc(Nc3cccc(Br)c3)c2c1,0.55,CHEMBL673925,CHEMBL93464,CHEMBL203
C/C=C/C(=O)Nc1ccc2ncnc(Nc3cccc(Br)c3)c2c1,8.7,CHEMBL677216,CHEMBL93464,CHEMBL203
C=CC(=O)Nc1cc2c(Nc3ccc(F)c(Cl)c3)ncnc2cc1OCCCN1CCOCC1,74.0,CHEMBL683041,CHEMBL31965,CHEMBL203
CCOC(=O)/C=C/C(=O)Nc1ccc2ncnc(Nc3cccc(Br)c3)c2c1,2.7,CHEMBL673925,CHEMBL344486,CHEMBL203
CCOC(=O)/C=C/C(=O)Nc1ccc2ncnc(Nc3cccc(Br)c3)c2c1,64.0,CHEMBL677216,CHEMBL344486,CHEMBL203
O=C(/C=C/C(=O)Nc1cc2c(Nc3ccc(F)c(Cl)c3)ncnc2cn1)NCCCN1CCOCC1,0.61,CHEMBL673925,CHEMBL138940,CHEMBL203
O=C(/C=C/C(=O)Nc1cc2c(Nc3ccc(F)c(Cl)c3)ncnc2cn1)NCCCN1CCOCC1,14.0,CHEMBL677216,CHEMBL138940,CHEMBL203
O=C(/C=C/C(=O)Nc1cc2c(Nc3ccc(F)c(Cl)c3)ncnc2cn1)NCCCN1CCOCC1,14.0,CHEMBL677213,CHEMBL138940,CHEMBL203
Cn1c(=O)c(-c2c(Cl)cccc2Cl)cc2cnc(Nc3cccc(O)c3)nc21,150.0,CHEMBL680019,CHEMBL321193,CHEMBL203
CCOC(=O)CCCc1ccc(Nc2ncc3cc(-c4c(Cl)cccc4Cl)c(=O)n(C)c3n2)cc1,700.0,CHEMBL680019,CHEMBL419022,CHEMBL203
O=C(/C=C/Cl)Nc1cc2c(Nc3cccc(Br)c3)ncnc2cn1,0.69,CHEMBL673925,CHEMBL344177,CHEMBL203
O=C(/C=C/Cl)Nc1cc2c(Nc3cccc(Br)c3)ncnc2cn1,20.0,CHEMBL677216,CHEMBL344177,CHEMBL203
CC(=O)/C=C/C(=O)Nc1ccc2ncnc(Nc3cccc(Br)c3)c2c1,1.2,CHEMBL673925,CHEMBL136178,CHEMBL203
CC(=O)/C=C/C(=O)Nc1ccc2ncnc(Nc3cccc(Br)c3)c2c1,1039.0,CHEMBL677216,CHEMBL136178,CHEMBL203
C=CS(=O)(=O)Nc1ccc2ncnc(Nc3cccc(Br)c3)c2c1,1.4,CHEMBL673925,CHEMBL136511,CHEMBL203
C=CS(=O)(=O)Nc1ccc2ncnc(Nc3cccc(Br)c3)c2c1,2.7,CHEMBL677216,CHEMBL136511,CHEMBL203
O=c1c(-c2ccc(O)cc2)coc2cc(O)cc(O)c12,1000.0,CHEMBL679549,CHEMBL44,CHEMBL203
CN(C)CCCNC(=O)/C=C/C(=O)N(C)c1cc2c(Nc3cccc(Br)c3)ncnc2cn1,1.45,CHEMBL673925,CHEMBL136102,CHEMBL203
CN(C)CCCNC(=O)/C=C/C(=O)N(C)c1cc2c(Nc3cccc(Br)c3)ncnc2cn1,193.0,CHEMBL677216,CHEMBL136102,CHEMBL203
C=CS(=O)(=O)c1cc2c(Nc3cccc(Br)c3)ncnc2cn1,0.43,CHEMBL673925,CHEMBL336264,CHEMBL203
COc1ccc(Nc2ncc3cc(-c4c(Cl)cccc4Cl)c(=O)n(C)c3n2)cc1,220.0,CHEMBL680019,CHEMBL104153,CHEMBL203
C=CC(=O)Nc1cc2c(Nc3ccc(F)c(Cl)c3)c(C#N)cnc2cc1OCCCN1CCOCC1,80.0,CHEMBL683041,CHEMBL95774,CHEMBL203
O=C1NC(=O)c2cc(Nc3ccccc3)c(Nc3ccccc3)cc21,300.0,CHEMBL679549,CHEMBL268868,CHEMBL203
CN(c1ccccc1)c1cc2c(cc1Nc1ccccc1)C(=O)NC2=O,8700.0,CHEMBL679549,CHEMBL7775,CHEMBL203
CC(=O)Oc1ccc2c(c1)c(C(=O)Nc1ccccc1)c(SSc1c(C(=O)Nc3ccccc3)c3cc(OC(C)=O)ccc3n1C)n2C,5300.0,CHEMBL677391,CHEMBL61119,CHEMBL203
O=S(=O)(CCO)c1cc2c(Nc3cccc(Br)c3)ncnc2cn1,93.5,CHEMBL673925,CHEMBL335440,CHEMBL203
Cn1c(=O)c(-c2c(Cl)cccc2Cl)cc2cnc(Nc3ccc(CC(=O)O)cc3)nc21,220.0,CHEMBL680019,CHEMBL50647,CHEMBL203
COc1ccccc1Nc1ncc2cc(-c3c(Cl)cccc3Cl)c(=O)n(C)c2n1,66.0,CHEMBL680019,CHEMBL320705,CHEMBL203
Cn1c(=O)c(-c2c(Cl)cccc2Cl)cc2cnc(NCCCCCC(=O)O)nc21,1000.0,CHEMBL680019,CHEMBL113863,CHEMBL203
C#Cc1cccc(Nc2ncnc3cc(OCCOC)c(OCCOC)cc23)c1,1450.0,CHEMBL683041,CHEMBL553,CHEMBL203
C=C(C)C(=O)Nc1ccc2ncnc(Nc3cccc(Br)c3)c2c1,1.2,CHEMBL673925,CHEMBL92086,CHEMBL203
C=C(C)C(=O)Nc1ccc2ncnc(Nc3cccc(Br)c3)c2c1,16.0,CHEMBL677216,CHEMBL92086,CHEMBL203
Cn1c(=O)c(-c2c(Cl)cccc2Cl)cc2cnc(Nc3cccc(C(=O)O)c3)nc21,190.0,CHEMBL680019,CHEMBL109631,CHEMBL203
Cn1c(SSc2c(C(=O)Nc3ccccc3)c3ccc(O)cc3n2C)c(C(=O)Nc2ccccc2)c2ccc(O)cc21,44000.0,CHEMBL677391,CHEMBL293913,CHEMBL203
Cc1ccc(Nc2cc3c(cc2Nc2ccc(C)cc2)C(=O)NC3=O)cc1,2500.0,CHEMBL679549,CHEMBL7914,CHEMBL203
CN(C)CCCNC(=O)/C=C/C(=O)Nc1cc2c(Nc3cccc(Br)c3)ncnc2cn1,1.1,CHEMBL673925,CHEMBL334801,CHEMBL203
CN(C)CCCNC(=O)/C=C/C(=O)Nc1cc2c(Nc3cccc(Br)c3)ncnc2cn1,57.0,CHEMBL677216,CHEMBL334801,CHEMBL203
CN(C)CCCNC(=O)/C=C/C(=O)Nc1cc2c(Nc3cccc(Br)c3)ncnc2cn1,57.0,CHEMBL679948,CHEMBL334801,CHEMBL203
Cn1c(=O)c(-c2c(Cl)cccc2Cl)cc2cnc(Nc3cccnc3)nc21,510.0,CHEMBL680019,CHEMBL325589,CHEMBL203
COc1cc2ncc(C#N)c(Nc3ccc(F)c(Cl)c3)c2cc1OCCCN1CCOCC1,1040.0,CHEMBL683041,CHEMBL99024,CHEMBL203
CC(=O)Oc1cccc2c1c(C(=O)Nc1ccccc1)c(SSc1c(C(=O)Nc3ccccc3)c3c(OC(C)=O)cccc3n1C)n2C,20000.0,CHEMBL677391,CHEMBL59812,CHEMBL203
O=C(/C=C/c1ccccc1)Nc1cc2c(Nc3cccc(Br)c3)ncnc2cn1,9.1,CHEMBL673925,CHEMBL434828,CHEMBL203
O=C(/C=C/c1ccccc1)Nc1cc2c(Nc3cccc(Br)c3)ncnc2cn1,77.0,CHEMBL677216,CHEMBL434828,CHEMBL203
Cn1c(=O)c(-c2c(Cl)cccc2Cl)cc2cnc(N)nc21,5600.0,CHEMBL680019,CHEMBL49596,CHEMBL203
Cn1c(SSc2c(C(=O)Nc3ccccc3)c3cc(O)ccc3n2C)c(C(=O)Nc2ccccc2)c2cc(O)ccc21,40500.0,CHEMBL677391,CHEMBL293250,CHEMBL203
Cn1c(SSc2c(C(=O)Nc3ccccc3)c3cccnc3n2C)c(C(=O)Nc2ccccc2)c2cccnc21,22300.0,CHEMBL677391,CHEMBL62701,CHEMBL203
C=CC(=O)Nc1cc2c(Nc3cccc(Br)c3)ncnc2cn1,0.91,CHEMBL673925,CHEMBL51659,CHEMBL203
C=CC(=O)Nc1cc2c(Nc3cccc(Br)c3)ncnc2cn1,3.4,CHEMBL677216,CHEMBL51659,CHEMBL203
O=C(/C=C/C(F)(F)F)Nc1ccc2ncnc(Nc3cccc(Br)c3)c2c1,1.75,CHEMBL673925,CHEMBL135142,CHEMBL203
O=C(/C=C/C(F)(F)F)Nc1ccc2ncnc(Nc3cccc(Br)c3)c2c1,35.0,CHEMBL677216,CHEMBL135142,CHEMBL203
C=C=CC(=O)Nc1ccc2ncnc(Nc3cccc(Br)c3)c2c1,1.6,CHEMBL673925,CHEMBL343722,CHEMBL203
C=C=CC(=O)Nc1ccc2ncnc(Nc3cccc(Br)c3)c2c1,120.0,CHEMBL677216,CHEMBL343722,CHEMBL203
CCn1c(=O)c(-c2c(Cl)cccc2Cl)cc2cnc(Nc3ccncc3)nc21,490.0,CHEMBL680019,CHEMBL448154,CHEMBL203
CCN(CC)CCCNc1ncc2cc(-c3c(Cl)cccc3Cl)c(=O)n(C)c2n1,1400.0,CHEMBL680019,CHEMBL50470,CHEMBL203
CN1CCN(CCCCNc2ncc3cc(-c4c(Cl)cccc4Cl)c(=O)n(C)c3n2)CC1,210.0,CHEMBL680019,CHEMBL104244,CHEMBL203
Cn1c(SSc2c(C(=O)Nc3ccccc3)c3cc(Cl)ccc3n2C)c(C(=O)Nc2ccccc2)c2cc(Cl)ccc21,4300.0,CHEMBL677391,CHEMBL293889,CHEMBL203
CN(C)CCCOC(=O)/C=C/C(=O)Nc1ccc2ncnc(Nc3cccc(Br)c3)c2c1,2.4,CHEMBL673925,CHEMBL140561,CHEMBL203
CN(C)CCCOC(=O)/C=C/C(=O)Nc1ccc2ncnc(Nc3cccc(Br)c3)c2c1,108.0,CHEMBL677216,CHEMBL140561,CHEMBL203
CN(C)CCCOC(=O)/C=C/C(=O)Nc1ccc2ncnc(Nc3cccc(Br)c3)c2c1,108.0,CHEMBL679948,CHEMBL140561,CHEMBL203
C=C[S+]([O-])c1cc2c(Nc3cccc(Br)c3)ncnc2cn1,4.6,CHEMBL673925,CHEMBL345077,CHEMBL203
C=C[S+]([O-])c1cc2c(Nc3cccc(Br)c3)ncnc2cn1,340.0,CHEMBL677216,CHEMBL345077,CHEMBL203
CNc1ncc2cc(-c3c(Cl)cccc3Cl)c(=O)n(C)c2n1,7500.0,CHEMBL680019,CHEMBL107472,CHEMBL203
C=C/C=C/C(=O)Nc1cc2c(Nc3cccc(Br)c3)ncnc2cn1,1.1,CHEMBL673925,CHEMBL139044,CHEMBL203
C=C/C=C/C(=O)Nc1cc2c(Nc3cccc(Br)c3)ncnc2cn1,27.0,CHEMBL677216,CHEMBL139044,CHEMBL203
C=CS(=O)(=O)Nc1cc2c(Nc3cccc(Br)c3)ncnc2cn1,0.76,CHEMBL673925,CHEMBL139095,CHEMBL203
C=CS(=O)(=O)Nc1cc2c(Nc3cccc(Br)c3)ncnc2cn1,2.4,CHEMBL677216,CHEMBL139095,CHEMBL203
Cn1c(=O)c(-c2c(Cl)cccc2Cl)cc2cnc(Nc3ccc(CCCC(=O)O)cc3)nc21,80.0,CHEMBL680019,CHEMBL113070,CHEMBL203
Cn1c(=O)c(-c2c(Cl)cccc2Cl)cc2cnc(Nc3ccncc3)nc21,910.0,CHEMBL680019,CHEMBL104779,CHEMBL203
O=C(O)/C=C/C(=O)Nc1ccc2ncnc(Nc3cccc(Br)c3)c2c1,0.37,CHEMBL673925,CHEMBL134371,CHEMBL203
Cn1c(=O)c(-c2c(Cl)cccc2Cl)cc2cnc(Nc3ccccc3)nc21,260.0,CHEMBL680019,CHEMBL301612,CHEMBL203
Cn1c(SSc2c(C(=O)Nc3ccccc3)c3cc(Br)ccc3n2C)c(C(=O)Nc2ccccc2)c2cc(Br)ccc21,11400.0,CHEMBL677391,CHEMBL293251,CHEMBL203
COc1ccc2c(C(=O)Nc3ccccc3)c(SSc3c(C(=O)Nc4ccccc4)c4ccc(OC)cc4n3C)n(C)c2c1,3600.0,CHEMBL677391,CHEMBL60472,CHEMBL203
O=C(/C=C/C(=O)Nc1cc2c(Nc3cccc(Br)c3)ncnc2cn1)NCCCn1ccnc1,0.56,CHEMBL673925,CHEMBL342828,CHEMBL203
O=C(/C=C/C(=O)Nc1cc2c(Nc3cccc(Br)c3)ncnc2cn1)NCCCn1ccnc1,14.0,CHEMBL677216,CHEMBL342828,CHEMBL203
O=C(/C=C/C(=O)Nc1cc2c(Nc3cccc(Br)c3)ncnc2cn1)NCCCn1ccnc1,14.0,CHEMBL677213,CHEMBL342828,CHEMBL203
CN1CCN(CCCNc2ncc3cc(-c4c(Cl)cccc4Cl)c(=O)n(C)c3n2)CC1,8700.0,CHEMBL680019,CHEMBL299194,CHEMBL203
CC(=O)Oc1cccc2c(C(=O)Nc3ccccc3)c(SSc3c(C(=O)Nc4ccccc4)c4cccc(OC(C)=O)c4n3C)n(C)c12,9900.0,CHEMBL677391,CHEMBL291359,CHEMBL203
CCNc1ncc2cc(-c3c(Cl)cccc3Cl)c(=O)n(C)c2n1,4500.0,CHEMBL680019,CHEMBL109296,CHEMBL203
Cc1ccc(Nc2ncc3cc(-c4c(Cl)cccc4Cl)c(=O)n(C)c3n2)cc1,480.0,CHEMBL680019,CHEMBL111339,CHEMBL203
O=C1NC(=O)c2cc(Nc3ccc(F)cc3)c(Nc3ccc(F)cc3)cc21,700.0,CHEMBL679549,CHEMBL7939,CHEMBL203
COc1ccc(Nc2cc3c(cc2Nc2ccccc2)C(=O)NC3=O)cc1,2000.0,CHEMBL679549,CHEMBL8095,CHEMBL203
CN(C)CCCNC(=O)/C=C/C(=O)Nc1ccc2ncnc(Nc3cccc(Br)c3)c2c1,0.44,CHEMBL673925,CHEMBL345109,CHEMBL203
CN(C)CCCNC(=O)/C=C/C(=O)Nc1ccc2ncnc(Nc3cccc(Br)c3)c2c1,59.0,CHEMBL677216,CHEMBL345109,CHEMBL203
CN(C)CCCNC(=O)/C=C/C(=O)Nc1ccc2ncnc(Nc3cccc(Br)c3)c2c1,59.0,CHEMBL679948,CHEMBL345109,CHEMBL203
CCOc1cc2ncc(C#N)c(Nc3ccc(F)c(Cl)c3)c2cc1NC(=O)/C=C/CN(C)C,83.0,CHEMBL683041,CHEMBL607707,CHEMBL203
Cn1c(SSc2c(C(=O)Nc3ccccc3)c3c(Cl)cccc3n2C)c(C(=O)Nc2ccccc2)c2c(Cl)cccc21,100000.0,CHEMBL677391,CHEMBL293986,CHEMBL203
CCN(CC)c1ccc(Nc2cc3c(cc2Nc2ccc(N(CC)CC)cc2)C(=O)NC3=O)cc1,50000.0,CHEMBL679549,CHEMBL8223,CHEMBL203
CCCCNc1ncc2cc(-c3c(Cl)cccc3Cl)c(=O)n(C)c2n1,4400.0,CHEMBL680019,CHEMBL332269,CHEMBL203
CN1CC[C@H](c2c(O)cc(O)c3c(=O)cc(-c4ccccc4Cl)oc23)[C@H](O)C1,7600.0,CHEMBL677888,CHEMBL428690,CHEMBL203
Oc1ccc2ncnc(Nc3ccc(OCc4ccccc4)cc3)c2c1,98.0,CHEMBL674106,CHEMBL14932,CHEMBL203
Brc1cccc(Nc2ncnc3cc4c(cnn4CCN4CCOCC4)cc23)c1,3.7,CHEMBL677389,CHEMBL38199,CHEMBL203
Brc1cccc(Nc2ncnc3cc4c(cnn4CCN4CCOCC4)cc23)c1,192.0,CHEMBL676156,CHEMBL38199,CHEMBL203
C#Cc1cccc(Nc2ncnc3cc(OCCOC)c(OCCOC)cc23)c1,1.0,CHEMBL674106,CHEMBL553,CHEMBL203
COc1cc2ncnc(Nc3ccc(F)c(Cl)c3)c2cc1OCCCN1CCOCC1,1.0,CHEMBL674106,CHEMBL939,CHEMBL203
COc1cc2ncnc(Nc3cccc(Br)c3)c2cc1OC,0.025,CHEMBL677389,CHEMBL29197,CHEMBL203
CN(C)Cc1c[nH]c2cc3ncnc(Nc4cccc(Br)c4)c3cc12,2.6,CHEMBL677389,CHEMBL287007,CHEMBL203
CN(C)Cc1c[nH]c2cc3ncnc(Nc4cccc(Br)c4)c3cc12,9.7,CHEMBL676156,CHEMBL287007,CHEMBL203
Brc1cccc(Nc2ccnc3ccccc23)c1,5500.0,CHEMBL677389,CHEMBL37346,CHEMBL203
CS(=O)(=O)CCNCCCCOc1ccc2ncnc(Nc3ccc(OCc4ccccc4)cc3)c2c1,74.0,CHEMBL674106,CHEMBL15346,CHEMBL203
COc1ccc2ncnc(Nc3ccc(OCc4ccccc4)cc3)c2c1,68.0,CHEMBL674106,CHEMBL15202,CHEMBL203
CS(=O)(=O)CCNCc1ccc(-c2ccc3ncnc(Nc4ccc(OCc5cccc(F)c5)c(Cl)c4)c3c2)o1,10.0,CHEMBL674106,CHEMBL554,CHEMBL203
O=C(O)Cn1ncc2cc3c(Nc4cccc(Br)c4)ncnc3cc21,53.0,CHEMBL677389,CHEMBL36819,CHEMBL203
O=C(O)Cn1ncc2cc3c(Nc4cccc(Br)c4)ncnc3cc21,1196.0,CHEMBL676156,CHEMBL36819,CHEMBL203
Brc1cccc(Nc2ncnc3cc4c(ccn4CCN4CCOCC4)cc23)c1,3.7,CHEMBL677389,CHEMBL40130,CHEMBL203
Brc1cccc(Nc2ncnc3cc4c(ccn4CCN4CCOCC4)cc23)c1,16.0,CHEMBL676156,CHEMBL40130,CHEMBL203
CCOc1cc2ncnc(Nc3cccc(Br)c3)c2cc1OCC,0.006,CHEMBL677389,CHEMBL35820,CHEMBL203
O=C(NCCCCOc1ccc2ncnc(Nc3ccc(OCc4ccccc4)cc3)c2c1)C(F)(F)F,74.0,CHEMBL674106,CHEMBL14627,CHEMBL203
Brc1cccc(Nc2ncnc3ccccc23)c1,27.0,CHEMBL677389,CHEMBL290096,CHEMBL203
CS(=O)(=O)CCNCCCCOc1ccc2ncnc(Nc3ccc(F)c(Cl)c3)c2c1,20.0,CHEMBL674106,CHEMBL460731,CHEMBL203
OCC(O)Cn1ncc2cc3c(Nc4cccc(Br)c4)ncnc3cc21,12.0,CHEMBL677389,CHEMBL37543,CHEMBL203
OCC(O)Cn1ncc2cc3c(Nc4cccc(Br)c4)ncnc3cc21,318.0,CHEMBL676156,CHEMBL37543,CHEMBL203
CN(C)CCCn1ccc2cc3c(Nc4cccc(Br)c4)ncnc3cc21,21.0,CHEMBL677389,CHEMBL287289,CHEMBL203
CN(C)CCCn1ccc2cc3c(Nc4cccc(Br)c4)ncnc3cc21,230.0,CHEMBL676156,CHEMBL287289,CHEMBL203
CS(=O)(=O)CCNCCCCOc1ccc2ncnc(Nc3ccc(OCc4cccc(F)c4)c(Cl)c3)c2c1,27.0,CHEMBL674106,CHEMBL514436,CHEMBL203
Cn1ncc2cc3c(Nc4cccc(Br)c4)ncnc3cc21,0.37,CHEMBL677389,CHEMBL39320,CHEMBL203
Cn1ncc2cc3c(Nc4cccc(Br)c4)ncnc3cc21,13.0,CHEMBL676156,CHEMBL39320,CHEMBL203
O=C(O)Cn1ccc2cc3c(Nc4cccc(Br)c4)ncnc3cc21,5.1,CHEMBL677389,CHEMBL289162,CHEMBL203
O=C(O)Cn1ccc2cc3c(Nc4cccc(Br)c4)ncnc3cc21,1780.0,CHEMBL676156,CHEMBL289162,CHEMBL203
CS(=O)(=O)CCNCCCOc1ccc2ncnc(Nc3ccc(OCc4ccccc4)cc3)c2c1,104.0,CHEMBL674106,CHEMBL14952,CHEMBL203
CN(C)CCn1ccc2cc3c(Nc4cccc(Br)c4)ncnc3cc21,41.0,CHEMBL677389,CHEMBL37373,CHEMBL203
CN(C)CCn1ccc2cc3c(Nc4cccc(Br)c4)ncnc3cc21,145.0,CHEMBL676156,CHEMBL37373,CHEMBL203
COC(=O)CN(C)Cc1c[nH]c2cc3ncnc(Nc4cccc(Br)c4)c3cc12,3.4,CHEMBL677389,CHEMBL39715,CHEMBL203
COC(=O)CN(C)Cc1c[nH]c2cc3ncnc(Nc4cccc(Br)c4)c3cc12,9.6,CHEMBL676156,CHEMBL39715,CHEMBL203
CN(CC(=O)O)Cc1c[nH]c2cc3ncnc(Nc4cccc(Br)c4)c3cc12,0.72,CHEMBL677389,CHEMBL289213,CHEMBL203
CN(CC(=O)O)Cc1c[nH]c2cc3ncnc(Nc4cccc(Br)c4)c3cc12,584.0,CHEMBL676156,CHEMBL289213,CHEMBL203
CS(=O)(=O)CCN(CCCCOc1ccc2ncnc(Nc3ccc(OCc4ccccc4)cc3)c2c1)C(=O)C(F)(F)F,263.0,CHEMBL674106,CHEMBL273789,CHEMBL203
C#Cc1cccc(Nc2ncnc3ccc(OCCCCNCCS(C)(=O)=O)cc23)c1,11.0,CHEMBL674106,CHEMBL517907,CHEMBL203
CS(=O)(=O)CCNCCCCOc1ccc2ncnc(Nc3ccc(S(=O)(=O)c4ccccc4)cc3)c2c1,93.0,CHEMBL674106,CHEMBL460732,CHEMBL203
C=CCOc1ccc2ncnc(Nc3ccc(OCc4ccccc4)cc3)c2c1,79.0,CHEMBL674106,CHEMBL540701,CHEMBL203
CN(C)CCn1ncc2cc3c(Nc4cccc(Br)c4)ncnc3cc21,40.0,CHEMBL677389,CHEMBL287832,CHEMBL203
CN(C)CCn1ncc2cc3c(Nc4cccc(Br)c4)ncnc3cc21,262.0,CHEMBL676156,CHEMBL287832,CHEMBL203
Brc1cccc(Nc2ncnc3cc4[nH]ncc4cc23)c1,0.44,CHEMBL677389,CHEMBL39337,CHEMBL203
Brc1cccc(Nc2ncnc3cc4[nH]ncc4cc23)c1,20.0,CHEMBL676156,CHEMBL39337,CHEMBL203
Brc1cccc(Nc2ncnc3cc4[nH]ncc4cc23)c1,0.44,CHEMBL676158,CHEMBL39337,CHEMBL203
Brc1cccc(Nc2ncnc3cc4[nH]ccc4cc23)c1,0.44,CHEMBL677389,CHEMBL40734,CHEMBL203
Brc1cccc(Nc2ncnc3cc4[nH]ccc4cc23)c1,22.0,CHEMBL676156,CHEMBL40734,CHEMBL203
Brc1cccc(Nc2ncnc3cc4[nH]ccc4cc23)c1,0.44,CHEMBL676158,CHEMBL40734,CHEMBL203
CN(C)CCN(C)Cc1c[nH]c2cc3ncnc(Nc4cccc(Br)c4)c3cc12,7.5,CHEMBL677389,CHEMBL39811,CHEMBL203
CN(C)CCN(C)Cc1c[nH]c2cc3ncnc(Nc4cccc(Br)c4)c3cc12,81.0,CHEMBL676156,CHEMBL39811,CHEMBL203
Cn1ccc2cc3c(Nc4cccc(Br)c4)ncnc3cc21,0.8,CHEMBL677389,CHEMBL36727,CHEMBL203
Cn1ccc2cc3c(Nc4cccc(Br)c4)ncnc3cc21,22.0,CHEMBL676156,CHEMBL36727,CHEMBL203
Brc1cccc(Nc2ncnc3cc4c(cnn4CCCN4CCOCC4)cc23)c1,8.8,CHEMBL677389,CHEMBL39355,CHEMBL203
Brc1cccc(Nc2ncnc3cc4c(cnn4CCCN4CCOCC4)cc23)c1,77.0,CHEMBL676156,CHEMBL39355,CHEMBL203
CS(=O)(=O)CCNCCCCOc1ccc2ncnc(Nc3ccc4c(cnn4Cc4cccc(F)c4)c3)c2c1,24.0,CHEMBL674106,CHEMBL493428,CHEMBL203
c1ccc(Nc2ncnc3ccccc23)cc1,346.0,CHEMBL677389,CHEMBL289959,CHEMBL203
CN(CCCOc1ccc2ncnc(Nc3ccc(OCc4ccccc4)cc3)c2c1)CCS(C)(=O)=O,830.0,CHEMBL674106,CHEMBL14874,CHEMBL203
OCC(O)Cn1ccc2cc3c(Nc4cccc(Br)c4)ncnc3cc21,1.6,CHEMBL677389,CHEMBL416611,CHEMBL203
OCC(O)Cn1ccc2cc3c(Nc4cccc(Br)c4)ncnc3cc21,49.0,CHEMBL676156,CHEMBL416611,CHEMBL203
Brc1cccc(Nc2ncnc3cc4[nH]cc(CN5CCOCC5)c4cc23)c1,4.8,CHEMBL677389,CHEMBL36967,CHEMBL203
Brc1cccc(Nc2ncnc3cc4[nH]cc(CN5CCOCC5)c4cc23)c1,9.6,CHEMBL676156,CHEMBL36967,CHEMBL203
OCCN(CCO)Cc1c[nH]c2cc3ncnc(Nc4cccc(Br)c4)c3cc12,3.5,CHEMBL677389,CHEMBL36164,CHEMBL203
OCCN(CCO)Cc1c[nH]c2cc3ncnc(Nc4cccc(Br)c4)c3cc12,135.0,CHEMBL676156,CHEMBL36164,CHEMBL203
CN1CC[C@H](c2c(O)cc(O)c3c(=O)cc(-c4ccccc4Cl)oc23)[C@H](O)C1,22000.0,CHEMBL873605,CHEMBL428690,CHEMBL203
COC(=O)[C@@]1(Cc2ccc(O)c(CC=C(C)C)c2)OC(=O)C(O)=C1c1ccc(O)cc1,590000.0,CHEMBL873605,CHEMBL1242973,CHEMBL203
Cn1cnc2c(NCc3ccccc3)nc(NCCO)nc21,440000.0,CHEMBL873605,CHEMBL280074,CHEMBL203
CO[C@H]1[C@@H](N(C)C(=O)c2ccccc2)C[C@@H]2O[C@@]1(C)n1c3ccccc3c3c4c(c5c6ccccc6n2c5c31)C(=O)NC4,1900.0,CHEMBL677890,CHEMBL338448,CHEMBL203
CO[C@H]1[C@@H](N(C)C(=O)c2ccc(Cl)cc2)C[C@@H]2O[C@@]1(C)n1c3ccccc3c3c4c(c5c6ccccc6n2c5c31)C(=O)NC4,7000.0,CHEMBL677890,CHEMBL131715,CHEMBL203
CO[C@H]1[C@@H](N(C)C(=O)c2ccc(C(=O)O)cc2)C[C@@H]2O[C@@]1(C)n1c3ccccc3c3c4c(c5c6ccccc6n2c5c31)C(=O)NC4,110.0,CHEMBL677890,CHEMBL435809,CHEMBL203
Cc1cccc(C)c1-c1cc2cnc(N)nc2nc1NC(=O)NC(C)(C)C,610.0,CHEMBL675521,CHEMBL57323,CHEMBL203
CN1CCN(CCCNc2ncc3cc(-c4c(Cl)cccc4Cl)c(NC(=O)NC(C)(C)C)nc3n2)CC1,150.0,CHEMBL675521,CHEMBL57347,CHEMBL203
Cc1cc(C)c(C)c(-c2cc3cnc(NCCCN4CCN(C)CC4)nc3nc2NC(=O)NC(C)(C)C)c1C,7000.0,CHEMBL675521,CHEMBL75188,CHEMBL203
CO[C@H]1[C@@H](N(C)S(C)(=O)=O)C[C@@H]2O[C@@]1(C)n1c3ccccc3c3c4c(c5c6ccccc6n2c5c31)C(=O)NC4,1100.0,CHEMBL677890,CHEMBL131020,CHEMBL203
CO[C@H]1[C@@H](N(C)C(=O)c2ccccc2Cl)C[C@@H]2O[C@@]1(C)n1c3ccccc3c3c4c(c5c6ccccc6n2c5c31)C(=O)NC4,4700.0,CHEMBL677890,CHEMBL131590,CHEMBL203
CS(=O)(=O)CCNc1nc(-c2ccc3ncnc(Nc4ccc(OCc5ccccc5)c(Cl)c4)c3c2)cs1,8.0,CHEMBL680015,CHEMBL160846,CHEMBL203
O=P(O)(O)C(O)c1ccc2ccccc2c1,250000.0,CHEMBL675520,CHEMBL26001,CHEMBL203
COC(=O)CN(C)[C@H]1C[C@@H]2O[C@](C)([C@H]1OC)n1c3ccccc3c3c4c(c5c6ccccc6n2c5c31)C(=O)NC4,1300.0,CHEMBL677890,CHEMBL444337,CHEMBL203
CS(=O)(=O)CCNc1nc(-c2ccc3ncnc(Nc4ccc(OCc5ccccc5)cc4)c3c2)cs1,82.0,CHEMBL680015,CHEMBL422347,CHEMBL203
CO[C@H]1[C@@H](N(C)CCC#N)C[C@@H]2O[C@@]1(C)n1c3ccccc3c3c4c(c5c6ccccc6n2c5c31)C(=O)NC4,1100.0,CHEMBL677890,CHEMBL131426,CHEMBL203
CS(=O)(=O)CCNc1nc(-c2ccc3ncnc(Nc4ccc5c(cnn5Cc5ccccc5)c4)c3c2)cs1,71.0,CHEMBL680015,CHEMBL160303,CHEMBL203
CO[C@H]1[C@@H](N(C)C(=O)CN)C[C@@H]2O[C@@]1(C)n1c3ccccc3c3c4c(c5c6ccccc6n2c5c31)C(=O)NC4,220.0,CHEMBL677890,CHEMBL338935,CHEMBL203
CS(=O)(=O)CCNc1nc(-c2ccc3ncnc(Nc4ccc(OCc5cccc(C(F)(F)F)c5)cc4)c3c2)cs1,540.0,CHEMBL680015,CHEMBL269620,CHEMBL203
CO[C@H]1[C@@H](N(C)C(=O)c2cccnc2)C[C@@H]2O[C@@]1(C)n1c3ccccc3c3c4c(c5c6ccccc6n2c5c31)C(=O)NC4,8180.0,CHEMBL677890,CHEMBL335012,CHEMBL203
CC(C)(C)NC(=O)Nc1nc2nc(N)ncc2cc1-c1ccccc1,5530.0,CHEMBL675380,CHEMBL76599,CHEMBL203
CCN(CC)CCCNc1ncc2cc(-c3c(Cl)cccc3Cl)c(NC(=O)NC(C)(C)C)nc2n1,6200.0,CHEMBL675521,CHEMBL299026,CHEMBL203
CO[C@H]1[C@@H](N(C)CC(=O)O)C[C@@H]2O[C@@]1(C)n1c3ccccc3c3c4c(c5c6ccccc6n2c5c31)C(=O)NC4,31.0,CHEMBL677890,CHEMBL132348,CHEMBL203
COc1ccc(C(=O)N(C)[C@H]2C[C@@H]3O[C@](C)([C@H]2OC)n2c4ccccc4c4c5c(c6c7ccccc7n3c6c42)C(=O)NC5)cc1,3600.0,CHEMBL677890,CHEMBL132169,CHEMBL203
CO[C@H]1[C@@H]([N+](C)(C)C)C[C@@H]2O[C@@]1(C)n1c3ccccc3c3c4c(c5c6ccccc6n2c5c31)C(=O)NC4,19.0,CHEMBL677890,CHEMBL335648,CHEMBL203
CS(=O)(=O)CCNc1nc(-c2ccc3ncnc(Nc4ccc(OCc5cccc(F)c5)c(Cl)c4)c3c2)cs1,10.0,CHEMBL680015,CHEMBL155761,CHEMBL203
CCN(CC)CCCCNc1ncc2cc(-c3c(Cl)cccc3Cl)c(NC(=O)NC(C)(C)C)nc2n1,240.0,CHEMBL675521,CHEMBL45827,CHEMBL203
CCCCC(O)CN(C)[C@H]1C[C@@H]2O[C@](C)([C@H]1OC)n1c3ccccc3c3c4c(c5c6ccccc6n2c5c31)C(=O)NC4,1300.0,CHEMBL677890,CHEMBL335718,CHEMBL203
CO[C@H]1[C@@H](N(C)C(C)=O)C[C@@H]2O[C@@]1(C)n1c3ccccc3c3c4c(c5c6ccccc6n2c5c31)C(=O)NC4,2600.0,CHEMBL677890,CHEMBL130163,CHEMBL203
CO[C@H]1[C@@H](N(C)C(=O)C(F)(F)F)C[C@@H]2O[C@@]1(C)n1c3ccccc3c3c4c(c5c6ccccc6n2c5c31)C(=O)NC4,6400.0,CHEMBL677890,CHEMBL335932,CHEMBL203
COC(=O)c1ccc(C(=O)N(C)[C@H]2C[C@@H]3O[C@](C)([C@H]2OC)n2c4ccccc4c4c5c(c6c7ccccc7n3c6c42)C(=O)NC5)cc1,7400.0,CHEMBL677890,CHEMBL336192,CHEMBL203
CS(=O)(=O)CCNc1nc(-c2ccc3ncnc(Nc4ccc(F)c(Cl)c4)c3c2)cs1,35.0,CHEMBL680015,CHEMBL157084,CHEMBL203
CN[C@@H]1C[C@H]2O[C@@](C)([C@@H]1OC)n1c3ccccc3c3c4c(c5c6ccccc6n2c5c31)C(=O)NC4,100.0,CHEMBL677890,CHEMBL388978,CHEMBL203
CCN(C)[C@H]1C[C@@H]2O[C@](C)([C@H]1OC)n1c3ccccc3c3c4c(c5c6ccccc6n2c5c31)C(=O)NC4,330.0,CHEMBL677890,CHEMBL129946,CHEMBL203
CO[C@H]1[C@@H](N(C)C(=O)CCC(=O)O)C[C@@H]2O[C@@]1(C)n1c3ccccc3c3c4c(c5c6ccccc6n2c5c31)C(=O)NC4,160.0,CHEMBL677890,CHEMBL337027,CHEMBL203
CO[C@H]1[C@@H](N(C)C(=O)OC(C)(C)C)C[C@@H]2O[C@@]1(C)n1c3ccccc3c3c4c(c5c6ccccc6n2c5c31)C(=O)NC4,13500.0,CHEMBL677890,CHEMBL338449,CHEMBL203
COC(=O)N(C)[C@H]1C[C@@H]2O[C@](C)([C@H]1OC)n1c3ccccc3c3c4c(c5c6ccccc6n2c5c31)C(=O)NC4,2400.0,CHEMBL677890,CHEMBL130049,CHEMBL203
Cc1cc(C)c(C)c(-c2cc3cnc(N)nc3nc2NC(=O)NC(C)(C)C)c1C,6680.0,CHEMBL675521,CHEMBL56236,CHEMBL203
CO[C@H]1[C@@H](N(C)C(=O)CNC(=O)OC(C)(C)C)C[C@@H]2O[C@@]1(C)n1c3ccccc3c3c4c(c5c6ccccc6n2c5c31)C(=O)NC4,3500.0,CHEMBL677890,CHEMBL335931,CHEMBL203
CN[C@H]1C[C@@H]2O[C@](C)([C@H]1OC)n1c3ccccc3c3c4c(c5c6ccccc6n2c5c31)C(=O)NC4=O,200.0,CHEMBL677890,CHEMBL337026,CHEMBL203
CC[N+](C)(C)[C@H]1C[C@@H]2O[C@](C)([C@H]1OC)n1c3ccccc3c3c4c(c5c6ccccc6n2c5c31)C(=O)NC4,43.0,CHEMBL677890,CHEMBL340611,CHEMBL203
CO[C@H]1[C@@H](N(C)C(=O)c2cccc(Cl)c2)C[C@@H]2O[C@@]1(C)n1c3ccccc3c3c4c(c5c6ccccc6n2c5c31)C(=O)NC4,4600.0,CHEMBL677890,CHEMBL338944,CHEMBL203
CC(C)(C)NC(=O)Nc1nc2nc(N)ncc2cc1-c1c(Cl)cccc1Cl,450.0,CHEMBL675521,CHEMBL57366,CHEMBL203
CO[C@H]1[C@@H](N(C)C(=O)c2cnccn2)C[C@@H]2O[C@@]1(C)n1c3ccccc3c3c4c(c5c6ccccc6n2c5c31)C(=O)NC4,8180.0,CHEMBL677890,CHEMBL337297,CHEMBL203
CN[C@H]1C[C@@H]2O[C@](C)([C@H]1OC)n1c3ccccc3c3c4c(c5c6ccccc6n2c5c31)C(=O)N[C@@H]4O,17.0,CHEMBL677890,CHEMBL338049,CHEMBL203
CCNC(=O)Nc1nc2nc(N)ncc2cc1-c1c(Cl)cccc1Cl,1360.0,CHEMBL675521,CHEMBL432738,CHEMBL203
CO[C@H]1[C@@H](N(C)Cc2ccccc2)C[C@@H]2O[C@@]1(C)n1c3ccccc3c3c4c(c5c6ccccc6n2c5c31)C(=O)NC4,910.0,CHEMBL677890,CHEMBL131193,CHEMBL203
CNC(=S)N(C)[C@H]1C[C@@H]2O[C@](C)([C@H]1OC)n1c3ccccc3c3c4c(c5c6ccccc6n2c5c31)C(=O)NC4,12500.0,CHEMBL677890,CHEMBL337035,CHEMBL203
CN[C@H]1C[C@@H]2O[C@](C)([C@H]1OC)n1c3ccccc3c3c4c(c5c6ccccc6n2c5c31)[C@H](O)NC4=O,260.0,CHEMBL677890,CHEMBL338155,CHEMBL203
CCNC(=O)Nc1nc2nc(NCCCCN(CC)CC)ncc2cc1-c1c(Cl)cccc1Cl,1260.0,CHEMBL675521,CHEMBL301483,CHEMBL203
CO[C@H]1[C@@H](N(C)C(=O)c2cccc([N+](=O)[O-])c2)C[C@@H]2O[C@@]1(C)n1c3ccccc3c3c4c(c5c6ccccc6n2c5c31)C(=O)NC4,4800.0,CHEMBL677890,CHEMBL130208,CHEMBL203
Cc1cc(C)c(C(=O)/C(C#N)=C/c2ccc(O)c(O)c2)c(C)c1,19054.61,CHEMBL676067,CHEMBL55993,CHEMBL203
Cc1cccc(C)c1NC(=O)/C(C#N)=C/c1ccc(O)c(O)c1,10232.93,CHEMBL676067,CHEMBL55360,CHEMBL203
N#C/C(=C\c1ccc(O)c(O)c1)C(=O)Nc1ccccc1,1258.93,CHEMBL676067,CHEMBL56731,CHEMBL203
COc1cc(/C=C(\C#N)C(N)=O)cc(CSc2ccc(C)cc2)c1O,1737.8,CHEMBL676067,CHEMBL333454,CHEMBL203
COc1cc(C=C(C#N)C#N)cc(CSc2ccccc2)c1O,6760.83,CHEMBL676067,CHEMBL122522,CHEMBL203
N#C/C(=C\c1ccc(O)c(O)c1)C(=O)Nc1ccccc1Cl,2089.3,CHEMBL676067,CHEMBL56219,CHEMBL203
COc1cc(/C=C(\C#N)C(N)=O)cc(CSc2nc3ccccc3o2)c1O,5248.07,CHEMBL676067,CHEMBL118205,CHEMBL203
COc1cc2c(Nc3ccc(Cl)cc3F)ncnc2cc1OCC1CCNCC1.Cl,300.0,CHEMBL677388,CHEMBL2448064,CHEMBL203
COc1cc2c(Nc3ccc(Cl)cc3F)ncnc2cc1OCCN(C)c1ccncc1,300.0,CHEMBL677388,CHEMBL25579,CHEMBL203
COc1cc2c(Nc3ccc(C#N)cc3F)ncnc2cc1OC/C=C/CN1CCCC1,800.0,CHEMBL677388,CHEMBL24026,CHEMBL203
COc1cc(/C=C(\C#N)C(N)=O)cc(CSc2ccccc2)c1O,398.11,CHEMBL676067,CHEMBL116595,CHEMBL203
COc1cc(/C=C(\C#N)C(N)=O)cc(CSC2=NCCS2)c1O,8709.64,CHEMBL676067,CHEMBL324030,CHEMBL203
N#C/C(=C\c1ccc(O)c(O)c1)C(=O)NC1CCCCC1,5888.44,CHEMBL676067,CHEMBL417941,CHEMBL203
COc1cc(/C=C(\C#N)C(N)=O)cc(CSCc2ccccc2Cl)c1O,1000.0,CHEMBL676067,CHEMBL326100,CHEMBL203
N#C/C(=C\c1ccc(O)c(O)c1)C(=O)N1CCc2ccccc21,12022.64,CHEMBL676067,CHEMBL56542,CHEMBL203
N#C/C(=C\c1ccc(O)c(O)c1)C(=O)NCCc1ccccc1,616.6,CHEMBL676067,CHEMBL293749,CHEMBL203
COc1cc(/C=C(\C#N)C(N)=O)cc(CSc2cccc3ccccc23)c1O,1698.24,CHEMBL676067,CHEMBL143212,CHEMBL203
CNC(=O)c1c([Se][Se]c2[nH]c3ccccc3c2C(=O)NC)[nH]c2ccccc12,13000.0,CHEMBL677206,CHEMBL135861,CHEMBL203
N#C/C(=C\c1ccc(O)c(O)c1)C(=O)NCCCCc1ccccc1,5011.87,CHEMBL676067,CHEMBL440298,CHEMBL203
COc1cc2c(Nc3ccc(C)cc3F)ncnc2cc1OCC1CCNCC1,500.0,CHEMBL677388,CHEMBL428534,CHEMBL203
COc1cc(/C=C(\C#N)C(N)=O)cc(CSCc2ccccc2)c1O,891.25,CHEMBL676067,CHEMBL326318,CHEMBL203
COc1cc(/C=C(\C#N)C(N)=O)cc(SCCCC(=O)O)c1O,47863.01,CHEMBL676067,CHEMBL1161234,CHEMBL203
COc1cc2c(Nc3ccc(Br)cc3F)ncnc2cc1OCCn1ccnn1,400.0,CHEMBL677388,CHEMBL281872,CHEMBL203
COc1cc2c(Nc3ccc(C)cc3F)ncnc2cc1OCC1CCN(C)CC1,1000.0,CHEMBL677388,CHEMBL281990,CHEMBL203
COc1cc2c(Nc3c(F)cc(Cl)cc3F)ncnc2cc1OCC1CCN(C)CC1,450.0,CHEMBL677388,CHEMBL422758,CHEMBL203
COc1cc2c(Nc3c(F)cc(Cl)cc3F)ncnc2cc1OCC1CCNCC1,500.0,CHEMBL677388,CHEMBL25450,CHEMBL203
COc1cc2c(Nc3ccc(Cl)cc3F)ncnc2cc1OC[C@@H]1CCCN(C)C1,100.0,CHEMBL677388,CHEMBL1907763,CHEMBL203
COc1cc2c(Nc3ccc(Cl)cc3F)ncnc2cc1OCCCN1CCOCC1,100.0,CHEMBL677388,CHEMBL24137,CHEMBL203
CCN(CC)CCNC(=O)c1c([Se][Se]c2c(C(=O)NCCN(CC)CC)c3ccccc3n2C)n(C)c2ccccc12,4700.0,CHEMBL677206,CHEMBL263666,CHEMBL203
Cc1cc(C=C(C#N)C#N)cc(O)c1O,61659.5,CHEMBL676067,CHEMBL116423,CHEMBL203
COc1cc2/c(=N/c3ccc(Br)cc3F)nc[nH]c2cc1OCC1CCN(C)CC1,200.0,CHEMBL677388,CHEMBL24828,CHEMBL203
CCOC(=O)C(Cc1ccccc1)NC(=O)/C(C#N)=C/c1ccc(O)c(O)c1,48977.88,CHEMBL676067,CHEMBL56319,CHEMBL203
N#C/C(=C\c1ccc(O)c(O)c1)C(=O)NCCCc1ccccc1,707.95,CHEMBL676067,CHEMBL53898,CHEMBL203
N#C/C(=C\c1ccc(O)c(O)c1)C(=O)c1ccc(O)c(O)c1,5011.87,CHEMBL676067,CHEMBL56393,CHEMBL203
COc1cc(C=C(C#N)C#N)cc(SCC(=O)O)c1O,53703.18,CHEMBL676067,CHEMBL1161236,CHEMBL203
N#C/C(=C\c1ccc(O)c(O)c1)C(=O)NCc1ccc(O)cc1,3019.95,CHEMBL676067,CHEMBL143805,CHEMBL203
COc1cc2c(Nc3ccc(Cl)cc3F)ncnc2cc1OC/C=C/CN1CCCC1.Cl,90.0,CHEMBL677388,CHEMBL1744349,CHEMBL203
COc1cc2c(Nc3ccc(Br)cc3F)ncnc2cc1OCCC1CCN(C)CC1,200.0,CHEMBL677388,CHEMBL24979,CHEMBL203
COc1cc2c(Nc3ccc(Cl)cc3F)ncnc2cc1OCC1CCN(C)CC1.Cl,300.0,CHEMBL677388,CHEMBL2448065,CHEMBL203
Oc1cc2cc(-c3cccnc3)cnc2cc1O,500.0,CHEMBL679946,CHEMBL63356,CHEMBL203
N#C/C(=C\c1ccc(O)c(O)c1)C(N)=O,4466.84,CHEMBL676067,CHEMBL296407,CHEMBL203
COc1cc2c(Nc3ccc(Br)cc3F)ncnc2cc1OC[C@@H]1CCCN(C)C1,200.0,CHEMBL677388,CHEMBL1907764,CHEMBL203
COc1cc(C=C(C#N)C#N)cc(CSc2ccccc2C(=O)O)c1O,7943.28,CHEMBL676067,CHEMBL118321,CHEMBL203
COc1cc(/C=C(\C#N)C(N)=O)cc(CSc2ccccc2NC(C)=O)c1O,21877.62,CHEMBL676067,CHEMBL115895,CHEMBL203
COc1cc2c(Nc3ccc(Cl)cc3F)ncnc2cc1OCCN1CCN(C)CC1,200.0,CHEMBL677388,CHEMBL283088,CHEMBL203
COc1cc2c(Nc3ccc(Cl)cc3F)ncnc2cc1OCCCN1CCCC1.Cl,100.0,CHEMBL677388,CHEMBL2448067,CHEMBL203
N#C/C(=C\c1ccc(O)c(O)c1)C(=O)c1ccc([N+](=O)[O-])cc1,10964.78,CHEMBL676067,CHEMBL56879,CHEMBL203
COc1cc(/C=C(\C#N)C(N)=O)cc(CSc2nc3ccccc3[nH]2)c1O,14454.4,CHEMBL676067,CHEMBL331026,CHEMBL203
COc1cc2c(Nc3ccc(Br)cc3F)ncnc2cc1OCCCN1CCN(C)CC1.Cl,100.0,CHEMBL677388,CHEMBL1202477,CHEMBL203
COc1cc2c(Nc3c(F)cc(Br)cc3F)ncnc2cc1OCC1CCN(C)CC1,300.0,CHEMBL677388,CHEMBL416191,CHEMBL203
COc1ccc(/C=C(\C#N)c2cccnc2)cc1OC,700.0,CHEMBL679946,CHEMBL67027,CHEMBL203
CC(C)(C)Oc1cc(/C=C(\C#N)C(=N)S)cc(C(C)(C)C)c1O,501187.23,CHEMBL676067,CHEMBL140213,CHEMBL203
COc1cc2c(Nc3ccc(Br)cc3F)ncnc2cc1OCC1CCN(C)CC1.Cl,500.0,CHEMBL677388,CHEMBL533849,CHEMBL203
COc1cc2c(Nc3ccc(Br)cc3F)ncnc2cc1OC[C@H]1CCCN(C)C1,100.0,CHEMBL677388,CHEMBL1907944,CHEMBL203
N[C@H](Cc1c([Se][Se]c2[nH]c3ccccc3c2C[C@H](N)C(=O)NCc2ccccc2)[nH]c2ccccc12)C(=O)NCc1ccccc1,900.0,CHEMBL677206,CHEMBL336409,CHEMBL203
CNC(=O)c1c(SSc2c(C(=O)NC)c3ccccc3n2C)n(C)c2ccccc12,6900.0,CHEMBL677206,CHEMBL342929,CHEMBL203
CCN(CC)CCNC(=O)c1c([Se][Se]c2[nH]c3ccccc3c2C(=O)NCCN(CC)CC)[nH]c2ccccc12,4600.0,CHEMBL677206,CHEMBL135577,CHEMBL203
COc1cc(/C=C(\C#N)C(N)=O)cc(CSc2nc3cc(Cl)ccc3s2)c1O,83176.38,CHEMBL676067,CHEMBL115519,CHEMBL203
COc1cc(/C=C(\C#N)C(N)=O)cc(CSc2ccccn2)c1O,3388.44,CHEMBL676067,CHEMBL119156,CHEMBL203
COc1cc(/C=C(\C#N)C(N)=O)cc(CSc2ccccc2C(=O)O)c1O,707.95,CHEMBL676067,CHEMBL119987,CHEMBL203
Cc1ccc(C(=O)/C(C#N)=C/c2ccc(O)c(O)c2)cc1,15135.61,CHEMBL676067,CHEMBL54471,CHEMBL203
COc1cc2c(Nc3ccc(Cl)cc3F)ncnc2cc1OCCCN1CCN(C)CC1.Cl,75.0,CHEMBL677388,CHEMBL1744347,CHEMBL203
Cn1c([Se][Se]c2c(C(=O)O)c3ccccc3n2C)c(C(=O)O)c2ccccc21,3500.0,CHEMBL677206,CHEMBL334915,CHEMBL203
CC(NC(=O)/C(C#N)=C/c1ccc(O)c(O)c1)c1ccccc1,2511.89,CHEMBL676067,CHEMBL55979,CHEMBL203
COc1cc2c(Nc3ccc(Cl)cc3F)ncnc2cc1OCCN1CCOCC1,400.0,CHEMBL677388,CHEMBL25610,CHEMBL203
CNC(=O)c1c([Se][Se]c2c(C(=O)NC)c3ccccc3n2C)n(C)c2ccccc12,6100.0,CHEMBL677206,CHEMBL137422,CHEMBL203
Cc1cc(C)c(NC(=O)/C(C#N)=C/c2ccc(O)c(O)c2)c(C)c1,19054.61,CHEMBL676067,CHEMBL141238,CHEMBL203
NC(Cc1c(SSc2[nH]c3ccccc3c2CC(N)C(=O)NCc2ccccc2)[nH]c2ccccc12)C(=O)NCc1ccccc1,7400.0,CHEMBL677206,CHEMBL336174,CHEMBL203
COc1cc2c(Nc3ccc(Br)cc3F)ncnc2cc1OCCC1CCNCC1,200.0,CHEMBL677388,CHEMBL26641,CHEMBL203
CCN(CC)CCn1c([Se][Se]c2c(C(=O)NC)c3ccccc3n2CCN(CC)CC)c(C(=O)NC)c2ccccc21,6900.0,CHEMBL677206,CHEMBL334439,CHEMBL203
COc1ccc(/C=C/c2cnc3cc(OC)c(OC)cc3c2)cc1,20000.0,CHEMBL679946,CHEMBL66101,CHEMBL203
N#C/C(=C\c1ccc(O)c(O)c1)C(=O)c1ccccc1Cl,6606.93,CHEMBL676067,CHEMBL59145,CHEMBL203
COc1cc(/C=C(\C#N)C(N)=O)cc(CSc2nc3ccccc3s2)c1O,19054.61,CHEMBL676067,CHEMBL118109,CHEMBL203
CCOc1ccc2sc(SCc3cc(/C=C(\C#N)C(N)=O)cc(OC)c3O)nc2c1,165958.69,CHEMBL673947,CHEMBL343875,CHEMBL203
COc1cc2c(Nc3c(F)cc(Br)cc3F)ncnc2cc1OCC1CCNCC1,450.0,CHEMBL677388,CHEMBL279459,CHEMBL203
N#C/C(=C\c1ccc(O)c(O)c1)C(=O)c1cccs1,30902.95,CHEMBL676067,CHEMBL55994,CHEMBL203
COc1cc(C=C(C#N)C#N)cc(CS(=O)(=O)c2ccc(C)cc2)c1O,22908.68,CHEMBL676067,CHEMBL334032,CHEMBL203
COc1cc2c(Nc3cc(O)c(C)cc3F)ncnc2cc1OCC1CCN(C)CC1.Cl,300.0,CHEMBL677388,CHEMBL1202473,CHEMBL203
COc1cc2c(Nc3ccc(Cl)cc3F)ncnc2cc1OCCC1CCN(C)CC1,300.0,CHEMBL677388,CHEMBL25425,CHEMBL203
N#C/C(=C\c1ccc(O)c(O)c1)C(=O)c1ccc(F)cc1,5128.61,CHEMBL676067,CHEMBL55204,CHEMBL203
COCCOc1cc2ncnc(Nc3ccc(Cl)cc3F)c2cc1OC,100.0,CHEMBL677388,CHEMBL286160,CHEMBL203
COc1cc2c(Nc3cc(O)c(Cl)cc3F)ncnc2cc1OCC1CCN(C)CC1.Cl,100.0,CHEMBL677388,CHEMBL2448066,CHEMBL203
N[C@H](Cc1c([Se][Se]c2[nH]c3ccccc3c2C[C@H](N)C(=O)NCc2ccccc2)[nH]c2ccccc12)C(=O)NCc1ccccc1,1300.0,CHEMBL677206,CHEMBL336409,CHEMBL203
COc1ccc(NC(=O)/C(C#N)=C/c2ccc(O)c(O)c2)c(OC)c1,25118.86,CHEMBL676067,CHEMBL57251,CHEMBL203
N#C/C(=C\c1ccc(O)c(O)c1)C(=O)NCc1ccccc1,501.19,CHEMBL676067,CHEMBL56543,CHEMBL203
N#C/C(=C\c1ccc(O)c(O)c1)C(=O)c1ccccc1,14125.38,CHEMBL676067,CHEMBL56132,CHEMBL203
COc1cc(C=C(C#N)C#N)cc(C)c1O,87096.36,CHEMBL676067,CHEMBL120564,CHEMBL203
COc1cc2c(Nc3ccc(Br)cc3F)ncnc2cc1OC/C=C/CN1CCCC1.Cl,100.0,CHEMBL677388,CHEMBL1202478,CHEMBL203
N#C/C(=C\c1cc(O)c(O)c(CSCc2ccccc2)c1)C(N)=O,645.65,CHEMBL676067,CHEMBL432428,CHEMBL203
COc1cc(/C=C(/C#N)C(N)=O)cc(CSCc2ccc(Cl)cc2)c1O,15848.93,CHEMBL676067,CHEMBL141175,CHEMBL203
O=C(NCc1ccccc1)[C@H](Cc1c([Se][Se]c2[nH]c3ccccc3c2C[C@@H](NC(=O)C(F)(F)F)C(=O)NCc2ccccc2)[nH]c2ccccc12)NC(=O)C(F)(F)F,7000.0,CHEMBL677206,CHEMBL336410,CHEMBL203
COc1cc2ncc(C#N)c(Nc3ccc(F)c(Cl)c3)c2cc1NC(=O)/C=C/CN1CCOCC1,13570.0,CHEMBL680028,CHEMBL113996,CHEMBL203
CCOc1cc2ncc(C#N)c(Nc3ccc(F)c(Cl)c3)c2cc1NC(=O)/C=C/CN(C)C,80.0,CHEMBL680028,CHEMBL607707,CHEMBL203
CCN(CC)C(C)/C=C/C(=O)Nc1cc2c(Nc3ccc(F)c(Cl)c3)c(C#N)cnc2cc1OC,4840.0,CHEMBL680028,CHEMBL325156,CHEMBL203
Brc1cccc(Nc2ncnc3cc(NCCCCN4CCOCC4)ncc23)c1,5.4,CHEMBL677387,CHEMBL126384,CHEMBL203
Cc1cccc(Nc2ncnc3cc(NCCCN4CCOCC4)ncc23)c1,9.3,CHEMBL677387,CHEMBL129509,CHEMBL203
COCC#CC(=O)Nc1ccc2ncc(C#N)c(Nc3cccc(Br)c3)c2c1,960.0,CHEMBL680028,CHEMBL114593,CHEMBL203
CN(C)CCN(C)c1cc2ncnc(Nc3cccc(Br)c3)c2cn1,40.0,CHEMBL677387,CHEMBL126137,CHEMBL203
Brc1cccc(Nc2ncnc3cc(NCCN4CCOCC4)ncc23)c1,3.2,CHEMBL677387,CHEMBL128987,CHEMBL203
Brc1cccc(Nc2ncnc3cc(NCCN4CCOCC4)ncc23)c1,36.0,CHEMBL673451,CHEMBL128987,CHEMBL203
OCCN(CCO)CCNc1cc2ncnc(Nc3cccc(Br)c3)c2cn1,9.2,CHEMBL677387,CHEMBL435993,CHEMBL203
Cc1cccc(Nc2ncnc3cc(NCCCn4ccnc4)ncc23)c1,3.5,CHEMBL677386,CHEMBL340898,CHEMBL203
Cc1cccc(Nc2ncnc3cc(NCCCCN(C)C)ncc23)c1,5.4,CHEMBL677387,CHEMBL338215,CHEMBL203
COc1cc(NC(=O)/C=C/CN(C)C)cc2c(Nc3cccc(Br)c3)c(C#N)cnc12,2880.0,CHEMBL680028,CHEMBL116857,CHEMBL203
CN1CCN(CCCNc2cc3ncnc(Nc4cccc(Br)c4)c3cn2)CC1,4.9,CHEMBL677387,CHEMBL340484,CHEMBL203
OCCN(CCO)CCCNc1cc2ncnc(Nc3cccc(Br)c3)c2cn1,1.2,CHEMBL677387,CHEMBL127058,CHEMBL203
O=S(=O)(O)CCNc1cc2ncnc(Nc3cccc(Br)c3)c2cn1,1.4,CHEMBL677387,CHEMBL128467,CHEMBL203
COCC#CC(=O)Nc1cc2c(Nc3cccc(Br)c3)c(C#N)cnc2cc1OC,790.0,CHEMBL680028,CHEMBL326280,CHEMBL203
C=C(CN(C)C)C(=O)Nc1cc2c(Nc3ccc(F)c(Cl)c3)c(C#N)cnc2cc1OCC,560.0,CHEMBL680028,CHEMBL117326,CHEMBL203
CN(CC(O)CO)c1cc2ncnc(Nc3cccc(Br)c3)c2cn1,3.2,CHEMBL677387,CHEMBL340700,CHEMBL203
Brc1cccc(Nc2ncnc3cc(NCCc4c[nH]cn4)ncc23)c1,0.91,CHEMBL677386,CHEMBL338114,CHEMBL203
CN(CCO)c1cc2ncnc(Nc3cccc(Br)c3)c2cn1,2.6,CHEMBL677387,CHEMBL341319,CHEMBL203
NNc1cc2ncnc(Nc3cccc(Br)c3)c2cn1,7.1,CHEMBL677387,CHEMBL340508,CHEMBL203
COCCOCC#CC(=O)Nc1ccc2ncc(C#N)c(Nc3cccc(Br)c3)c2c1,930.0,CHEMBL680028,CHEMBL115440,CHEMBL203
COc1cc2ncnc(Nc3cccc(Br)c3)c2cc1OC,70.0,CHEMBL680028,CHEMBL29197,CHEMBL203
C=CC(=O)Nc1ccc2ncnc(Nc3cccc(Br)c3)c2c1,2.0,CHEMBL680028,CHEMBL285063,CHEMBL203
OCCNc1cc2ncnc(Nc3cccc(Br)c3)c2cn1,0.24,CHEMBL677387,CHEMBL127041,CHEMBL203
CCOc1cc2ncc(C#N)c(Nc3cccc(Br)c3)c2cc1NC(=O)/C=C/CN1CCOCC1,10320.0,CHEMBL680028,CHEMBL116012,CHEMBL203
Brc1cccc(Nc2ncnc3cc(NCCCn4ccnc4)ncc23)c1,0.51,CHEMBL677386,CHEMBL126791,CHEMBL203
CNc1cc2ncnc(Nc3cccc(Br)c3)c2cn1,0.13,CHEMBL677387,CHEMBL54400,CHEMBL203
CNc1cc2ncnc(Nc3cccc(Br)c3)c2cn1,16.0,CHEMBL673451,CHEMBL54400,CHEMBL203
O=C(O)CCCNc1cc2ncnc(Nc3cccc(Br)c3)c2cn1,0.28,CHEMBL677387,CHEMBL128468,CHEMBL203
Cc1cccc(Nc2ncnc3cc(NCCCN4CCN(C)CC4)ncc23)c1,5.6,CHEMBL677387,CHEMBL341522,CHEMBL203
COc1cc2ncc(C#N)c(Nc3cccc(Br)c3)c2cc1OC,190.0,CHEMBL680028,CHEMBL111038,CHEMBL203
[O-][N+]1(CCCNc2cc3ncnc(Nc4cccc(Br)c4)c3cn2)CCOCC1,0.74,CHEMBL677387,CHEMBL339416,CHEMBL203
CN(C)C/C=C/C(=O)Nc1ccc2ncc(C#N)c(Nc3cccc(Br)c3)c2c1,310.0,CHEMBL680028,CHEMBL30973,CHEMBL203
COc1cc(NC(=O)/C=C/CN2CCOCC2)cc2c(Nc3cccc(Br)c3)c(C#N)cnc12,5390.0,CHEMBL680028,CHEMBL113985,CHEMBL203
N#Cc1cnc2ccc(NC(=O)C#CCN3CCSCC3)cc2c1Nc1cccc(Br)c1,550.0,CHEMBL680028,CHEMBL327023,CHEMBL203
CCCN(CC#CC(=O)Nc1ccc2ncc(C#N)c(Nc3cccc(Br)c3)c2c1)CCC,130.0,CHEMBL680028,CHEMBL115187,CHEMBL203
CNc1ccc2c(Nc3cccc(Br)c3)ncnc2c1,4.0,CHEMBL677387,CHEMBL92812,CHEMBL203
CC#CC(=O)Nc1ccc2ncc(C#N)c(Nc3cccc(Br)c3)c2c1,940.0,CHEMBL680028,CHEMBL283682,CHEMBL203
CN(C)CCCCNc1cc2ncnc(Nc3cccc(Br)c3)c2cn1,7.4,CHEMBL677387,CHEMBL129825,CHEMBL203
Nc1ccc2c(Nc3cccc(Br)c3)ncnc2c1,0.1,CHEMBL677387,CHEMBL420624,CHEMBL203
COc1cc2ncc(C#N)c(Nc3cccc(Br)c3)c2cc1NC(=O)/C=C/CN1CCOCC1,3830.0,CHEMBL680028,CHEMBL332497,CHEMBL203
CN(C)C/C=C/C(=O)Nc1cc2c(Nc3ccc(F)c(Cl)c3)c(C#N)cnc2cc1OC(F)(F)F,2640.0,CHEMBL680028,CHEMBL421047,CHEMBL203
COc1cc2ncc(C#N)c(Nc3ccc(F)c(Cl)c3)c2cc1NC(=O)/C=C/C(C)N(C)C,5220.0,CHEMBL680028,CHEMBL113901,CHEMBL203
C=CC(=O)Nc1ccc2ncc(C#N)c(Nc3cccc(Br)c3)c2c1,590.0,CHEMBL680028,CHEMBL281300,CHEMBL203
OCC(O)C(O)C(O)C(O)CNc1cc2ncnc(Nc3cccc(Br)c3)c2cn1,4.8,CHEMBL677387,CHEMBL129579,CHEMBL203
CN(C)CCCNc1cc2ncnc(Nc3cccc(Br)c3)c2cn1,8.8,CHEMBL677387,CHEMBL126893,CHEMBL203
CNc1cc2ncnc(Nc3cccc(C)c3)c2cn1,1.4,CHEMBL677387,CHEMBL127082,CHEMBL203
OCCN(CCO)c1cc2ncnc(Nc3cccc(Br)c3)c2cn1,12.0,CHEMBL677387,CHEMBL128759,CHEMBL203
OCC(O)CNc1cc2ncnc(Nc3cccc(Br)c3)c2cn1,0.92,CHEMBL677387,CHEMBL126372,CHEMBL203
OCC(O)CNc1cc2ncnc(Nc3cccc(Br)c3)c2cn1,227.0,CHEMBL673451,CHEMBL126372,CHEMBL203
COCC1CCCN1CC#CC(=O)Nc1ccc2ncc(C#N)c(Nc3cccc(Br)c3)c2c1,150.0,CHEMBL680028,CHEMBL157128,CHEMBL203
COc1cc2ncc(C#N)c(Nc3cccc(Br)c3)c2cc1NC(=O)C#CCN(C)C,90.0,CHEMBL680028,CHEMBL116853,CHEMBL203
CCOc1cc2ncc(C#N)c(Nc3cccc(Br)c3)c2cc1NC(=O)/C=C/CN(C)C,1600.0,CHEMBL680028,CHEMBL114728,CHEMBL203
C/C=C/C(=O)Nc1ccc2ncc(C#N)c(Nc3cccc(Br)c3)c2c1,1620.0,CHEMBL680028,CHEMBL326811,CHEMBL203
CN(C)c1cc2ncnc(Nc3cccc(Br)c3)c2cn1,0.09,CHEMBL677387,CHEMBL53428,CHEMBL203
CN(C)c1cc2ncnc(Nc3cccc(Br)c3)c2cn1,14.0,CHEMBL673451,CHEMBL53428,CHEMBL203
OCC(CO)Nc1cc2ncnc(Nc3cccc(Br)c3)c2cn1,14.0,CHEMBL677387,CHEMBL125568,CHEMBL203
CN(C)CCCCCNc1cc2ncnc(Nc3cccc(Br)c3)c2cn1,8.4,CHEMBL677387,CHEMBL129824,CHEMBL203
COc1cc2ncc(C#N)c(Nc3ccc(F)c(Cl)c3)c2cc1NC(=O)/C=C/C(C)N1CCOCC1,10590.0,CHEMBL680028,CHEMBL114073,CHEMBL203
CN(C)CCNc1cc2ncnc(Nc3cccc(Br)c3)c2cn1,45.0,CHEMBL677387,CHEMBL128432,CHEMBL203
CC#CC(=O)Nc1cc2c(Nc3cccc(Br)c3)c(C#N)cnc2cc1OC,910.0,CHEMBL680028,CHEMBL116525,CHEMBL203
CN(C)C/C=C/C(=O)Nc1ccc2ncc(C#N)c(Nc3ccc(F)c(Cl)c3)c2c1,650.0,CHEMBL680028,CHEMBL323630,CHEMBL203
CCN(CC)C/C=C/C(=O)Nc1cc2c(Nc3ccc(F)c(Cl)c3)c(C#N)cnc2cc1OC,1910.0,CHEMBL680028,CHEMBL424252,CHEMBL203
C=CC(=O)Nc1cc2c(Nc3cccc(Br)c3)c(C#N)cnc2cc1OC,810.0,CHEMBL680028,CHEMBL324718,CHEMBL203
COc1cc2ncc(C#N)c(Nc3ccc(F)c(Cl)c3)c2cc1NC(=O)/C=C/CN(C)C,2320.0,CHEMBL680028,CHEMBL114490,CHEMBL203
C/C=C/C(=O)Nc1cc2c(Nc3ccc(F)c(Cl)c3)c(C#N)cnc2cc1OCC,7500.0,CHEMBL680028,CHEMBL113902,CHEMBL203
C=C(CN1CCOCC1)C(=O)Nc1ccc2ncc(C#N)c(Nc3ccc(F)c(Cl)c3)c2c1,2700.0,CHEMBL680028,CHEMBL114392,CHEMBL203
CN(C)C/C=C/C(=O)Nc1ccc2ncnc(Nc3cccc(Br)c3)c2c1,11.0,CHEMBL680028,CHEMBL94061,CHEMBL203
Cc1cccc(Nc2ncnc3cc(NCCc4c[nH]cn4)ncc23)c1,7.2,CHEMBL677386,CHEMBL340399,CHEMBL203
Nc1cc2ncnc(Nc3cccc(Br)c3)c2cn1,10.0,CHEMBL677387,CHEMBL52076,CHEMBL203
Nc1cc2ncnc(Nc3cccc(Br)c3)c2cn1,110.0,CHEMBL673451,CHEMBL52076,CHEMBL203
CN(CC(O)C(O)C(O)C(O)CO)c1cc2ncnc(Nc3cccc(Br)c3)c2cn1,3.2,CHEMBL677387,CHEMBL127611,CHEMBL203
CC(C)N(CC#CC(=O)Nc1ccc2ncc(C#N)c(Nc3cccc(Br)c3)c2c1)C(C)C,250.0,CHEMBL680028,CHEMBL113900,CHEMBL203
N#Cc1cnc2ccc(NC(=O)/C=C/CN3CCOCC3)cc2c1Nc1ccc(F)c(Cl)c1,2290.0,CHEMBL680028,CHEMBL118000,CHEMBL203
Brc1cccc(Nc2ncnc3cc(NCCCN4CCOCC4)ncc23)c1,1.9,CHEMBL677387,CHEMBL126623,CHEMBL203
Brc1cccc(Nc2ncnc3cc(NCCCN4CCOCC4)ncc23)c1,8.1,CHEMBL673451,CHEMBL126623,CHEMBL203
CN(CC(=O)O)c1cc2ncnc(Nc3cccc(Br)c3)c2cn1,16.0,CHEMBL677387,CHEMBL126903,CHEMBL203
O=C(O)CCNc1cc2ncnc(Nc3cccc(Br)c3)c2cn1,0.61,CHEMBL677387,CHEMBL127086,CHEMBL203
O=C(O)CCNc1cc2ncnc(Nc3cccc(Br)c3)c2cn1,11400.0,CHEMBL673451,CHEMBL127086,CHEMBL203
COc1cc2ncc(C#N)c(Nc3cccc(Br)c3)c2cc1NC(=O)/C=C/CN(C)C,790.0,CHEMBL680028,CHEMBL263788,CHEMBL203
O=C(O)CNc1cc2ncnc(Nc3cccc(Br)c3)c2cn1,1.5,CHEMBL677387,CHEMBL338175,CHEMBL203
COCOC#CC(=O)Nc1ccc2ncc(C#N)c(Nc3cccc(Br)c3)c2c1,330.0,CHEMBL680028,CHEMBL414631,CHEMBL203
Nc1ncnc2c1c(-c1cccc(O)c1)cn2C1CCC1,300.0,CHEMBL674693,CHEMBL355330,CHEMBL203
COc1ccc(-c2cn(C3CCCC3)c3ncnc(N)c23)cc1,570.0,CHEMBL674693,CHEMBL170724,CHEMBL203
COc1cccc(-c2cn(C3CC(CNCCO)C3)c3ncnc(N)c23)c1,490.0,CHEMBL674693,CHEMBL168550,CHEMBL203
Brc1cccc(Nc2ncnc3ccc4cc[nH]c4c23)c1,1.24,CHEMBL679944,CHEMBL153525,CHEMBL203
C[C@H](Nc1ncnc2c1sc1ccccc12)c1ccccc1,538.0,CHEMBL679944,CHEMBL3085277,CHEMBL203
Nc1ccc2sc3c(Nc4cccc(Br)c4)ncnc3c2c1,0.27,CHEMBL679944,CHEMBL152905,CHEMBL203
Nc1ccc2sc3c(Nc4cccc(Br)c4)ncnc3c2c1,86.0,CHEMBL677214,CHEMBL152905,CHEMBL203
COc1ccc(CC(CO)n2cc(-c3cccc(OC)c3)c3c(N)ncnc32)cc1,9700.0,CHEMBL674693,CHEMBL168555,CHEMBL203
COc1cccc(-c2cn(C3CCCC3)c3ncnc(N)c23)c1,460.0,CHEMBL674693,CHEMBL168382,CHEMBL203
Nc1ncnc2c1c(-c1ccccc1)cn2C1CCC(O)C1,790.0,CHEMBL674693,CHEMBL168285,CHEMBL203
COc1cccc(-c2cn(C3CC(CO)C3)c3ncnc(N)c23)c1,420.0,CHEMBL674693,CHEMBL352801,CHEMBL203
COc1cc2ncnc(Nc3cccc(Br)c3)c2cc1OC,0.025,CHEMBL679944,CHEMBL29197,CHEMBL203
CCN(CC)CCn1c2ccccc2c2c(Nc3cccc(Br)c3)ncnc21,4100.0,CHEMBL679944,CHEMBL448730,CHEMBL203
Cc1cccc(Nc2ncnc3c2sc2ccc([N+](=O)[O-])cc23)c1.Cl,11.0,CHEMBL679944,CHEMBL544867,CHEMBL203
Cl.O=[N+]([O-])c1ccc2sc3c(Nc4cccc(C(F)(F)F)c4)ncnc3c2c1,460.0,CHEMBL679944,CHEMBL538814,CHEMBL203
COc1cccc2sc3c(Nc4cccc(Br)c4)ncnc3c12.Cl,20.0,CHEMBL679944,CHEMBL542755,CHEMBL203
CNc1cc2c(Nc3cccc(Br)c3)ncnc2cn1,0.008,CHEMBL679944,CHEMBL53753,CHEMBL203
COc1ccc2[nH]c3ncnc(Nc4cccc(Br)c4)c3c2c1,1.2,CHEMBL679944,CHEMBL153206,CHEMBL203
COc1ccc2[nH]c3ncnc(Nc4cccc(Br)c4)c3c2c1,13.0,CHEMBL677214,CHEMBL153206,CHEMBL203
COc1ccc2c(c1)sc1c(Nc3cccc(Br)c3)ncnc12,80.0,CHEMBL679944,CHEMBL346846,CHEMBL203
COc1ccc(CC(CO)n2cc(-c3cccc(O)c3)c3c(N)ncnc32)cc1,3400.0,CHEMBL674693,CHEMBL169467,CHEMBL203
Nc1ncnc2c1c(-c1ccccc1)cn2C1CC(O)C1,2820.0,CHEMBL674693,CHEMBL168266,CHEMBL203
CN(C)c1ccc2sc3c(Nc4cccc(Br)c4)ncnc3c2c1,19.8,CHEMBL679944,CHEMBL153739,CHEMBL203
COc1cccc(-c2cn(C3CC(C(=O)NCCO)C3)c3ncnc(N)c23)c1,330.0,CHEMBL674693,CHEMBL354310,CHEMBL203
Cn1c2ccccc2c2c(Nc3cccc(Br)c3)ncnc21,742.0,CHEMBL679944,CHEMBL152984,CHEMBL203
Cn1c2ccccc2c2c(Nc3cccc(Br)c3)ncnc21,769.0,CHEMBL677214,CHEMBL152984,CHEMBL203
Cl.c1ccc(Nc2[nH]cnc3c4ccccc4nc2-3)cc1,2110.0,CHEMBL679944,CHEMBL544640,CHEMBL203
c1ccc(Nc2[nH]cnc3nc4ccccc4c2-3)cc1,264.0,CHEMBL679944,CHEMBL150280,CHEMBL203
Cl.O=[N+]([O-])c1ccc2sc3c(Nc4cccc(Br)c4)ncnc3c2c1,12.3,CHEMBL679944,CHEMBL553351,CHEMBL203
Brc1cccc(Nc2[nH]cnc3nc4ccccc4c2-3)c1,31.0,CHEMBL679944,CHEMBL423224,CHEMBL203
Brc1cccc(Nc2[nH]cnc3nc4ccccc4c2-3)c1,630.0,CHEMBL677214,CHEMBL423224,CHEMBL203
Nc1ccc2sc3c(Nc4cccc(C(F)(F)F)c4)ncnc3c2c1,47.0,CHEMBL679944,CHEMBL347282,CHEMBL203
c1ccc(CNc2ncnc3c2[nH]c2ccccc23)cc1,460.0,CHEMBL679944,CHEMBL5173075,CHEMBL203
Brc1cccc(Nc2ncnc3c2sc2ncsc23)c1.CO,40.0,CHEMBL679944,CHEMBL346863,CHEMBL203
Nc1ncnc2c1c(-c1ccc(O)cc1)cn2C1CCCC1,250.0,CHEMBL674693,CHEMBL169570,CHEMBL203
Cc1cccc(Nc2cc(NCCO)ncn2)c1,1.0,CHEMBL679944,CHEMBL415738,CHEMBL203
Brc1cccc(Nc2ncnc3c2sc2ncccc23)c1,732.0,CHEMBL679944,CHEMBL153409,CHEMBL203
COc1ccc(CC(CO)n2cc(-c3ccccc3)c3c(N)ncnc32)cc1,14400.0,CHEMBL674693,CHEMBL171256,CHEMBL203
Clc1cccc(Nc2ncnc3ccccc23)c1,23.0,CHEMBL679944,CHEMBL329672,CHEMBL203
Nc1ncnc2c1c(-c1ccc(O)cc1)cn2C1CCC1,600.0,CHEMBL674693,CHEMBL166765,CHEMBL203
Cl.Cn1c2ccccc2c2ncnc(Nc3cccc(Br)c3)c21,132.0,CHEMBL679944,CHEMBL553137,CHEMBL203
Nc1ncnc2c1c(-c1cccc(O)c1)cn2C1CCCC1,80.0,CHEMBL674693,CHEMBL169390,CHEMBL203
Brc1cccc(Nc2ncnc3cc4[nH]ccc4cc23)c1,0.39,CHEMBL679944,CHEMBL40734,CHEMBL203
Brc1cccc(Nc2ncnc3ccc4[nH]cnc4c23)c1,29.0,CHEMBL679944,CHEMBL153170,CHEMBL203
Brc1cccc(Nc2ncnc3sccc23)c1,35.0,CHEMBL679944,CHEMBL355982,CHEMBL203
Nc1nc(Nc2cccc(Br)c2)c2c(n1)[nH]c1ccccc12,147.0,CHEMBL679944,CHEMBL345988,CHEMBL203
Nc1nc(Nc2cccc(Br)c2)c2c(n1)[nH]c1ccccc12,493.0,CHEMBL677214,CHEMBL345988,CHEMBL203
CCN(CC)CCn1c2ccc(OC)cc2c2c(Nc3cccc(Br)c3)ncnc21,4270.0,CHEMBL679944,CHEMBL153518,CHEMBL203
Cl.O=[N+]([O-])c1ccc2sc3c(Nc4ccccc4)ncnc3c2c1,58.0,CHEMBL679944,CHEMBL544868,CHEMBL203
COc1nccc(-c2c(-c3ccc(F)cc3)ncn2[C@H]2CC[C@H](O)CC2)n1,83.0,CHEMBL674026,CHEMBL97162,CHEMBL203
Brc1cccc(Nc2ncnc3ccsc23)c1,11.0,CHEMBL679944,CHEMBL345294,CHEMBL203
C[C@H](Nc1[nH]cnc2c3ccccc3nc1-2)c1ccccc1.Cl,419.0,CHEMBL679944,CHEMBL2093928,CHEMBL203
Cc1cccc(Nc2ncnc3c2sc2ccc(N)cc23)c1,2.1,CHEMBL679944,CHEMBL155278,CHEMBL203
Cc1cccc(Nc2ncnc3c2sc2ccc(N)cc23)c1,98.0,CHEMBL677214,CHEMBL155278,CHEMBL203
Brc1cccc(Nc2ncnc3c2oc2ccccc23)c1,740.0,CHEMBL679944,CHEMBL149512,CHEMBL203
Nc1ncnc2c1c(-c1ccccc1)cn2C(CO)Cc1ccc(O)cc1,13200.0,CHEMBL674693,CHEMBL170438,CHEMBL203
Cl.Nc1ccc2c(c1)sc1c(Nc3cccc(Br)c3)ncnc12,0.47,CHEMBL679944,CHEMBL539822,CHEMBL203
Cl.O=[N+]([O-])c1cccc2c1sc1c(Nc3cccc(Br)c3)ncnc12,158.0,CHEMBL679944,CHEMBL540082,CHEMBL203
Brc1cccc(Nc2ncnc3c2sc2ccccc23)c1,1.8,CHEMBL679944,CHEMBL356850,CHEMBL203
Brc1cccc(Nc2ncnc3c2sc2ccccc23)c1,170.0,CHEMBL677214,CHEMBL356850,CHEMBL203
CCO.Nc1ccc2sc3c(Nc4ccccc4)ncnc3c2c1,9.4,CHEMBL679944,CHEMBL357367,CHEMBL203
CO.Nc1cccc2c1sc1c(Nc3cccc(Br)c3)ncnc12,2.7,CHEMBL679944,CHEMBL151593,CHEMBL203
c1ccc(CNc2ncnc3c2sc2ccccc23)cc1,191.0,CHEMBL679944,CHEMBL153419,CHEMBL203
Nc1cc2sc3c(Nc4cccc(Br)c4)ncnc3c2cc1F,1.0,CHEMBL679944,CHEMBL153573,CHEMBL203
Nc1cc2sc3c(Nc4cccc(Br)c4)ncnc3c2cc1F,42.0,CHEMBL677214,CHEMBL153573,CHEMBL203
CCNc1cc2sc3c(Nc4cccc(Br)c4)ncnc3c2cc1F.CCO,7.9,CHEMBL679944,CHEMBL357570,CHEMBL203
CCNc1cc2sc3c(Nc4cccc(Br)c4)ncnc3c2cc1F.CCO,85.0,CHEMBL677214,CHEMBL357570,CHEMBL203
Nc1ncnc2c1c(-c1ccccc1)cn2C1CCCC1,500.0,CHEMBL674693,CHEMBL352954,CHEMBL203
Brc1cccc(Nc2ncnc3c2[nH]c2ccccc23)c1.Cl,72.0,CHEMBL679944,CHEMBL6195771,CHEMBL203
Brc1cccc(Nc2ncnc3c2[nH]c2ccccc23)c1.Cl,93.0,CHEMBL677214,CHEMBL6195771,CHEMBL203
CCO.CNc1ccc2sc3c(Nc4cccc(Br)c4)ncnc3c2c1,1.1,CHEMBL679944,CHEMBL358934,CHEMBL203
CCO.CNc1ccc2sc3c(Nc4cccc(Br)c4)ncnc3c2c1,33.0,CHEMBL677214,CHEMBL358934,CHEMBL203
COc1cccc(-c2cn(C3CCC3)c3ncnc(N)c23)c1,450.0,CHEMBL674693,CHEMBL355191,CHEMBL203
Cl.O=[N+]([O-])c1ccc2c(c1)sc1c(Nc3cccc(Br)c3)ncnc12,48.0,CHEMBL679944,CHEMBL540590,CHEMBL203
COc1cc2sc3c(Nc4cccc(Br)c4)ncnc3c2cc1OC.Cl,444.0,CHEMBL679944,CHEMBL544865,CHEMBL203
Brc1cccc(Nc2ncnc3cc4[nH]cnc4cc23)c1,0.008,CHEMBL679944,CHEMBL66031,CHEMBL203
Brc1cccc(Nc2ncnc3cc4[nH]ncc4cc23)c1,0.44,CHEMBL679944,CHEMBL39337,CHEMBL203
COc1cccc2c1sc1c(Nc3cccc(Br)c3)ncnc12.Cl,12.6,CHEMBL679944,CHEMBL555921,CHEMBL203
Nc1ncnc2c1c(-c1ccccc1)cn2C(CO)Cc1ccccc1,440.0,CHEMBL674693,CHEMBL171311,CHEMBL203
Nc1ncnc2c1c(-c1ccccc1)cn2C1CCC1,730.0,CHEMBL674693,CHEMBL166766,CHEMBL203
Brc1cccc(Nc2ncnc3c2ccc2[nH]cnc23)c1,272.0,CHEMBL679944,CHEMBL155100,CHEMBL203
Nc1ncnc2c1c(-c1cccc(O)c1)cn2C1CCN(CCO)CC1,2540.0,CHEMBL677878,CHEMBL169780,CHEMBL203
COc1cccc(-c2cn(C3CCN(CC(=O)N(C)C)CC3)c3ncnc(N)c23)c1,750.0,CHEMBL677878,CHEMBL355269,CHEMBL203
COc1cccc(-c2cn(C3CCN(CCO)CC3)c3ncnc(N)c23)c1,900.0,CHEMBL677878,CHEMBL169200,CHEMBL203
Nc1ncnc2c1c(-c1ccccc1)cn2C1CCNC1,13400.0,CHEMBL677878,CHEMBL168829,CHEMBL203
COC(=O)CN1CCC(n2cc(-c3cccc(O)c3)c3c(N)ncnc32)CC1,800.0,CHEMBL677878,CHEMBL262276,CHEMBL203
CN(C)C(=O)CN1CCC(n2cc(-c3cccc(O)c3)c3c(N)ncnc32)CC1,500.0,CHEMBL677878,CHEMBL169920,CHEMBL203
NC(=O)CN1CCC(n2cc(-c3cccc(O)c3)c3c(N)ncnc32)C1,400.0,CHEMBL677878,CHEMBL408683,CHEMBL203
COC(=O)CN1CCC(n2cc(-c3cccc(OC)c3)c3c(N)ncnc32)C1,830.0,CHEMBL677878,CHEMBL355891,CHEMBL203
COc1cccc(-c2cn(C3CCN(CCN(C)CCO)CC3)c3ncnc(N)c23)c1,295.0,CHEMBL677878,CHEMBL168661,CHEMBL203
COC(=O)CN1CCC(n2cc(-c3cccc(O)c3)c3c(N)ncnc32)C1,740.0,CHEMBL677878,CHEMBL355019,CHEMBL203
COCCNCCN1CCC(n2cc(-c3cccc(OC)c3)c3c(N)ncnc32)CC1,310.0,CHEMBL677879,CHEMBL172514,CHEMBL203
Nc1ncnc2c1c(-c1ccc(O)cc1)cn2C1CCNC1,2670.0,CHEMBL677878,CHEMBL354033,CHEMBL203
COc1cccc(-c2cn(C3CCN(CC(N)=O)C3)c3ncnc(N)c23)c1,440.0,CHEMBL677878,CHEMBL355322,CHEMBL203
COc1cccc(-c2cn(C3CCNC3)c3ncnc(N)c23)c1,1120.0,CHEMBL677878,CHEMBL169519,CHEMBL203
NC(=O)CN1CCC(n2cc(-c3cccc(O)c3)c3c(N)ncnc32)CC1,170.0,CHEMBL677878,CHEMBL263528,CHEMBL203
COCCN(C)CCN1CCC(n2cc(-c3cccc(OC)c3)c3c(N)ncnc32)CC1,930.0,CHEMBL677879,CHEMBL274732,CHEMBL203
Nc1ncnc2c1c(-c1cccc(O)c1)cn2C1CCNC1,1530.0,CHEMBL677878,CHEMBL171545,CHEMBL203
COc1cccc(-c2cn(C3CCN(CC(N)=O)CC3)c3ncnc(N)c23)c1,350.0,CHEMBL677878,CHEMBL169064,CHEMBL203
CC(C)(C)OC(=O)N1CCC(n2cc(-c3cccc(O)c3)c3c(N)ncnc32)C1,2200.0,CHEMBL677878,CHEMBL168921,CHEMBL203
COC(=O)CN1CCC(n2cc(-c3cccc(OC)c3)c3c(N)ncnc32)CC1,1470.0,CHEMBL677878,CHEMBL169065,CHEMBL203
C[S+]([O-])c1ccc(-c2nc(-c3ccc(F)cc3)c(-c3ccncc3)[nH]2)cc1,96000.0,CHEMBL672267,CHEMBL10,CHEMBL203
CC(C)(C)OC(=O)N1CCC(n2cc(-c3ccccc3)c3c(N)ncnc32)C1,8300.0,CHEMBL677878,CHEMBL353823,CHEMBL203
COc1cccc(-c2cn(C3CCN(C(=O)OC(C)(C)C)C3)c3ncnc(N)c23)c1,2100.0,CHEMBL677878,CHEMBL168656,CHEMBL203
COc1cc(Nc2nccc(-c3ccc(NCCN)nc3)n2)cc(OC)c1OC,5100.0,CHEMBL674700,CHEMBL113185,CHEMBL203
COc1cc(Nc2ncnc3cc(OC)c(OC)cc23)cc(OC)c1.Cl,3000.0,CHEMBL676160,CHEMBL543661,CHEMBL203
COc1cc2ncnc(NCc3ccccc3)c2cc1OC.Cl,4.0,CHEMBL676160,CHEMBL545541,CHEMBL203
COc1cc2ncnc(Nc3cccc(F)c3)c2cc1OC.Cl,25.0,CHEMBL676160,CHEMBL541586,CHEMBL203
COc1cc2ncnc(Nc3cccc(Cl)c3)c2cc1OC.Cl,30.0,CHEMBL676160,CHEMBL540068,CHEMBL203
CCNC(=O)Nc1nc2nc(NCCCCN(CC)CC)ncc2cc1-c1c(Cl)cccc1Cl,1300.0,CHEMBL677382,CHEMBL301483,CHEMBL203
COc1cc2ncnc(Oc3cccc(Cl)c3)c2cc1OC,20.0,CHEMBL676160,CHEMBL135853,CHEMBL203
COc1ccc(Nc2ncnc3cc(OC)c(OC)cc23)cc1OC.Cl,350.0,CHEMBL676160,CHEMBL544833,CHEMBL203
COc1cc2ncnc(Nc3ccc(O)cc3)c2cc1OC.Cl,100.0,CHEMBL676160,CHEMBL555201,CHEMBL203
COc1cc2ncnc(Nc3ccccc3)c2cc1OC.Cl,50.0,CHEMBL676160,CHEMBL542484,CHEMBL203
COc1cc(Nc2nccc(-c3ccc(N4CCNCC4)nc3)n2)cc(OC)c1OC,1704.0,CHEMBL674700,CHEMBL322066,CHEMBL203
CCN(CC)CCCCNc1ncc2cc(-c3c(Cl)cccc3Cl)c(NC(=O)Nc3ccccc3)nc2n1,1000.0,CHEMBL677382,CHEMBL56983,CHEMBL203
COc1cc2ncnc(N(C)c3ccccc3)c2cc1OC.Cl,4000.0,CHEMBL676160,CHEMBL543669,CHEMBL203
COc1cc2ncnc(Sc3cccc(Cl)c3)c2cc1OC,10.0,CHEMBL676160,CHEMBL135902,CHEMBL203
COc1cc2ncnc(Nc3cc(OC)c(OC)c(OC)c3)c2cc1OC.Cl,500.0,CHEMBL676160,CHEMBL543904,CHEMBL203
COc1cc2ncnc(Nc3ccc4c(c3)CCC4)c2cc1OC.Cl,600.0,CHEMBL676160,CHEMBL555797,CHEMBL203
CN1CCN(CCCNc2ncc3cc(-c4c(Cl)cccc4Cl)c(NC(=O)NC(C)(C)C)nc3n2)CC1,150.0,CHEMBL677382,CHEMBL57347,CHEMBL203
COc1ccc2ncnc(Nc3cc(OC)c(OC)c(OC)c3)c2c1.Cl,100.0,CHEMBL676160,CHEMBL542729,CHEMBL203
CCN(CC)CCCCNc1ncc2cc(-c3c(Cl)cccc3Cl)c(NC(=O)NC(C)(C)C)nc2n1,390.0,CHEMBL677382,CHEMBL45827,CHEMBL203
Cl.Clc1cccc(Nc2ncnc3ccccc23)c1,50.0,CHEMBL676161,CHEMBL555321,CHEMBL203
COc1ccc(Nc2ncnc3cc(OC)c(OC)cc23)cc1.Cl,250.0,CHEMBL676160,CHEMBL542733,CHEMBL203
Cc1cccc(Cl)c1NC(=O)c1cnc(NC(=O)C2CC2)s1,10000.0,CHEMBL674105,CHEMBL131577,CHEMBL203
CN1CCC(c2c(O)cc(O)c3c2O/C(=C\c2ccccc2Cl)C3=O)CC1,1680.0,CHEMBL674692,CHEMBL48614,CHEMBL203
CN1CCC(c2c(O)cc(O)c3c(=O)cc(-c4ccccc4Cl)oc23)[C@@H](O)C1,4600.0,CHEMBL674692,CHEMBL418203,CHEMBL203
Cc1[nH]c(/C=C2\C(=O)Nc3ccc(S(N)(=O)=O)cc32)c(C)c1CCC(=O)O,84800.0,CHEMBL677830,CHEMBL150177,CHEMBL203
COc1cc2ncnc(Nc3ccc(F)c(Cl)c3)c2cc1OCCN(CCO)CCO,35.0,CHEMBL677210,CHEMBL56505,CHEMBL203
COc1cc2ncnc(Nc3cccc(C)c3)c2cc1OC,5.0,CHEMBL677210,CHEMBL56802,CHEMBL203
COc1cc2ncnc(Nc3ccc(F)c(Cl)c3)c2cc1OCCCN(C)C,49.0,CHEMBL677210,CHEMBL57990,CHEMBL203
COc1cc2ncnc(Nc3ccc(F)c(Cl)c3)c2cc1OCCNC(C)C,310.0,CHEMBL677210,CHEMBL55794,CHEMBL203
COCCN(CCOC)CCOc1cc2c(Nc3ccc(F)c(Cl)c3)ncnc2cc1OC,61.0,CHEMBL677210,CHEMBL294395,CHEMBL203
O=c1c(-c2cccc(Cl)c2)coc2cc(O)ccc12,58800.0,CHEMBL677887,CHEMBL7699,CHEMBL203
O=c1c(-c2ccc(O)cc2)coc2cc(O)cc(O)c12,1000.0,CHEMBL677887,CHEMBL44,CHEMBL203
COc1cc2ncnc(Nc3ccc(F)c(Cl)c3)c2cc1OC,9.0,CHEMBL677210,CHEMBL301018,CHEMBL203
Nc1ccc(-c2cc(=O)c3cc(N)ccc3o2)cc1,8700.0,CHEMBL674638,CHEMBL112925,CHEMBL203
COc1cc2ncnc(Nc3cccc(Cl)c3)c2cc1OC,6.0,CHEMBL677887,CHEMBL7917,CHEMBL203
COc1cc2ncnc(Nc3cccc(Cl)c3)c2cc1OC,120.0,CHEMBL677889,CHEMBL7917,CHEMBL203
C=CC(=O)Nc1cnc2ncc(C#N)c(Nc3cccc(Br)c3)c2c1,374.8,CHEMBL677385,CHEMBL281467,CHEMBL203
C=CC(=O)Nc1cnc2ncc(C#N)c(Nc3cccc(Br)c3)c2c1,975.7,CHEMBL677384,CHEMBL281467,CHEMBL203
COc1cc2ncnc(Nc3ccc(F)c(Cl)c3)c2cc1OCCCN1CCCC1,71.0,CHEMBL677210,CHEMBL299672,CHEMBL203
COc1cc2ncnc(Nc3ccc(F)c(Cl)c3)c2cc1OC[C@H](O)CN1CCOCC1,67.0,CHEMBL677210,CHEMBL1788321,CHEMBL203
O=c1c(-c2cccc(Cl)c2)coc2cc(O)cc(O)c12,95.0,CHEMBL677887,CHEMBL7827,CHEMBL203
O=c1c(-c2cccc(Cl)c2)coc2cc(O)cc(O)c12,12000.0,CHEMBL677889,CHEMBL7827,CHEMBL203
COc1cc2ncnc(Nc3ccc(F)c(Cl)c3)c2cc1OCCNCCN(C)C,2.0,CHEMBL677210,CHEMBL56936,CHEMBL203
COc1cc2ncnc(Nc3ccc(F)c(Cl)c3)c2cc1OCC(O)Cn1ccnc1,8.0,CHEMBL677210,CHEMBL60826,CHEMBL203
COc1cc(O)c2c(O)c(-c3cccc(Cl)c3)cnc2c1,38.0,CHEMBL677887,CHEMBL440453,CHEMBL203
COc1cc(O)c2c(O)c(-c3cccc(Cl)c3)cnc2c1,6000.0,CHEMBL677889,CHEMBL440453,CHEMBL203
CC#CC(=O)Nc1ccc2ncc(C#N)c(Nc3ccc(F)c(Cl)c3)c2c1,330.2,CHEMBL677385,CHEMBL31876,CHEMBL203
CC#CC(=O)Nc1ccc2ncc(C#N)c(Nc3ccc(F)c(Cl)c3)c2c1,1027.8,CHEMBL677384,CHEMBL31876,CHEMBL203
COc1cc2ncnc(Nc3ccc(F)c(Cl)c3)c2cc1OCCN1CCOCC1,10.0,CHEMBL677210,CHEMBL14699,CHEMBL203
C=CC(=O)Nc1ccc2ncc(C#N)c(Nc3cccc(Br)c3)c2c1,9.7,CHEMBL677385,CHEMBL281300,CHEMBL203
C=CC(=O)Nc1ccc2ncc(C#N)c(Nc3cccc(Br)c3)c2c1,86.9,CHEMBL677384,CHEMBL281300,CHEMBL203
COCCNCCOc1cc2c(Nc3ccc(F)c(Cl)c3)ncnc2cc1OC,8.0,CHEMBL677210,CHEMBL56912,CHEMBL203
CCN(CC)CCCOc1cc2c(Nc3ccc(F)c(Cl)c3)ncnc2cc1OC,57.0,CHEMBL677210,CHEMBL55425,CHEMBL203
COc1cc(O)c2c(=O)c(-c3cccc(Cl)c3)cn(CCc3ccccc3)c2c1,4000.0,CHEMBL677887,CHEMBL7810,CHEMBL203
COc1cc(O)c2c(=O)c(-c3cccc(Cl)c3)cn(CCc3ccccc3)c2c1,1500.0,CHEMBL677889,CHEMBL7810,CHEMBL203
CN(C)C/C=C/C(=O)Nc1cc2c(Nc3cccc(Br)c3)c(C#N)cnc2cn1,1.9,CHEMBL677385,CHEMBL31276,CHEMBL203
CN(C)C/C=C/C(=O)Nc1cc2c(Nc3cccc(Br)c3)c(C#N)cnc2cn1,8.6,CHEMBL677384,CHEMBL31276,CHEMBL203
COc1cc2ncnc(Nc3ccc(F)c(Cl)c3)c2cc1OCCNC(C)(CO)CO,69.0,CHEMBL677210,CHEMBL56027,CHEMBL203
COc1cc2ncnc(Nc3ccc(F)c(Cl)c3)c2cc1OCCn1ccnc1,66.0,CHEMBL677210,CHEMBL294034,CHEMBL203
COc1cc2ncnc(Nc3ccc(F)c(Cl)c3)c2cc1OCCCN1CCOCC1,23.0,CHEMBL677210,CHEMBL939,CHEMBL203
COc1cc(OC)c2c(=O)c(-c3cccc(Cl)c3)coc2c1,500000.0,CHEMBL677887,CHEMBL7981,CHEMBL203
COC(=O)Cn1cc(-c2cccc(Cl)c2)c(=O)c2c(O)cc(OC)cc21,64.0,CHEMBL677887,CHEMBL7866,CHEMBL203
COC(=O)Cn1cc(-c2cccc(Cl)c2)c(=O)c2c(O)cc(OC)cc21,12500.0,CHEMBL677889,CHEMBL7866,CHEMBL203
CC#CC(=O)Nc1cnc2ncc(C#N)c(Nc3cccc(Br)c3)c2c1,6266.2,CHEMBL677385,CHEMBL31745,CHEMBL203
CC#CC(=O)Nc1ccc2ncc(C#N)c(Nc3cccc(Br)c3)c2c1,258.9,CHEMBL677385,CHEMBL283682,CHEMBL203
CN(C)C/C=C/C(=O)Nc1ccc2ncc(C#N)c(Nc3cccc(Br)c3)c2c1,37.2,CHEMBL677385,CHEMBL30973,CHEMBL203
CN(C)C/C=C/C(=O)Nc1ccc2ncc(C#N)c(Nc3cccc(Br)c3)c2c1,122.9,CHEMBL677384,CHEMBL30973,CHEMBL203
CNCCOc1cc2c(Nc3ccc(F)c(Cl)c3)ncnc2cc1OC,8.0,CHEMBL677210,CHEMBL293090,CHEMBL203
COc1cc2ncnc(Nc3ccc(F)c(Cl)c3)c2cc1OCCN1CCCCC1,98.0,CHEMBL677210,CHEMBL56142,CHEMBL203
CC#CC(=O)Nc1cnc2ncc(C#N)c(Nc3ccc(F)c(Cl)c3)c2c1,3762.4,CHEMBL677385,CHEMBL287022,CHEMBL203
CC#CC(=O)Nc1cnc2ncc(C#N)c(Nc3ccc(F)c(Cl)c3)c2c1,6794.8,CHEMBL677384,CHEMBL287022,CHEMBL203
CCN(CC)CCOc1cc2c(Nc3ccc(F)c(Cl)c3)ncnc2cc1OC,93.0,CHEMBL677210,CHEMBL293064,CHEMBL203
COc1cc2ncnc(Nc3ccc(F)c(Cl)c3)c2cc1OCC(O)CN,6.0,CHEMBL677210,CHEMBL56502,CHEMBL203
Nc1ccc(-c2cc(=O)c3cc(N)c(O)cc3o2)cc1,14100.0,CHEMBL674638,CHEMBL432416,CHEMBL203
COc1cc(O)c2c(=O)c(-c3cccc(Cl)c3)cn(C)c2c1,170.0,CHEMBL677887,CHEMBL7819,CHEMBL203
COc1cc(O)c2c(=O)c(-c3cccc(Cl)c3)cn(C)c2c1,3000.0,CHEMBL677889,CHEMBL7819,CHEMBL203
COc1cc2ncnc(Nc3ccc(F)c(Cl)c3)c2cc1OCCCN1CCCCC1,79.0,CHEMBL677210,CHEMBL291514,CHEMBL203
CN(C)C/C=C/C(=O)Nc1cnc2ncc(C#N)c(Nc3cccc(Br)c3)c2c1,2043.6,CHEMBL677385,CHEMBL441518,CHEMBL203
CN(C)C/C=C/C(=O)Nc1cnc2ncc(C#N)c(Nc3cccc(Br)c3)c2c1,4128.6,CHEMBL677384,CHEMBL441518,CHEMBL203
COc1cc2ncnc(Nc3ccc(F)c(Cl)c3)c2cc1OC[C@@H](O)CN1CCOCC1,95.0,CHEMBL677210,CHEMBL1744086,CHEMBL203
Nc1cccc(-c2cc(=O)c3c(N)c(O)c(N)cc3o2)c1,7800.0,CHEMBL674638,CHEMBL325949,CHEMBL203
COc1cc(O)c2c(=O)c(-c3cccc(Cl)c3)coc2c1,1270.0,CHEMBL677887,CHEMBL7339,CHEMBL203
COc1cc2ncnc(Nc3ccc(F)c(Cl)c3)c2cc1OCCN(C)C,7.0,CHEMBL677210,CHEMBL57759,CHEMBL203
CCOc1cc2ncc(C#N)c(Nc3ccc(F)c(Cl)c3)c2cc1NC(=O)/C=C/CN(C)C,14.5,CHEMBL677385,CHEMBL607707,CHEMBL203
CCOc1cc2ncc(C#N)c(Nc3ccc(F)c(Cl)c3)c2cc1NC(=O)/C=C/CN(C)C,97.6,CHEMBL677384,CHEMBL607707,CHEMBL203
COc1cc2ncnc(Nc3ccc(F)c(Cl)c3)c2cc1OCCN1CCN(C)CC1,10.0,CHEMBL677210,CHEMBL300791,CHEMBL203
COc1cc2ncnc(Nc3ccc(F)c(Cl)c3)c2cc1OCCNC(C)(C)C,100.0,CHEMBL677210,CHEMBL57892,CHEMBL203
COc1cc2ncnc(Nc3ccc(F)c(Cl)c3)c2cc1OCCN1CCCC1,87.0,CHEMBL677210,CHEMBL57758,CHEMBL203
CNCC(O)COc1cc2c(Nc3ccc(F)c(Cl)c3)ncnc2cc1OC,5.0,CHEMBL677210,CHEMBL56266,CHEMBL203
Oc1cc(O)c2c(O)c(-c3cccc(Cl)c3)cnc2c1,8.0,CHEMBL677887,CHEMBL266995,CHEMBL203
Oc1cc(O)c2c(O)c(-c3cccc(Cl)c3)cnc2c1,2000.0,CHEMBL677889,CHEMBL266995,CHEMBL203
COc1cc2ncnc(Nc3ccc(F)c(Cl)c3)c2cc1OCC(O)CN(CCO)CCO,5.0,CHEMBL677210,CHEMBL299893,CHEMBL203
O=C(CCc1c(SSc2[nH]c3ccccc3c2CCC(=O)NCc2ccc(C(=O)O)c(O)c2)[nH]c2ccccc12)NCc1ccc(C(=O)O)c(O)c1,8500.0,CHEMBL673450,CHEMBL347668,CHEMBL203
CN(C)CC(CNNC(N)=O)C(=O)c1ccc(OCc2ccccc2)cc1.Cl,3900.0,CHEMBL677209,CHEMBL541307,CHEMBL203
CC(=O)OC(Cc1c(SSc2[nH]c3ccccc3c2CC(OC(C)=O)C(=O)NCc2ccccc2)[nH]c2ccccc12)C(=O)NCc1ccccc1,28000.0,CHEMBL673450,CHEMBL348146,CHEMBL203
O=C(O)CCc1c(SSc2[nH]c3ccccc3c2CCC(=O)O)[nH]c2ccccc12,4800.0,CHEMBL673450,CHEMBL79704,CHEMBL203
COC(=O)c1ccccc1SCC(CN(C)C)C(=O)c1ccc(OCc2ccccc2)cc1.Cl,8800.0,CHEMBL677209,CHEMBL538757,CHEMBL203
CN(C)C(=O)CCc1c(SSc2[nH]c3ccccc3c2CCC(=O)N(C)C)[nH]c2ccccc12,12000.0,CHEMBL673450,CHEMBL422531,CHEMBL203
Cc1ccc(SCC(CN(C)C)C(=O)c2ccc(OCc3ccccc3)cc2)cc1C.Cl,2100.0,CHEMBL677209,CHEMBL538507,CHEMBL203
CONC(=O)CCc1c(SSc2[nH]c3ccccc3c2CCC(=O)NOC)[nH]c2ccccc12,68000.0,CHEMBL673450,CHEMBL154969,CHEMBL203
C=C(CN(C)C)C(=O)c1ccc(OCc2ccccc2)cc1.Cl,180.0,CHEMBL677209,CHEMBL552859,CHEMBL203
COc1cc2c(cc1OC)Nc1ncnc(O)c1C2,75000.0,CHEMBL843057,CHEMBL414013,CHEMBL203
C=C(CN1CCCCC1)C(=O)c1ccc(OCc2ccccc2)cc1.Cl,1100.0,CHEMBL677209,CHEMBL544074,CHEMBL203
O=C(CCc1c(SSc2[nH]c3ccccc3c2CCC(=O)NCCc2ccccc2)[nH]c2ccccc12)NCCc1ccccc1,24000.0,CHEMBL673450,CHEMBL154260,CHEMBL203
CC(=O)NC(Cc1c(SSc2[nH]c3ccccc3c2CC(NC(C)=O)C(=O)NCc2ccccc2)[nH]c2ccccc12)C(=O)NCc1ccccc1,51000.0,CHEMBL673450,CHEMBL346716,CHEMBL203
Cl.O=C(CCN1CCCCC1)c1ccc(OCc2ccccc2)cc1,1800.0,CHEMBL677209,CHEMBL545006,CHEMBL203
CCOC(=O)C1CCN(CCC(=O)c2ccc(OCc3ccccc3)cc2)CC1.Cl,300.0,CHEMBL677209,CHEMBL542891,CHEMBL203
NC(Cc1c(SSc2[nH]c3ccccc3c2CC(N)C(=O)NCc2ccccc2)[nH]c2ccccc12)C(=O)NCc1ccccc1,7600.0,CHEMBL673450,CHEMBL336174,CHEMBL203
C=C(CN1CCNCC1)C(=O)c1ccc(OCc2ccccc2)cc1.Cl,1500.0,CHEMBL677209,CHEMBL544538,CHEMBL203
N#CCc1c(SSc2[nH]c3ccccc3c2CC#N)[nH]c2ccccc12,32000.0,CHEMBL673450,CHEMBL348116,CHEMBL203
C=C(CN(C)C)C(=O)c1ccc(OS(=O)(=O)c2ccc(C(=O)O)cc2)cc1,230.0,CHEMBL677209,CHEMBL80030,CHEMBL203
O=C(NCc1ccccc1)C(O)Cc1c(SSc2[nH]c3ccccc3c2CC(O)C(=O)NCc2ccccc2)[nH]c2ccccc12,14000.0,CHEMBL673450,CHEMBL157952,CHEMBL203
O=C(CCCc1c(SSc2[nH]c3ccccc3c2CCCC(=O)NCc2ccccc2)[nH]c2ccccc12)NCc1ccccc1,100000.0,CHEMBL673450,CHEMBL156555,CHEMBL203
O=c1c(-c2ccc(O)cc2)coc2cc(O)cc(O)c12,1000.0,CHEMBL677209,CHEMBL44,CHEMBL203
CN(C)CC(CSCCN)C(=O)c1ccc(OCc2ccccc2)cc1.Cl,8800.0,CHEMBL677209,CHEMBL543361,CHEMBL203
NC(=O)CCC1C(S)=Nc2ccccc21,22000.0,CHEMBL673450,CHEMBL155607,CHEMBL203
CC(CN(C)C)C(=O)c1ccc(OS(=O)(=O)c2ccc(C(=O)O)cc2)cc1.Cl,100000.0,CHEMBL677209,CHEMBL543600,CHEMBL203
O=C(CC1C(S)=Nc2ccccc21)NCc1ccccc1,100000.0,CHEMBL673450,CHEMBL155389,CHEMBL203
CNC(=O)CCc1c(SSc2[nH]c3ccccc3c2CCC(=O)NC)[nH]c2ccccc12,9400.0,CHEMBL673450,CHEMBL345203,CHEMBL203
N#CC(Cc1ccc(O)c(O)c1)C(=N)S,70000.0,CHEMBL677209,CHEMBL78249,CHEMBL203
CN(C)CCC(=O)c1ccc(OCc2ccccc2)cc1.Cl,1500.0,CHEMBL677209,CHEMBL544770,CHEMBL203
O=C(Cc1c(SSc2[nH]c3ccccc3c2CC(=O)NCc2ccccc2)[nH]c2ccccc12)NCc1ccccc1,38000.0,CHEMBL673450,CHEMBL435831,CHEMBL203
Cl.O=C(CCN1CCOCC1)c1ccc(OCc2ccccc2)cc1,1500.0,CHEMBL677209,CHEMBL542893,CHEMBL203
CN(C)CC(CSc1ccccc1)C(=O)c1ccc(OCc2ccccc2)cc1.Cl,7300.0,CHEMBL677209,CHEMBL540292,CHEMBL203
COC(=O)c1ccc(CNC(=O)CCc2c(SSc3[nH]c4ccccc4c3CCC(=O)NCc3ccc(C(=O)OC)cc3)[nH]c3ccccc23)cc1,44000.0,CHEMBL673450,CHEMBL154080,CHEMBL203
O=C(CCc1c(SSc2[nH]c3ccccc3c2CCC(=O)NCc2ccc(C(=O)O)cc2)[nH]c2ccccc12)NCc1ccc(C(=O)O)cc1,7400.0,CHEMBL673450,CHEMBL155293,CHEMBL203
C=C(CN1CCOCC1)C(=O)c1ccc(OCc2ccccc2)cc1.Cl,1100.0,CHEMBL677209,CHEMBL544067,CHEMBL203
O=C(CCc1c(SSc2[nH]c3ccccc3c2CCC(=O)NCc2ccccc2)[nH]c2ccccc12)NCc1ccccc1,850.0,CHEMBL673450,CHEMBL293261,CHEMBL203
C=C(CN(C)C)C(=O)c1ccccc1.Cl,5600.0,CHEMBL677209,CHEMBL468975,CHEMBL203
O=[N+]([O-])CCc1c(SSc2[nH]c3ccccc3c2CC[N+](=O)[O-])[nH]c2ccccc12,89000.0,CHEMBL673450,CHEMBL158119,CHEMBL203
O=C(CCc1c(SSc2[nH]c3ccccc3c2CCC(=O)Nc2ccccc2)[nH]c2ccccc12)Nc1ccccc1,25000.0,CHEMBL673450,CHEMBL156797,CHEMBL203
C=C(CN(C)C)C(=O)c1ccc(OCc2ccccc2)c(O)c1.Cl,670.0,CHEMBL677209,CHEMBL542887,CHEMBL203
C=C(CN(C)C)C(=O)c1ccc(OS(=O)(=O)c2ccc(C(=O)N(C)C)cc2)cc1.Cl,700.0,CHEMBL677209,CHEMBL552634,CHEMBL203
O=C(CCC1C(S)=Nc2ccccc21)NCc1ccccc1,100000.0,CHEMBL673450,CHEMBL154911,CHEMBL203
N#CCCc1c(SSc2[nH]c3ccccc3c2CCC#N)[nH]c2ccccc12,47000.0,CHEMBL673450,CHEMBL157304,CHEMBL203
NC(=O)CCc1c(SSc2[nH]c3ccccc3c2CCC(N)=O)[nH]c2ccccc12,16000.0,CHEMBL673450,CHEMBL157021,CHEMBL203
CN(C)CCC(=O)c1ccc(OCc2ccccc2)c(O)c1.Cl,360.0,CHEMBL677209,CHEMBL552860,CHEMBL203
COC(=O)CCc1c(SSc2[nH]c3ccccc3c2CCC(=O)OC)[nH]c2ccccc12,21000.0,CHEMBL673450,CHEMBL79808,CHEMBL203
C=C(CN(C)C)C(=O)c1ccc(OS(=O)(=O)c2ccc(C(=O)O)c(O)c2)cc1,470.0,CHEMBL677209,CHEMBL310580,CHEMBL203
COC(=O)c1ccc(CNC(=O)CCc2c(SSc3[nH]c4ccccc4c3CCC(=O)NCc3ccc(C(=O)OC)c(O)c3)[nH]c3ccccc23)cc1O,100000.0,CHEMBL673450,CHEMBL154822,CHEMBL203
COc1cc2c(cc1OC)Nc1ncn(C)c(=O)c1C2,160000.0,CHEMBL843057,CHEMBL6976,CHEMBL203
N#C/C(=C\c1cc(O)c(O)c(Br)c1)S(=O)(=O)/C(C#N)=C/c1cc(O)c(O)c(Br)c1,850.0,CHEMBL677831,CHEMBL144791,CHEMBL203
N#C/C(=C\c1cc(O)c(O)c(Br)c1)S(=O)(=O)/C(C#N)=C/c1cc(O)c(O)c(Br)c1,1400.0,CHEMBL679672,CHEMBL144791,CHEMBL203
N#C/C(=C\c1ccc(O)c(O)c1)C(=O)NCCCCCCCCNC(=O)/C(C#N)=C/c1ccc(O)c(O)c1,2200.0,CHEMBL677831,CHEMBL279138,CHEMBL203
N#C/C(=C\c1ccc(O)c(O)c1)C(=O)NCCCCCCCCNC(=O)/C(C#N)=C/c1ccc(O)c(O)c1,21000.0,CHEMBL679672,CHEMBL279138,CHEMBL203
N#C/C(=C\c1ccc(O)c(O)c1)C(=O)NCCCNC(=O)/C(C#N)=C/c1ccc(O)c(O)c1,400.0,CHEMBL677831,CHEMBL67535,CHEMBL203
N#C/C(=C\c1ccc(O)c(O)c1)C(=O)NCCCNC(=O)/C(C#N)=C/c1ccc(O)c(O)c1,3300.0,CHEMBL679672,CHEMBL67535,CHEMBL203
N#CC(C#N)=C(N)/C(C#N)=C/c1ccc2[nH]ccc2c1,820000.0,CHEMBL677831,CHEMBL59150,CHEMBL203
N#C/C(=C\c1cc(O)c(O)c(Br)c1)C(=O)NCCCNC(=O)/C(C#N)=C/c1cc(O)c(O)c(Br)c1,340.0,CHEMBL677831,CHEMBL144770,CHEMBL203
N#C/C(=C\c1cc(O)c(O)c(Br)c1)C(=O)NCCCNC(=O)/C(C#N)=C/c1cc(O)c(O)c(Br)c1,3900.0,CHEMBL679672,CHEMBL144770,CHEMBL203
N#C/C(=C\c1ccc(O)c(O)c1)C(=O)NCc1cccc(CNC(=O)/C(C#N)=C/c2ccc(O)c(O)c2)c1,1600.0,CHEMBL677831,CHEMBL144159,CHEMBL203
N#C/C(=C\c1ccc(O)c(O)c1)C(=O)NCc1cccc(CNC(=O)/C(C#N)=C/c2ccc(O)c(O)c2)c1,10300.0,CHEMBL679672,CHEMBL144159,CHEMBL203
N#C/C(=C\c1ccc(O)c(O)c1)C(=O)NCCCCCCNC(=O)/C(C#N)=C/c1ccc(O)c(O)c1,700.0,CHEMBL677831,CHEMBL144760,CHEMBL203
N#C/C(=C\c1ccc(O)c(O)c1)C(=O)NCCCCCCNC(=O)/C(C#N)=C/c1ccc(O)c(O)c1,11000.0,CHEMBL679672,CHEMBL144760,CHEMBL203
CN(C)c1cc2c(Nc3ccc4c(cnn4Cc4ccccc4)c3)ncnc2cn1,1.0,CHEMBL675238,CHEMBL30432,CHEMBL203
Oc1cc2cc(-c3ccncc3)cnc2cc1O,5000.0,CHEMBL676154,CHEMBL87084,CHEMBL203
N#C/C(=C\c1ccc(O)c(O)c1)C(=O)NCCCCNC(=O)/C(C#N)=C/c1ccc(O)c(O)c1,600.0,CHEMBL677831,CHEMBL144589,CHEMBL203
N#C/C(=C\c1ccc(O)c(O)c1)C(=O)NCCCCNC(=O)/C(C#N)=C/c1ccc(O)c(O)c1,4300.0,CHEMBL679672,CHEMBL144589,CHEMBL203
N#C/C(=C\c1ccc(O)c(O)c1)C(N)=O,10000.0,CHEMBL677831,CHEMBL296407,CHEMBL203
N#C/C(=C\c1ccc(O)c(O)c1)C(N)=O,4500.0,CHEMBL679672,CHEMBL296407,CHEMBL203
N#C/C(=C\c1ccc(O)c(O)c1)C(=O)c1ccc(O)c(O)c1,370.0,CHEMBL677831,CHEMBL56393,CHEMBL203
N#C/C(=C\c1ccc(O)c(O)c1)C(=O)c1ccc(O)c(O)c1,5000.0,CHEMBL679672,CHEMBL56393,CHEMBL203
N#C/C(=C\c1ccc(O)c(O)c1)C(=O)NCCCCCCCCCCNC(=O)/C(C#N)=C/c1ccc(O)c(O)c1,1300.0,CHEMBL677831,CHEMBL424302,CHEMBL203
N#C/C(=C\c1ccc(O)c(O)c1)S(=O)(=O)/C(C#N)=C/c1ccc(O)c(O)c1,380.0,CHEMBL677831,CHEMBL356324,CHEMBL203
N#C/C(=C\c1ccc(O)c(O)c1)S(=O)(=O)/C(C#N)=C/c1ccc(O)c(O)c1,12000.0,CHEMBL679672,CHEMBL356324,CHEMBL203
N#C/C(=C\c1ccc(O)c(O)c1)C(=O)N1CCN(C(=O)/C(C#N)=C/c2ccc(O)c(O)c2)CC1,4000.0,CHEMBL677831,CHEMBL358494,CHEMBL203
N#C/C(=C\c1ccc(O)c(O)c1)C(=O)N1CCN(C(=O)/C(C#N)=C/c2ccc(O)c(O)c2)CC1,25000.0,CHEMBL679672,CHEMBL358494,CHEMBL203
COc1cc(/C=C(\C#N)C(=O)NCCCCNC(=O)/C(C#N)=C/c2cc(OC)c(O)c([N+](=O)[O-])c2)cc([N+](=O)[O-])c1O,112000.0,CHEMBL677831,CHEMBL145266,CHEMBL203
COc1cc(/C=C(\C#N)C(=O)NCCCCNC(=O)/C(C#N)=C/c2cc(OC)c(O)c([N+](=O)[O-])c2)cc([N+](=O)[O-])c1O,19000.0,CHEMBL679672,CHEMBL145266,CHEMBL203
COc1cc(/C=C(\C#N)C(=O)NCCCCNC(=O)/C(C#N)=C/c2cc(Br)c(O)c(OC)c2)cc(Br)c1O,102000.0,CHEMBL679672,CHEMBL357400,CHEMBL203
N#C/C(=C\c1cc(O)c(O)c(O)c1)C(=O)NCCCCNC(=O)/C(C#N)=C/c1cc(O)c(O)c(O)c1,600.0,CHEMBL677831,CHEMBL358746,CHEMBL203
N#C/C(=C\c1cc(O)c(O)c(O)c1)C(=O)NCCCCNC(=O)/C(C#N)=C/c1cc(O)c(O)c(O)c1,21000.0,CHEMBL679672,CHEMBL358746,CHEMBL203
N#C/C(=C\c1ccc(O)c(O)c1)C(=O)NC1CCCC[C@@H]1NC(=O)/C(C#N)=C/c1ccc(O)c(O)c1,2100.0,CHEMBL677831,CHEMBL144778,CHEMBL203
N#C/C(=C\c1ccc(O)c(O)c1)C(=O)NC1CCCC[C@@H]1NC(=O)/C(C#N)=C/c1ccc(O)c(O)c1,13500.0,CHEMBL679672,CHEMBL144778,CHEMBL203
N#C/C(=C\c1ccc(O)c(O)c1)C(=O)NCCNC(=O)/C(C#N)=C/c1ccc(O)c(O)c1,500.0,CHEMBL677831,CHEMBL144908,CHEMBL203
N#C/C(=C\c1ccc(O)c(O)c1)C(=O)NCCNC(=O)/C(C#N)=C/c1ccc(O)c(O)c1,113000.0,CHEMBL679672,CHEMBL144908,CHEMBL203
COc1cc(/C=C(\C#N)S(=O)(=O)/C(C#N)=C/c2cc(O)c(O)c(OC)c2)cc(O)c1O,940.0,CHEMBL677831,CHEMBL342792,CHEMBL203
N#CC(C#N)=Cc1ccc(O)c(O)c1,35000.0,CHEMBL677831,CHEMBL76904,CHEMBL203
N#C/C(=C\c1ccc(O)c(O)c1)C(=O)NCCCCCNC(=O)/C(C#N)=C/c1ccc(O)c(O)c1,700.0,CHEMBL677831,CHEMBL144842,CHEMBL203
N#C/C(=C\c1ccc(O)c(O)c1)C(=O)NCCCCCNC(=O)/C(C#N)=C/c1ccc(O)c(O)c1,20000.0,CHEMBL679672,CHEMBL144842,CHEMBL203
N#C/C(=C\c1ccc(O)c(O)c1)C(=O)NCCN1CCN(C(=O)/C(C#N)=C/c2ccc(O)c(O)c2)CC1,2200.0,CHEMBL677831,CHEMBL343887,CHEMBL203
N#C/C(=C\c1ccc(O)c(O)c1)C(=O)NCCN1CCN(C(=O)/C(C#N)=C/c2ccc(O)c(O)c2)CC1,10000.0,CHEMBL679672,CHEMBL343887,CHEMBL203
N#C/C(=C\c1ccc(O)c(O)c1)C(=O)NCC1CCCC(CNC(=O)/C(C#N)=C/c2ccc(O)c(O)c2)C1,1800.0,CHEMBL677831,CHEMBL357161,CHEMBL203
c1ccc(-c2cc3ncnc(Nc4ccc5[nH]ccc5c4)c3s2)cc1,68.0,CHEMBL674107,CHEMBL76432,CHEMBL203
c1ccc(CCCN(c2cc3ncnc(Nc4ccc5[nH]ccc5c4)c3s2)n2ccnc2)cc1,5.0,CHEMBL674107,CHEMBL312818,CHEMBL203
Cc1cc2cc(Nc3ccnc4cc(-c5ccc(CN6CCOCC6)cc5)sc34)ccc2[nH]1,1250.0,CHEMBL674107,CHEMBL311111,CHEMBL203
N#C/C(=C\c1ccc(O)c(O)c1)C(=O)NCCCc1ccccc1,700.0,CHEMBL674104,CHEMBL53898,CHEMBL203
c1cc(Nc2ccc3[nH]ccc3c2)c2sc(-c3ccc(CNCCN4CCNCC4)cc3)cc2n1,3.0,CHEMBL674107,CHEMBL80540,CHEMBL203
OCc1ccc(-c2cc3ncnc(Nc4ccc5[nH]ccc5c4)c3s2)cc1,1.0,CHEMBL674107,CHEMBL312753,CHEMBL203
CC(=O)NCCNCc1ccc(-c2cc3ncnc(Nc4ccc5[nH]ccc5c4)c3s2)cc1,5.0,CHEMBL674107,CHEMBL80809,CHEMBL203
c1ccc(CCCN(c2cc3ncnc(Nc4ccc5[nH]ccc5c4)c3s2)n2ccnc2)cc1,1.0,CHEMBL674107,CHEMBL312818,CHEMBL203
OCCNCc1ccc(-c2cc3nccc(Nc4ccc5[nH]ccc5c4)c3s2)cc1,2.0,CHEMBL674107,CHEMBL310740,CHEMBL203
CC(C)(CO)NCc1ccc(-c2cc3ncnc(Nc4ccc5[nH]ccc5c4)c3s2)cc1,1.0,CHEMBL674107,CHEMBL308498,CHEMBL203
NCc1ccc(-c2cc3ncnc(Nc4ccc5[nH]ccc5c4)c3s2)cc1,4.0,CHEMBL674107,CHEMBL78018,CHEMBL203
CC(O)C(/N=C1/C=C(O)/C(=N\C(C(=O)O)C(C)O)C=C1O)C(=O)O,44000.0,CHEMBL674103,CHEMBL327725,CHEMBL203
OCCOCCNCc1ccc(-c2cc3nccc(Nc4ccc5[nH]ccc5c4)c3s2)cc1,4.0,CHEMBL674107,CHEMBL421326,CHEMBL203
Cc1cc2cc(Nc3ccnc4cc(-c5ccc(CNCCN6CCNCC6)cc5)sc34)ccc2[nH]1,250.0,CHEMBL674107,CHEMBL79060,CHEMBL203
N#C/C(=C\c1ccc(O)c(O)c1)C(=O)NCCCCc1ccccc1,5000.0,CHEMBL674104,CHEMBL440298,CHEMBL203
N#C/C(=C\c1ccc(O)c(O)c1)C(=O)Nc1ccccc1,1250.0,CHEMBL674104,CHEMBL56731,CHEMBL203
N#C/C(=C\c1ccc(O)c(O)c1)C(=O)NCc1ccccc1,100.0,CHEMBL674104,CHEMBL56543,CHEMBL203
CN(CCO)Cc1ccc(-c2cc3nccc(Nc4ccc5[nH]ccc5c4)c3s2)cc1,3.0,CHEMBL674107,CHEMBL79206,CHEMBL203
c1csc(-c2cc3ncnc(Nc4ccc5[nH]ccc5c4)c3s2)c1,1.0,CHEMBL674107,CHEMBL76751,CHEMBL203
NC(=O)C1CCN(Cc2ccc(-c3cc4ncnc(Nc5ccc6[nH]ccc6c5)c4s3)cc2)CC1,7.0,CHEMBL674107,CHEMBL311109,CHEMBL203
N#C/C(=C\c1cc(O)ccc1O)C(N)=O,10000.0,CHEMBL674699,CHEMBL47660,CHEMBL203
c1cc(Nc2ccc3[nH]ccc3c2)c2sc(-c3ccc(CN4CCOCC4)cc3)cc2n1,30.0,CHEMBL674107,CHEMBL312482,CHEMBL203
N#C/C(=C\c1ccc(O)c(O)c1)C(N)=O,4000.0,CHEMBL674699,CHEMBL296407,CHEMBL203
c1ccc(NCCN(c2cc3ncnc(Nc4ccc5[nH]ccc5c4)c3s2)n2cccc2)cc1,1.0,CHEMBL674107,CHEMBL79215,CHEMBL203
NC(=O)C1CCN(Cc2ccc(-c3cc4nccc(Nc5ccc6[nH]ccc6c5)c4s3)cc2)CC1,1.0,CHEMBL674107,CHEMBL431977,CHEMBL203
O=CN/C=C/c1cc(O)ccc1O,3000.0,CHEMBL674699,CHEMBL47986,CHEMBL203
O=C(c1ccccc1)c1cc2ncnc(Nc3ccc4[nH]ccc4c3)c2s1,9.0,CHEMBL674107,CHEMBL81712,CHEMBL203
c1csc(-c2cc3nccc(Nc4ccc5[nH]ccc5c4)c3s2)c1,1.0,CHEMBL674107,CHEMBL310853,CHEMBL203
Cc1cc2cc(Nc3ncnc4cc(-c5ccccc5)sc34)ccc2[nH]1,100.0,CHEMBL674107,CHEMBL80302,CHEMBL203
Cc1c[nH]c2ccc(Nc3ncnc4cc(-c5ccccc5)sc34)cc12,5.0,CHEMBL674107,CHEMBL310827,CHEMBL203
Cc1cc2cc(Nc3ccnc4cc(-c5ccc(CN(C)CCO)cc5)sc34)ccc2[nH]1,140.0,CHEMBL674107,CHEMBL81375,CHEMBL203
Cc1cc2cc(Nc3ccnc4cc(-c5ccc(CNCCOCCO)cc5)sc34)ccc2[nH]1,657.0,CHEMBL674107,CHEMBL77342,CHEMBL203
CC(C)(CO)NCc1ccc(-c2cc3ncnc(Nc4ccc5[nH]ccc5c4)c3s2)cc1,8.0,CHEMBL674107,CHEMBL308498,CHEMBL203
CN(C)CCc1ccc(-c2cc3ncnc(Nc4ccc5[nH]ccc5c4)c3s2)cc1,5.0,CHEMBL674107,CHEMBL77782,CHEMBL203
Cc1cc2cc(Nc3ccnc4cc(-c5ccc(CNCCCO)cc5)sc34)ccc2[nH]1,500.0,CHEMBL674107,CHEMBL78700,CHEMBL203
c1ccc(-c2cc3ncnc(Nc4ccc5[nH]ccc5c4)c3s2)cc1,3.0,CHEMBL674107,CHEMBL76432,CHEMBL203
CN(C)c1ccc(Nc2ncnc3cc(-c4ccccc4)sc23)cc1,94.0,CHEMBL674107,CHEMBL306732,CHEMBL203
CC(=O)NCCNCc1ccc(-c2cc3nccc(Nc4ccc5[nH]ccc5c4)c3s2)cc1,2.0,CHEMBL674107,CHEMBL418909,CHEMBL203
c1ccc(-c2cc3ncnc(Nc4ccc5[nH]ncc5c4)c3s2)cc1,1600.0,CHEMBL674107,CHEMBL78685,CHEMBL203
OCCCNCc1ccc(-c2cc3nccc(Nc4ccc5[nH]ccc5c4)c3s2)cc1,9.0,CHEMBL674107,CHEMBL77452,CHEMBL203
O=CN/C=C/c1ccc(O)c(O)c1,7000.0,CHEMBL674699,CHEMBL46946,CHEMBL203
c1nc(Nc2ccc3[nH]ccc3c2)c2sccc2n1,600.0,CHEMBL674107,CHEMBL442749,CHEMBL203
Cc1cc2cc(Nc3ccnc4cc(-c5ccc(CNCCO)cc5)sc34)ccc2[nH]1,1000.0,CHEMBL674107,CHEMBL80164,CHEMBL203
c1csc(-c2cc3ncnc(Nc4ccc5[nH]ccc5c4)c3s2)c1,39.0,CHEMBL674107,CHEMBL76751,CHEMBL203
Cc1ccccc1-c1cn(-c2ccccc2)c2ncnc(N)c12,2650.0,CHEMBL674015,CHEMBL174634,CHEMBL203
Nc1ncnc2c1c(-c1ccccc1)cn2-c1ccccc1CO,1100.0,CHEMBL674015,CHEMBL429057,CHEMBL203
Nc1ncnc2c1c(-c1ccccc1)cn2-c1cccc(CNCCO)c1,3400.0,CHEMBL674015,CHEMBL176702,CHEMBL203
CN(CCO)c1cc2c(Nc3cccc(Br)c3)ncnc2cn1,0.22,CHEMBL674648,CHEMBL161956,CHEMBL203
Nc1ncnc2c1c(-c1ccccc1)cn2-c1ccc(CO)cc1,700.0,CHEMBL674015,CHEMBL367442,CHEMBL203
CN(CC(=O)O)c1cc2c(Nc3cccc(Br)c3)ncnc2cn1,0.44,CHEMBL674648,CHEMBL351629,CHEMBL203
Cc1cccc(Nc2ncnc3cnc(NCCN4CCOCC4)cc23)c1,1.5,CHEMBL674648,CHEMBL165731,CHEMBL203
CN(C)c1cc2c(Nc3cccc(Br)c3)ncnc2cn1,0.006,CHEMBL674648,CHEMBL53711,CHEMBL203
Cc1nc(Nc2cccc(Br)c2)c2cc(NCCN3CCOCC3)ncc2n1,117.0,CHEMBL674648,CHEMBL165228,CHEMBL203
COc1ccc(-c2cn(-c3ccccc3)c3ncnc(N)c23)cc1,350.0,CHEMBL674015,CHEMBL176705,CHEMBL203
Nc1ncnc2c1c(-c1ccccc1)cn2-c1ccccc1CNCCO,6400.0,CHEMBL674015,CHEMBL176470,CHEMBL203
CN(CCO)CCNc1cc2c(Nc3cccc(Br)c3)ncnc2cn1,1.7,CHEMBL674648,CHEMBL166255,CHEMBL203
OCCN(CCO)CCNc1cc2c(Nc3cccc(Br)c3)ncnc2cn1,0.93,CHEMBL674648,CHEMBL165630,CHEMBL203
Nc1ncnc2c1c(-c1cccc(Cl)c1)cn2-c1ccccc1,700.0,CHEMBL674015,CHEMBL176309,CHEMBL203
Cc1cccc(Nc2ncnc3cnc(N)cc23)c1,3.1,CHEMBL674648,CHEMBL165495,CHEMBL203
OCCN(CCO)CCCNc1cc2c(Nc3cccc(Br)c3)ncnc2cn1,0.35,CHEMBL674648,CHEMBL163369,CHEMBL203
CCOC(=O)c1ccc(-c2cn(-c3ccccc3)c3ncnc(N)c23)cc1,1300.0,CHEMBL674015,CHEMBL369014,CHEMBL203
CNc1cc2c(Nc3cccc(Br)c3)ncnc2cn1,0.008,CHEMBL676074,CHEMBL53753,CHEMBL203
CCN(CC)CCNC(=O)c1c(C)[nH]c(/C=C2\C(=O)Nc3ccc(Br)cc32)c1C,10000.0,CHEMBL677212,CHEMBL13629,CHEMBL203
CN1CCN(NCCCNc2cc3c(Nc4cccc(Br)c4)ncnc3cn2)CC1,3.9,CHEMBL674648,CHEMBL166307,CHEMBL203
Brc1cccc(Nc2ncnc3cnc(NCCc4ccccn4)cc23)c1,1.2,CHEMBL674648,CHEMBL162223,CHEMBL203
COc1cccc(-c2cn(-c3ccccc3)c3ncnc(N)c23)c1,500.0,CHEMBL674015,CHEMBL172973,CHEMBL203
Nc1ncnc2c1c(-c1ccccc1)cn2-c1ccc(CNCCO)cc1,1400.0,CHEMBL674015,CHEMBL173453,CHEMBL203
CN1CCN(c2cc3c(Nc4cccc(Br)c4)ncnc3cn2)CC1,6.4,CHEMBL674648,CHEMBL162719,CHEMBL203
CNc1cc2c(Nc3cccc(C)c3)ncnc2cn1,0.45,CHEMBL676233,CHEMBL162821,CHEMBL203
COc1cccc(-c2cn(-c3ccc(CCN(C)CCO)cc3)c3ncnc(N)c23)c1,300.0,CHEMBL674015,CHEMBL105436,CHEMBL203
COc1cccc(-c2cn(-c3ccc(CCN(C)CCO)cc3)c3ncnc(N)c23)c1,10000.0,CHEMBL674012,CHEMBL105436,CHEMBL203
CN(C)CCN(C)c1cc2c(Nc3cccc(Br)c3)ncnc2cn1,8.1,CHEMBL674648,CHEMBL162053,CHEMBL203
Brc1cccc(Nc2ncnc3cnc(NCCCN4CCOCC4)cc23)c1,1.0,CHEMBL674648,CHEMBL165574,CHEMBL203
CNc1cc2c(Nc3ccccc3)ncnc2cn1,9.0,CHEMBL674648,CHEMBL53940,CHEMBL203
CNc1cc2c(Nc3cccc(C(F)(F)F)c3)ncnc2cn1,1.1,CHEMBL674648,CHEMBL165788,CHEMBL203
OCC(O)CNc1cc2c(Nc3cccc(Br)c3)ncnc2cn1,0.18,CHEMBL674648,CHEMBL166093,CHEMBL203
CN(C)CCCCNc1cc2c(Nc3cccc(Br)c3)ncnc2cn1,1.8,CHEMBL674648,CHEMBL349070,CHEMBL203
COc1cccc(-c2cn(-c3ccc(CC(=O)NCCO)cc3)c3ncnc(N)c23)c1,800.0,CHEMBL674015,CHEMBL175409,CHEMBL203
CN1CCC(O)(c2nc(-c3ccc(F)cc3)c(-c3ccncc3)o2)CC1,797.0,CHEMBL674025,CHEMBL22978,CHEMBL203
Brc1cccc(Nc2ncnc3cnc(NCCc4c[nH]cn4)cc23)c1,0.78,CHEMBL674648,CHEMBL162142,CHEMBL203
Brc1cccc(Nc2ncnc3cnc(NCc4cccnc4)cc23)c1,1.5,CHEMBL674648,CHEMBL165508,CHEMBL203
CN(CC(O)CO)c1cc2c(Nc3cccc(Br)c3)ncnc2cn1,0.56,CHEMBL674648,CHEMBL165547,CHEMBL203
OCCNc1cc2c(Nc3cccc(Br)c3)ncnc2cn1,0.19,CHEMBL674648,CHEMBL165864,CHEMBL203
Cc1cccc(Nc2ncnc3cnc(NCCc4c[nH]cn4)cc23)c1,1.3,CHEMBL674648,CHEMBL161895,CHEMBL203
CCN(CC)CC(O)CNc1cc2c(Nc3cccc(Br)c3)ncnc2cn1,4.6,CHEMBL676233,CHEMBL433520,CHEMBL203
CCN(CC)CC(O)CNc1cc2c(Nc3cccc(Br)c3)ncnc2cn1,4.6,CHEMBL673924,CHEMBL433520,CHEMBL203
COc1cccc(-c2cn(-c3cccc(CO)c3)c3ncnc(N)c23)c1,800.0,CHEMBL674015,CHEMBL176815,CHEMBL203
COc1cccc(-c2cn(-c3ccc(CNCCO)cc3)c3ncnc(N)c23)c1,300.0,CHEMBL674015,CHEMBL424375,CHEMBL203
COc1cccc(-c2cn(-c3ccc(CNCCO)cc3)c3ncnc(N)c23)c1,6400.0,CHEMBL674012,CHEMBL424375,CHEMBL203
CNc1ncnc2c1c(-c1ccccc1)cn2-c1ccccc1,31000.0,CHEMBL674015,CHEMBL366831,CHEMBL203
Nc1ncnc2c1c(-c1ccccc1)cn2-c1cccc(CO)c1,600.0,CHEMBL674015,CHEMBL173478,CHEMBL203
Nc1ncnc2c1c(-c1ccccc1)cn2-c1cccc(CO)c1,12000.0,CHEMBL674012,CHEMBL173478,CHEMBL203
O=C(O)CNc1cc2c(Nc3cccc(Br)c3)ncnc2cn1,0.28,CHEMBL674648,CHEMBL355816,CHEMBL203
CNc1cc2c(Nc3cccc(Cl)c3)ncnc2cn1,0.19,CHEMBL674648,CHEMBL166154,CHEMBL203
Cc1cccc(Nc2ncnc3cnc(N(C)C)cc23)c1,2.8,CHEMBL674648,CHEMBL163188,CHEMBL203
O=C(O)CCNc1cc2c(Nc3cccc(Br)c3)ncnc2cn1,27.0,CHEMBL674648,CHEMBL163168,CHEMBL203
Nc1ncnc2c1c(-c1ccccc1)cn2-c1ccccc1,500.0,CHEMBL674015,CHEMBL169757,CHEMBL203
Nc1ncnc2c1c(-c1ccccc1)cn2-c1ccccc1,3000.0,CHEMBL674012,CHEMBL169757,CHEMBL203
Cc1cccc(Nc2ncnc3cnc(NCCCN4CCOCC4)cc23)c1,1.8,CHEMBL674648,CHEMBL162508,CHEMBL203
CN(C)CCCNc1cc2c(Nc3cccc(Br)c3)ncnc2cn1,1.2,CHEMBL674648,CHEMBL166358,CHEMBL203
Brc1cccc(Nc2ncnc3cnc(NCCCn4ccnc4)cc23)c1,1.7,CHEMBL674648,CHEMBL162981,CHEMBL203
Nc1cc2c(Nc3cccc(Br)c3)ncnc2cn1,0.13,CHEMBL674648,CHEMBL51853,CHEMBL203
CN(C)CCNc1cc2c(Nc3cccc(Br)c3)ncnc2cn1,1.1,CHEMBL676074,CHEMBL162034,CHEMBL203
CN(C)CCNc1cc2c(Nc3cccc(Br)c3)ncnc2cn1,1.1,CHEMBL673924,CHEMBL162034,CHEMBL203
Brc1cccc(Nc2ncnc3cnc(NCCN4CCOCC4)cc23)c1,0.65,CHEMBL674648,CHEMBL162622,CHEMBL203
Brc1cccc(Nc2ncnc3cnc(NCCN4CCOCC4)cc23)c1,0.7,CHEMBL673924,CHEMBL162622,CHEMBL203
COc1cc(/C=C(\C#N)C(N)=O)cc(CSc2ccc(C)cc2)c1O,8700.0,CHEMBL677392,CHEMBL333454,CHEMBL203
COc1cc(/C=C(\C#N)C(N)=O)cc(CSc2ccc(C)cc2)c1O,1750.0,CHEMBL677393,CHEMBL333454,CHEMBL203
COc1cc(/C=C(\C#N)C(N)=O)cc(CSCc2ccc(Cl)cc2)c1O,14800.0,CHEMBL677392,CHEMBL119923,CHEMBL203
COc1cc(/C=C(\C#N)C(N)=O)cc(CSCc2ccc(Cl)cc2)c1O,16000.0,CHEMBL677393,CHEMBL119923,CHEMBL203
O=C(O)c1ccc(S(=O)(=O)Oc2ccc(/C=C/[N+](=O)[O-])cc2)cc1,1000.0,CHEMBL674640,CHEMBL76958,CHEMBL203
COc1cc(/C=C(\C#N)C(N)=O)cc(CSc2ccc(O)cc2)c1O,2500.0,CHEMBL677392,CHEMBL419047,CHEMBL203
COc1cc(/C=C(\C#N)C(N)=O)cc(CSc2ccc(O)cc2)c1O,2500.0,CHEMBL677393,CHEMBL419047,CHEMBL203
N#C/C(=C\c1cc(O)c(O)c(CSc2nc3ccccc3s2)c1)C(N)=O,6500.0,CHEMBL677392,CHEMBL333553,CHEMBL203
N#C/C(=C\c1cc(O)c(O)c(CSc2nc3ccccc3s2)c1)C(N)=O,3200.0,CHEMBL677393,CHEMBL333553,CHEMBL203
COc1cc(C=C(C#N)C#N)cc(C)c1O,2600000.0,CHEMBL677392,CHEMBL120564,CHEMBL203
COc1cc(C=C(C#N)C#N)cc(C)c1O,87000.0,CHEMBL677393,CHEMBL120564,CHEMBL203
NCCNC(=O)c1ccc(S(=O)(=O)Oc2ccc(/C=C/[N+](=O)[O-])cc2)cc1,5400.0,CHEMBL674640,CHEMBL309075,CHEMBL203
COc1cc(/C=C(\C#N)C(N)=O)cc(CSCCC(=O)O)c1O,125000.0,CHEMBL689289,CHEMBL424625,CHEMBL203
COc1cc(/C=C(\C#N)C(=O)c2ccc(O)c(O)c2)cc(CSCc2ccccc2)c1O,750.0,CHEMBL677392,CHEMBL116547,CHEMBL203
COc1cc(/C=C(\C#N)C(=O)c2ccc(O)c(O)c2)cc(CSCc2ccccc2)c1O,4500.0,CHEMBL677393,CHEMBL116547,CHEMBL203
COc1cc(/C=C(\C#N)C(N)=O)cc(CSc2nc3ccccc3o2)c1O,12500.0,CHEMBL677392,CHEMBL118205,CHEMBL203
COc1cc(/C=C(\C#N)C(N)=O)cc(CSc2nc3ccccc3o2)c1O,5300.0,CHEMBL677393,CHEMBL118205,CHEMBL203
COc1cc(/C=C(\C#N)C(N)=O)cc(CSC2=NCCS2)c1O,16300.0,CHEMBL677392,CHEMBL324030,CHEMBL203
COc1cc(/C=C(\C#N)C(N)=O)cc(CSC2=NCCS2)c1O,8800.0,CHEMBL677393,CHEMBL324030,CHEMBL203
COc1cc(/C=C(\C#N)C(N)=O)cc(CSc2ccccn2)c1O,25000.0,CHEMBL677392,CHEMBL119156,CHEMBL203
COc1cc(/C=C(\C#N)C(N)=O)cc(CSc2ccccn2)c1O,3400.0,CHEMBL677393,CHEMBL119156,CHEMBL203
N#C/C(=C\c1cc(O)c(O)c(CSCc2ccccc2)c1)C(N)=O,940.0,CHEMBL677392,CHEMBL432428,CHEMBL203
N#C/C(=C\c1cc(O)c(O)c(CSCc2ccccc2)c1)C(N)=O,640.0,CHEMBL677393,CHEMBL432428,CHEMBL203
COc1cc(/C=C(\C#N)C(N)=O)cc(CSCc2ccccc2)c1O,1950.0,CHEMBL677392,CHEMBL326318,CHEMBL203
COc1cc(/C=C(\C#N)C(N)=O)cc(CSCc2ccccc2)c1O,900.0,CHEMBL677393,CHEMBL326318,CHEMBL203
Nc1ncnc2c1ncn2[C@@H]1O[C@H](CO)[C@@H](O)[C@H]1O,195000.0,CHEMBL673783,CHEMBL477,CHEMBL203
O=C(O)c1ccc(S(=O)(=O)Oc2ccc(/C=C/[N+](=O)[O-])cc2)cc1O,54.0,CHEMBL674640,CHEMBL449093,CHEMBL203
CNC(=O)c1ccc(S(=O)(=O)Oc2ccc(/C=C(\C)[N+](=O)[O-])cc2OC)cc1,4000.0,CHEMBL674640,CHEMBL78280,CHEMBL203
COc1cc(C=C(C#N)C#N)cc(CSc2ccccc2)c1O,370000.0,CHEMBL677392,CHEMBL122522,CHEMBL203
COc1cc(C=C(C#N)C#N)cc(CSc2ccccc2)c1O,6700.0,CHEMBL677393,CHEMBL122522,CHEMBL203
O=[N+]([O-])/C=C/c1ccc(O)c(O)c1,8800.0,CHEMBL674640,CHEMBL78224,CHEMBL203
COc1cc(/C=C(\C#N)C(N)=O)cc(CSc2ccccc2C(=O)O)c1O,37000.0,CHEMBL677392,CHEMBL119987,CHEMBL203
COc1cc(/C=C(\C#N)C(N)=O)cc(CSc2ccccc2C(=O)O)c1O,710.0,CHEMBL677393,CHEMBL119987,CHEMBL203
CN[C@@H]1C[C@H]2O[C@@](C)([C@@H]1OC)n1c3ccccc3c3c4c(c5c6ccccc6n2c5c31)C(=O)NC4,49.0,CHEMBL677530,CHEMBL388978,CHEMBL203
COc1cc(/C=C(\C#N)C(N)=O)cc(CSCCCC(=O)O)c1O,60000.0,CHEMBL677392,CHEMBL326044,CHEMBL203
COc1cc(/C=C(\C#N)C(N)=O)cc(CSCCCC(=O)O)c1O,48000.0,CHEMBL677393,CHEMBL326044,CHEMBL203
COc1cc(/C=C(\C#N)C(N)=O)cc(CSc2ccccc2)c1O,2900.0,CHEMBL677392,CHEMBL116595,CHEMBL203
COc1cc(/C=C(\C#N)C(N)=O)cc(CSc2ccccc2)c1O,400.0,CHEMBL677393,CHEMBL116595,CHEMBL203
COc1cc(C=C(C#N)C#N)cc(CSc2ccccc2C(=O)O)c1O,36000.0,CHEMBL677392,CHEMBL118321,CHEMBL203
COc1cc(C=C(C#N)C#N)cc(CSc2ccccc2C(=O)O)c1O,8000.0,CHEMBL677393,CHEMBL118321,CHEMBL203
COc1cc(/C=C/[N+](=O)[O-])ccc1O,7900.0,CHEMBL674640,CHEMBL309016,CHEMBL203
COc1cc(/C=C(\C)[N+](=O)[O-])ccc1OS(=O)(=O)c1ccc(C(=O)O)cc1,2500.0,CHEMBL674640,CHEMBL77397,CHEMBL203
CC(C)(C)OC(=O)NCCNC(=O)c1ccc(S(=O)(=O)Oc2ccc(/C=C/[N+](=O)[O-])cc2)cc1,1400.0,CHEMBL674640,CHEMBL418906,CHEMBL203
C/C(=C\c1ccc(O)c(O)c1)[N+](=O)[O-],9400.0,CHEMBL674640,CHEMBL78049,CHEMBL203
C[C@@H](NC(=O)c1ccc(S(=O)(=O)Oc2ccc(/C=C/[N+](=O)[O-])cc2)cc1)C(=O)N[C@H](C)C(=O)NCCN,17000.0,CHEMBL674640,CHEMBL309392,CHEMBL203
COc1cc(C=C(C#N)C#N)cc(CS(=O)(=O)c2ccc(C)cc2)c1O,85000.0,CHEMBL677392,CHEMBL334032,CHEMBL203
COc1cc(C=C(C#N)C#N)cc(CS(=O)(=O)c2ccc(C)cc2)c1O,23000.0,CHEMBL677393,CHEMBL334032,CHEMBL203
Nc1ncnc2c1ncn2[C@@H]1O[C@H](COC(=O)c2ccc(S(=O)(=O)Oc3ccc(/C=C/[N+](=O)[O-])cc3)cc2)[C@@H](O)[C@H]1O,600.0,CHEMBL674640,CHEMBL505705,CHEMBL203
COc1cc(/C=C(\C#N)C(N)=O)cc(CSc2nc3cc(Cl)ccc3s2)c1O,4400.0,CHEMBL677392,CHEMBL115519,CHEMBL203
COc1cc(/C=C(\C#N)C(N)=O)cc(CSc2ccc3ccccc3c2)c1O,6600.0,CHEMBL677392,CHEMBL330879,CHEMBL203
COc1cc(/C=C(\C#N)C(N)=O)cc(CSc2ccc3ccccc3c2)c1O,1700.0,CHEMBL677393,CHEMBL330879,CHEMBL203
COC(=O)c1ccc(S(=O)(=O)Oc2ccc(/C=C/[N+](=O)[O-])cc2)cc1O,1800.0,CHEMBL674640,CHEMBL76929,CHEMBL203
C[C@@H](NC(=O)[C@@H](C)NC(=O)c1ccc(S(=O)(=O)Oc2ccc(/C=C/[N+](=O)[O-])cc2)cc1)C(=O)O,7000.0,CHEMBL674640,CHEMBL311133,CHEMBL203
COc1cc(/C=C(\C#N)C(N)=O)cc(CSc2nc3ccccc3s2)c1O,18600.0,CHEMBL677392,CHEMBL118109,CHEMBL203
COc1cc(/C=C(\C#N)C(N)=O)cc(CSc2nc3ccccc3s2)c1O,19000.0,CHEMBL677393,CHEMBL118109,CHEMBL203
COc1cc(/C=C/[N+](=O)[O-])ccc1OS(=O)(=O)c1ccc(C(=O)O)cc1,2800.0,CHEMBL674640,CHEMBL418907,CHEMBL203
COC(=O)c1ccc(S(=O)(=O)Oc2ccc(/C=C/[N+](=O)[O-])cc2)cc1,1500.0,CHEMBL674640,CHEMBL77401,CHEMBL203
CCCCNC(=O)c1ccc(S(=O)(=O)Oc2ccc(/C=C/[N+](=O)[O-])cc2)cc1,4800.0,CHEMBL674640,CHEMBL77100,CHEMBL203
O=[N+]([O-])/C=C/c1ccc(O)cc1,10100.0,CHEMBL674640,CHEMBL307481,CHEMBL203
CC(C)(C)NC(=O)c1ccc(S(=O)(=O)Oc2ccc(/C=C/[N+](=O)[O-])cc2)cc1,1300.0,CHEMBL674640,CHEMBL78206,CHEMBL203
COc1cc(/C=C/[N+](=O)[O-])ccc1OS(=O)(=O)c1ccc(C(=O)OC[C@H]2O[C@@H](n3cnc4c(N)ncnc43)[C@H](O)[C@@H]2O)cc1,500.0,CHEMBL674640,CHEMBL453502,CHEMBL203
COc1cc(/C=C(\C#N)C(N)=O)cc(CSc2ccccc2NC(C)=O)c1O,5600.0,CHEMBL677392,CHEMBL115895,CHEMBL203
COc1cc(/C=C(\C#N)C(N)=O)cc(CSc2ccccc2NC(C)=O)c1O,22000.0,CHEMBL677393,CHEMBL115895,CHEMBL203
COc1cc(/C=C(\C#N)C(N)=O)cc(CSc2nc3ccccc3[nH]2)c1O,75000.0,CHEMBL677392,CHEMBL331026,CHEMBL203
COc1cc(/C=C(\C#N)C(N)=O)cc(CSc2nc3ccccc3[nH]2)c1O,14500.0,CHEMBL677393,CHEMBL331026,CHEMBL203
Cc1cc(C=C(C#N)C#N)cc(O)c1O,5600.0,CHEMBL677392,CHEMBL116423,CHEMBL203
Cc1cc(C=C(C#N)C#N)cc(O)c1O,62000.0,CHEMBL677393,CHEMBL116423,CHEMBL203
COc1cc(/C=C(\C#N)C(N)=O)cc(CSCc2ccccc2Cl)c1O,2500.0,CHEMBL677392,CHEMBL326100,CHEMBL203
COc1cc(/C=C(\C#N)C(N)=O)cc(CSCc2ccccc2Cl)c1O,1000.0,CHEMBL677393,CHEMBL326100,CHEMBL203
COc1cc(C=C(C#N)C#N)cc(CSCC(=O)O)c1O,96000.0,CHEMBL677392,CHEMBL120719,CHEMBL203
COc1cc(C=C(C#N)C#N)cc(CSCC(=O)O)c1O,54000.0,CHEMBL677393,CHEMBL120719,CHEMBL203
CNC(=O)c1ccc(S(=O)(=O)Oc2ccc(/C=C/[N+](=O)[O-])cc2)cc1,400.0,CHEMBL674640,CHEMBL74432,CHEMBL203
O=C(O)c1ccc(S(=O)(=O)Oc2ccc(/C=C/[N+](=O)[O-])cc2)c(O)c1,310.0,CHEMBL674640,CHEMBL77688,CHEMBL203
C[C@@H](NC(=O)c1ccc(S(=O)(=O)Oc2ccc(/C=C/[N+](=O)[O-])cc2)cc1)C(=O)N[C@H](C)C(=O)OC(C)(C)C,40000.0,CHEMBL674640,CHEMBL312451,CHEMBL203
C=CC(=O)Nc1cc2c(Nc3cccc(Br)c3)ncnc2cc1OCCCn1ccnc1,3.0,CHEMBL674020,CHEMBL286343,CHEMBL203
C=CC(=O)Nc1cc2c(Nc3cccc(Br)c3)ncnc2cc1OCCCn1ccnc1,21.0,CHEMBL674019,CHEMBL286343,CHEMBL203
C=CC(=O)Nc1cc2c(Nc3ccc(F)c(Cl)c3)ncnc2cc1OCCCN1CCOCC1,1.5,CHEMBL674020,CHEMBL31965,CHEMBL203
C=CC(=O)Nc1cc2c(Nc3ccc(F)c(Cl)c3)ncnc2cc1OCCCN1CCOCC1,7.4,CHEMBL674019,CHEMBL31965,CHEMBL203
C=CC(=O)Nc1ccc2ncnc(Nc3cccc(Br)c3)c2c1,0.7,CHEMBL674020,CHEMBL285063,CHEMBL203
C=CC(=O)Nc1ccc2ncnc(Nc3cccc(Br)c3)c2c1,2.7,CHEMBL674019,CHEMBL285063,CHEMBL203
C=CC(=O)Nc1cc2c(Nc3ccc(F)c(Br)c3)ncnc2cc1OCCCN1CCOCC1,1.8,CHEMBL674020,CHEMBL27685,CHEMBL203
C=CC(=O)Nc1cc2c(Nc3ccc(F)c(Br)c3)ncnc2cc1OCCCN1CCOCC1,4.7,CHEMBL674019,CHEMBL27685,CHEMBL203
C=CC(=O)N(C)c1nc2c(Nc3ccc(F)c(Cl)c3)ncnc2cc1OCCCN1CCOCC1,20.0,CHEMBL674020,CHEMBL31630,CHEMBL203
C=CC(=O)N(C)c1nc2c(Nc3ccc(F)c(Cl)c3)ncnc2cc1OCCCN1CCOCC1,88.0,CHEMBL674019,CHEMBL31630,CHEMBL203
C=CC(=O)Nc1cc2c(Nc3cccc(C)c3)ncnc2cc1OCCCN1CCOCC1,1.5,CHEMBL674020,CHEMBL27688,CHEMBL203
C=CC(=O)Nc1cc2c(Nc3cccc(C)c3)ncnc2cc1OCCCN1CCOCC1,27.0,CHEMBL674019,CHEMBL27688,CHEMBL203
C=CC(=O)Nc1ccc2ncnc(Nc3ccc(F)c(Cl)c3)c2c1,0.75,CHEMBL674020,CHEMBL31373,CHEMBL203
C=CC(=O)Nc1ccc2ncnc(Nc3ccc(F)c(Cl)c3)c2c1,3.1,CHEMBL674019,CHEMBL31373,CHEMBL203
C=CC(=O)Nc1nc2c(Nc3ccc(F)c(Cl)c3)ncnc2cc1OC,0.95,CHEMBL674020,CHEMBL31816,CHEMBL203
C=CC(=O)Nc1nc2c(Nc3ccc(F)c(Cl)c3)ncnc2cc1OC,291.0,CHEMBL674019,CHEMBL31816,CHEMBL203
C=CC(=O)Nc1nc2c(Nc3ccc(F)c(Cl)c3)ncnc2cc1/C=C/CCN1CCOCC1,0.16,CHEMBL674020,CHEMBL417478,CHEMBL203
C=CC(=O)Nc1nc2c(Nc3ccc(F)c(Cl)c3)ncnc2cc1/C=C/CCN1CCOCC1,119.0,CHEMBL674019,CHEMBL417478,CHEMBL203
C=CC(=O)Nc1cc2c(Nc3cccc(Br)c3)ncnc2cc1OCCCN1CCN(C)CC1,1.7,CHEMBL674020,CHEMBL32844,CHEMBL203
C=CC(=O)Nc1cc2c(Nc3cccc(Br)c3)ncnc2cc1OCCCN1CCN(C)CC1,3.0,CHEMBL674019,CHEMBL32844,CHEMBL203
C=CC(=O)Nc1cc2c(Nc3cccc(Br)c3)ncnc2cc1OCCCCN(C)C,3.9,CHEMBL674020,CHEMBL31588,CHEMBL203
C=CC(=O)Nc1cc2c(Nc3cccc(Br)c3)ncnc2cc1OCCCCN(C)C,7.9,CHEMBL674019,CHEMBL31588,CHEMBL203
C=CC(=O)Nc1nc2c(Nc3ccc(F)c(Cl)c3)ncnc2cc1OCCCN1CCOCC1,1.5,CHEMBL674020,CHEMBL31656,CHEMBL203
C=CC(=O)Nc1nc2c(Nc3ccc(F)c(Cl)c3)ncnc2cc1OCCCN1CCOCC1,434.0,CHEMBL674019,CHEMBL31656,CHEMBL203
C=CC(=O)Nc1cc2c(Nc3cccc(Br)c3)ncnc2cc1OCCCN1CCOCC1,3.6,CHEMBL674020,CHEMBL31419,CHEMBL203
C=CC(=O)Nc1cc2c(Nc3cccc(Br)c3)ncnc2cc1OCCCN1CCOCC1,5.3,CHEMBL674019,CHEMBL31419,CHEMBL203
C=CC(=O)Nc1cc2c(Nc3cccc(Br)c3)ncnc2cc1SCCCN(CC)CC,0.78,CHEMBL674020,CHEMBL31326,CHEMBL203
C=CC(=O)Nc1cc2c(Nc3cccc(Br)c3)ncnc2cc1SCCCN(CC)CC,196.0,CHEMBL674019,CHEMBL31326,CHEMBL203
C=CC(=O)Nc1ccc2ncnc(Nc3cccc(C)c3)c2c1,0.42,CHEMBL674020,CHEMBL31815,CHEMBL203
C=CC(=O)Nc1ccc2ncnc(Nc3cccc(C)c3)c2c1,4.7,CHEMBL674019,CHEMBL31815,CHEMBL203
C=CC(=O)Nc1ccc2ncnc(Nc3ccc(F)c(Br)c3)c2c1,0.69,CHEMBL674020,CHEMBL280757,CHEMBL203
C=CC(=O)Nc1ccc2ncnc(Nc3ccc(F)c(Br)c3)c2c1,2.7,CHEMBL674019,CHEMBL280757,CHEMBL203
C=CC(=O)Nc1ccc2ncnc(Nc3ccc(F)c(Cl)c3)c2n1,0.75,CHEMBL674020,CHEMBL28418,CHEMBL203
C=CC(=O)Nc1ccc2ncnc(Nc3ccc(F)c(Cl)c3)c2n1,18.0,CHEMBL674019,CHEMBL28418,CHEMBL203
C=CC(=O)Nc1nc2c(Nc3ccc(F)c(Cl)c3)ncnc2cc1CCCCN1CCOCC1,2.7,CHEMBL674020,CHEMBL281543,CHEMBL203
C=CC(=O)Nc1nc2c(Nc3ccc(F)c(Cl)c3)ncnc2cc1CCCCN1CCOCC1,5100.0,CHEMBL674019,CHEMBL281543,CHEMBL203
C=CC(=O)Nc1nc2c(Nc3ccc(F)c(Cl)c3)ncnc2cc1OCCCN1CCN(C)CC1,6.6,CHEMBL674020,CHEMBL284326,CHEMBL203
C=CC(=O)Nc1nc2c(Nc3ccc(F)c(Cl)c3)ncnc2cc1OCCCN1CCN(C)CC1,264.0,CHEMBL674019,CHEMBL284326,CHEMBL203
C=CC(=O)Nc1cc2c(Nc3ccc(F)c(Cl)c3)ncnc2cc1OCCOCCCCO,1.7,CHEMBL674020,CHEMBL32079,CHEMBL203
C=CC(=O)Nc1cc2c(Nc3cccc(C)c3)ncnc2cc1OCCCN1CCN(C)CC1,2.0,CHEMBL674020,CHEMBL31622,CHEMBL203
C=CC(=O)Nc1cc2c(Nc3cccc(C)c3)ncnc2cc1OCCCN1CCN(C)CC1,18.0,CHEMBL674019,CHEMBL31622,CHEMBL203
C=CC(=O)Nc1nc2c(Nc3ccc(F)c(Cl)c3)ncnc2cc1OCCOC,0.97,CHEMBL674020,CHEMBL31570,CHEMBL203
C=CC(=O)Nc1nc2c(Nc3ccc(F)c(Cl)c3)ncnc2cc1OCCOC,377.0,CHEMBL674019,CHEMBL31570,CHEMBL203
C=CC(=O)Nc1ccc2ncnc(Nc3ccc(CN(C)C)c(Br)c3)c2c1,45.0,CHEMBL674020,CHEMBL283201,CHEMBL203
C=CC(=O)Nc1ccc2ncnc(Nc3ccc(CN(C)C)c(Br)c3)c2c1,416.0,CHEMBL674019,CHEMBL283201,CHEMBL203
C=CC(=O)Nc1ccc2ncnc(Nc3ccc(OCCN(C)C)c(Br)c3)c2c1,27.0,CHEMBL674020,CHEMBL31369,CHEMBL203
C=CC(=O)Nc1ccc2ncnc(Nc3ccc(OCCN(C)C)c(Br)c3)c2c1,7693.0,CHEMBL674019,CHEMBL31369,CHEMBL203
CC(C)(C)NC(=O)Nc1nc2nc(N)ncc2cc1-c1c(Cl)cccc1Cl,450.0,CHEMBL677885,CHEMBL57366,CHEMBL203
Cc1cc(C)c(C)c(-c2cc3cnc(N)nc3nc2NC(=O)NC(C)(C)C)c1C,6680.0,CHEMBL674011,CHEMBL56236,CHEMBL203
COc1cc(OC)cc(-c2cc3cnc(N)nc3nc2NC(=O)NC(C)(C)C)c1,50000.0,CHEMBL677885,CHEMBL299763,CHEMBL203
Cn1c(SSc2c(C(=O)Nc3ccccc3)c3cc(Cl)ccc3n2C)c(C(=O)Nc2ccccc2)c2cc(Cl)ccc21,4300.0,CHEMBL677470,CHEMBL293889,CHEMBL203
Cn1c(SSc2c(C#N)c3ccccc3n2C)c(C#N)c2ccccc21,6900.0,CHEMBL677470,CHEMBL160566,CHEMBL203
Nc1ccc2c(Nc3cccc(Br)c3)ncnc2c1,0.1,CHEMBL677205,CHEMBL420624,CHEMBL203
CC(C)c1cc(/C=C2\C(=O)Nc3ccccc32)cc(C(C)C)c1O,15300.0,CHEMBL676159,CHEMBL85021,CHEMBL203
O=[N+]([O-])c1ccc2ncnc(Nc3cccc(Br)c3)c2c1,897.0,CHEMBL677204,CHEMBL329161,CHEMBL203
Nc1cccc2c(Nc3cccc(Br)c3)ncnc12,105.0,CHEMBL677204,CHEMBL333082,CHEMBL203
C=CC(=O)Nc1ccc2ncnc(Nc3cccc(C(F)(F)F)c3)c2c1,0.91,CHEMBL856168,CHEMBL53690,CHEMBL203
C=CC(=O)Nc1ccc2ncnc(Nc3cccc(C(F)(F)F)c3)c2c1,4.5,CHEMBL679551,CHEMBL53690,CHEMBL203
C=CC(=O)Nc1ccc2c(Nc3cccc(C)c3)ncnc2c1,1.6,CHEMBL856168,CHEMBL297968,CHEMBL203
C=CC(=O)Nc1ccc2c(Nc3cccc(C)c3)ncnc2c1,90.0,CHEMBL679551,CHEMBL297968,CHEMBL203
CCOc1cc2ncnc(Nc3cccc(-c4nccs4)c3)c2cc1OCC,2.0,CHEMBL678292,CHEMBL126192,CHEMBL203
Cn1c(SSc2c(C(N)=O)c3ccccc3n2C)c(C(N)=O)c2ccccc21,4700.0,CHEMBL677470,CHEMBL157807,CHEMBL203
Nc1cc2ncnc(Nc3cccc(Br)c3)c2cc1N,0.12,CHEMBL677204,CHEMBL328216,CHEMBL203
Oc1cc2ncnc(Nc3cccc(Br)c3)c2cc1O,0.17,CHEMBL677205,CHEMBL93032,CHEMBL203
CCOc1cc2nc(CC)nc(Nc3cccc(-c4csc(C)n4)c3)c2cc1OCC,9300.0,CHEMBL678292,CHEMBL126483,CHEMBL203
NC(Cc1c(SSc2[nH]c3ccccc3c2CC(N)C(=O)NCc2ccccc2)[nH]c2ccccc12)C(=O)NCc1ccccc1,3300.0,CHEMBL677470,CHEMBL336174,CHEMBL203
O=C(Nc1ccccc1)c1c(SSc2[nH]c3ccccc3c2C(=O)Nc2ccccc2)[nH]c2ccccc12,100000.0,CHEMBL677470,CHEMBL345641,CHEMBL203
Brc1cccc(Oc2ncnc3ccccc23)c1,756.0,CHEMBL677204,CHEMBL117710,CHEMBL203
COc1cccc2ncnc(Nc3cccc(Br)c3)c12,139.0,CHEMBL677204,CHEMBL119033,CHEMBL203
O=[N+]([O-])c1cccc2ncnc(Nc3cccc(Br)c3)c12,355.0,CHEMBL677205,CHEMBL116308,CHEMBL203
Cn1c(SSc2c(C(=O)Nc3cccc(C(=O)O)c3)c3ccccc3n2C)c(C(=O)Nc2cccc(C(=O)O)c2)c2ccccc21,12000.0,CHEMBL677470,CHEMBL345837,CHEMBL203
Cn1c(SSc2c(C(=O)c3ccc(C(=O)O)cc3)c3ccccc3n2C)c(C(=O)c2ccc(C(=O)O)cc2)c2ccccc21,5500.0,CHEMBL677470,CHEMBL346770,CHEMBL203
COc1ccc(CNc2ncnc3ccccc23)cc1,10000.0,CHEMBL677204,CHEMBL116919,CHEMBL203
CCOc1cc2ncnc(Nc3cccc(-c4csc(N)n4)c3)c2cc1OCC,560.0,CHEMBL678292,CHEMBL340660,CHEMBL203
Cn1c(SSc2c(C(=O)Nc3ccc(C(=O)O)cc3)c3ccccc3n2C)c(C(=O)Nc2ccc(C(=O)O)cc2)c2ccccc21,16900.0,CHEMBL677470,CHEMBL347161,CHEMBL203
COc1cccc2ncnc(NCc3ccccc3)c12,4900.0,CHEMBL677204,CHEMBL330882,CHEMBL203
C=CC(=O)Nc1ccc2ncnc(Nc3ccc(F)c(Br)c3)c2c1,0.69,CHEMBL674018,CHEMBL280757,CHEMBL203
C=CC(=O)Nc1ccc2ncnc(Nc3ccc(F)c(Br)c3)c2c1,2.7,CHEMBL674017,CHEMBL280757,CHEMBL203
COc1ccc2c(NCc3ccccc3)ncnc2c1,58.0,CHEMBL677204,CHEMBL326596,CHEMBL203
Nc1cccc2ncnc(Nc3cccc(Br)c3)c12,439.0,CHEMBL677204,CHEMBL333418,CHEMBL203
COC(=O)c1ccc(CNC(=O)c2c(SSc3c(C(=O)NCc4ccc(C(=O)OC)cc4)c4ccccc4n3C)n(C)c3ccccc23)cc1,13000.0,CHEMBL677470,CHEMBL347659,CHEMBL203
Cc1cccc(Nc2ncnc3ccccc23)c1,910.0,CHEMBL677204,CHEMBL441083,CHEMBL203
Clc1cccc(Nc2ncnc3ccccc23)c1,23.0,CHEMBL677204,CHEMBL329672,CHEMBL203
C=CC(=O)Nc1ccc2ncnc(Nc3ccc(OCc4ccccc4)cc3)c2c1,3.6,CHEMBL856168,CHEMBL430571,CHEMBL203
C=CC(=O)Nc1ccc2ncnc(Nc3ccc(OCc4ccccc4)cc3)c2c1,4.2,CHEMBL679551,CHEMBL430571,CHEMBL203
C=CC(=O)Nc1ccc2c(Nc3cccc(Cl)c3)ncnc2c1,0.25,CHEMBL856168,CHEMBL52913,CHEMBL203
C=CC(=O)Nc1ccc2c(Nc3cccc(Cl)c3)ncnc2c1,53.0,CHEMBL679551,CHEMBL52913,CHEMBL203
Cn1c(SSc2c(C(=O)NCC(O)CO)c3ccccc3n2C)c(C(=O)NCC(O)CO)c2ccccc21,43000.0,CHEMBL677470,CHEMBL158797,CHEMBL203
COC(=O)c1ccc(C(=O)c2c(SSc3c(C(=O)c4ccc(C(=O)OC)cc4)c4ccccc4n3C)n(C)c3ccccc23)cc1,6100.0,CHEMBL677470,CHEMBL346553,CHEMBL203
Ic1cccc(Nc2ncnc3ccccc23)c1,80.0,CHEMBL677204,CHEMBL92825,CHEMBL203
COc1ccc2ncnc(Nc3cccc(Br)c3)c2c1,348.0,CHEMBL677204,CHEMBL52197,CHEMBL203
COc1cccc(Nc2ncnc3ccccc23)c1,842.0,CHEMBL677204,CHEMBL117697,CHEMBL203
O=[N+]([O-])c1ccc2c(Nc3cccc(Br)c3)ncnc2c1,1000.0,CHEMBL677204,CHEMBL94275,CHEMBL203
C=CC(=O)Nc1cc2c(Nc3ccc(F)c(Br)c3)ncnc2cn1,0.72,CHEMBL674018,CHEMBL54091,CHEMBL203
C=CC(=O)Nc1cc2c(Nc3ccc(F)c(Br)c3)ncnc2cn1,2.1,CHEMBL674017,CHEMBL54091,CHEMBL203
CC(C)c1cc(/C=C2\C(=O)Nc3ccc(Cl)cc32)cc(C(C)C)c1O,9500.0,CHEMBL676159,CHEMBL89723,CHEMBL203
CC(=O)c1c(SSc2c(C(C)=O)c3ccccc3n2C)n(C)c2ccccc12,5600.0,CHEMBL677470,CHEMBL351920,CHEMBL203
COc1cc2c(NCc3ccccc3)ncnc2cc1O,588.0,CHEMBL677204,CHEMBL333851,CHEMBL203
C=CC(=O)Nc1ccc2ncnc(Nc3ccc(F)c(Br)c3)c2n1,1.2,CHEMBL674018,CHEMBL53665,CHEMBL203
C=CC(=O)Nc1ccc2ncnc(Nc3ccc(F)c(Br)c3)c2n1,18.0,CHEMBL674017,CHEMBL53665,CHEMBL203
CCOc1cc2ncnc(Nc3cccc(-c4csc(C)n4)c3)c2cc1OCC,4800.0,CHEMBL678293,CHEMBL126456,CHEMBL203
COc1c(Br)cc(/C=C2\C(=O)Nc3ccccc32)cc1C(C)(C)C,19000.0,CHEMBL676159,CHEMBL87746,CHEMBL203
COc1ccc2c(Nc3cccc(Br)c3)ncnc2c1,10.0,CHEMBL677204,CHEMBL93181,CHEMBL203
Cc1ccc(N(C)C(=O)c2ccccc2)cc1Nc1nccc(-c2cccnc2)n1,49000.0,CHEMBL676151,CHEMBL278287,CHEMBL203
CNC(=O)c1c(SSc2[nH]c3ccccc3c2C(=O)NC)[nH]c2ccccc12,6100.0,CHEMBL677470,CHEMBL161226,CHEMBL203
COc1cccc2c(Nc3cccc(Br)c3)ncnc12,974.0,CHEMBL677205,CHEMBL289787,CHEMBL203
C=CC(=O)Nc1ccc2ncnc(Nc3cccc(Br)c3)c2n1,1.1,CHEMBL674018,CHEMBL296168,CHEMBL203
C=CC(=O)Nc1ccc2ncnc(Nc3cccc(Br)c3)c2n1,5.6,CHEMBL674017,CHEMBL296168,CHEMBL203
C=CC(=O)Nc1ccc2ncnc(N3CCc4ccc(Br)cc43)c2c1,0.4,CHEMBL674018,CHEMBL51741,CHEMBL203
C=CC(=O)Nc1ccc2ncnc(N3CCc4ccc(Br)cc43)c2c1,9.9,CHEMBL674017,CHEMBL51741,CHEMBL203
Cc1ccc(N(C(=O)c2ccccc2)C(=O)c2ccccc2)cc1Nc1nccc(-c2cccnc2)n1,75000.0,CHEMBL676151,CHEMBL277430,CHEMBL203
COc1cc2ncnc(NCc3ccccc3)c2cc1OC,10.0,CHEMBL677204,CHEMBL325245,CHEMBL203
c1ccc(-c2c(SSc3[nH]c4ccccc4c3-c3ccccc3)[nH]c3ccccc23)cc1,100000.0,CHEMBL677470,CHEMBL422540,CHEMBL203
Brc1cccc(Nc2ccnc3ccccc23)c1,5500.0,CHEMBL677204,CHEMBL37346,CHEMBL203
C=CC(=O)Nc1cc2c(Nc3cccc(Br)c3)ncnc2cn1,0.91,CHEMBL674018,CHEMBL51659,CHEMBL203
C=CC(=O)Nc1cc2c(Nc3cccc(Br)c3)ncnc2cn1,3.4,CHEMBL674017,CHEMBL51659,CHEMBL203
Cn1c(SSc2c(C(=O)Nc3ccccn3)c3ccccc3n2C)c(C(=O)Nc2ccccn2)c2ccccc21,47000.0,CHEMBL677470,CHEMBL435054,CHEMBL203
Cn1c(SSc2c(C(=O)NCC(=O)O)c3ccccc3n2C)c(C(=O)NCC(=O)O)c2ccccc21,10000.0,CHEMBL677470,CHEMBL345211,CHEMBL203
Nc1ccc2ncnc(NCc3ccccc3)c2c1,1400.0,CHEMBL677204,CHEMBL332096,CHEMBL203
c1ccc(CCNc2ncnc3ccccc23)cc1,4100.0,CHEMBL677204,CHEMBL117804,CHEMBL203
CN(c1ccccc1)c1ncnc2ccccc12,100000.0,CHEMBL677204,CHEMBL324371,CHEMBL203
CCOc1cc2ncnc(Nc3cccc(-c4cncs4)c3)c2cc1OCC,11.0,CHEMBL678292,CHEMBL340862,CHEMBL203
Cn1c(SSc2c(C(=O)NCc3ccc(C(=O)O)cc3)c3ccccc3n2C)c(C(=O)NCc2ccc(C(=O)O)cc2)c2ccccc21,5300.0,CHEMBL677470,CHEMBL158805,CHEMBL203
Cn1c(SSc2c(C(=O)Nc3ccccc3)c3ccccc3n2C)c(C(=O)Nc2ccccc2)c2ccccc21,10900.0,CHEMBL677470,CHEMBL304414,CHEMBL203
O=[N+]([O-])c1ccc2c(NCc3ccccc3)ncnc2c1,5900.0,CHEMBL677204,CHEMBL116748,CHEMBL203
COc1cc2ncnc(NCc3ccccc3)c2cc1O,56.0,CHEMBL677204,CHEMBL115745,CHEMBL203
C=CC(=O)Nc1cc2ncnc(Nc3cccc(Br)c3)c2cn1,0.54,CHEMBL674018,CHEMBL49986,CHEMBL203
C=CC(=O)Nc1cc2ncnc(Nc3cccc(Br)c3)c2cn1,108.0,CHEMBL674017,CHEMBL49986,CHEMBL203
CC(C)c1ccc(/C=C2/C(=O)Nc3ccccc32)cc1,18500.0,CHEMBL676159,CHEMBL48760,CHEMBL203
Cn1c(SSc2c(C(=O)Nc3ccccc3C(=O)O)c3ccccc3n2C)c(C(=O)Nc2ccccc2C(=O)O)c2ccccc21,47000.0,CHEMBL677470,CHEMBL345862,CHEMBL203
O=[N+]([O-])c1cccc2ncnc(NCc3ccccc3)c12,8000.0,CHEMBL677204,CHEMBL119708,CHEMBL203
COc1ccc2ncnc(NCc3ccccc3)c2c1,200.0,CHEMBL677204,CHEMBL332938,CHEMBL203
C=CC(=O)Nc1ccc2c(Nc3cccc(Br)c3)ncnc2c1,0.45,CHEMBL674018,CHEMBL443523,CHEMBL203
C=CC(=O)Nc1ccc2c(Nc3cccc(Br)c3)ncnc2c1,14.0,CHEMBL674017,CHEMBL443523,CHEMBL203
CCOc1cc2ncnc(Nc3cccc(-c4cc[nH]n4)c3)c2cc1OCC,11.0,CHEMBL678292,CHEMBL125920,CHEMBL203
CC(C)(C)c1cc(/C=C2\C(=O)Nc3ccccc32)cc(C(C)(C)C)c1O,7900.0,CHEMBL676159,CHEMBL89505,CHEMBL203
C=CC(=O)Nc1ccc2ncnc(Nc3ccc(F)c(Cl)c3)c2n1,0.75,CHEMBL674018,CHEMBL28418,CHEMBL203
C=CC(=O)Nc1ccc2ncnc(Nc3ccc(F)c(Cl)c3)c2n1,18.0,CHEMBL674017,CHEMBL28418,CHEMBL203
C#Cc1cc(Nc2ncnc3cc(OC)c(OC)cc23)ccc1F,4.0,CHEMBL678292,CHEMBL65250,CHEMBL203
Cc1ccc(S(=O)(=O)c2c(SSc3[nH]c4ccccc4c3S(=O)(=O)c3ccc(C)cc3)[nH]c3ccccc23)cc1,28700.0,CHEMBL677470,CHEMBL347854,CHEMBL203
Brc1cccc(Nc2ncnc3ccccc23)c1,27.0,CHEMBL677204,CHEMBL290096,CHEMBL203
Nc1ccc2ncnc(Nc3cccc(Br)c3)c2c1,0.79,CHEMBL677204,CHEMBL52765,CHEMBL203
COc1cc2ncnc(Nc3cccc(Br)c3)c2cc1OC,0.029,CHEMBL677204,CHEMBL29197,CHEMBL203
Clc1ccc(CNc2ncnc3ccccc23)cc1,7000.0,CHEMBL677204,CHEMBL117554,CHEMBL203
c1ccc(Nc2ncnc3ccccc23)cc1,344.0,CHEMBL677204,CHEMBL289959,CHEMBL203
c1ccc(CNc2ncnc3ccccc23)cc1,320.0,CHEMBL677205,CHEMBL102726,CHEMBL203
C=CC(=O)Nc1ccc2ncnc(Nc3cccc(Br)c3)c2c1,0.7,CHEMBL674018,CHEMBL285063,CHEMBL203
C=CC(=O)Nc1ccc2ncnc(Nc3cccc(Br)c3)c2c1,4.3,CHEMBL674017,CHEMBL285063,CHEMBL203
C=CC(=O)Nc1ccc2ncnc(Nc3ccc(F)c(Cl)c3)c2c1,0.75,CHEMBL674018,CHEMBL31373,CHEMBL203
C=CC(=O)Nc1ccc2ncnc(Nc3ccc(F)c(Cl)c3)c2c1,3.1,CHEMBL674017,CHEMBL31373,CHEMBL203
CCc1ccc(/C=C2\C(=O)Nc3ccccc32)s1,44000.0,CHEMBL676159,CHEMBL314146,CHEMBL203
C=CC(=O)Nc1cc2c(Nc3cccc(C)c3)ncnc2cn1,0.48,CHEMBL674018,CHEMBL54088,CHEMBL203
C=CC(=O)Nc1cc2c(Nc3cccc(C)c3)ncnc2cn1,8.3,CHEMBL674017,CHEMBL54088,CHEMBL203
C=CC(=O)Nc1ccc2ncnc(Nc3cccc(C)c3)c2c1,0.42,CHEMBL856168,CHEMBL31815,CHEMBL203
C=CC(=O)Nc1ccc2ncnc(Nc3cccc(C)c3)c2c1,4.7,CHEMBL679551,CHEMBL31815,CHEMBL203
COc1ccc(/C=C2\C(=O)Nc3ccc(Cl)cc32)cc1C(C)(C)C,19300.0,CHEMBL676159,CHEMBL86326,CHEMBL203
CN(C)C(=O)c1c(SSc2c(C(=O)N(C)C)c3ccccc3n2C)n(C)c2ccccc12,21200.0,CHEMBL677470,CHEMBL160207,CHEMBL203
C=CC(=O)Nc1cc2c(Nc3ccc(F)c(Cl)c3)ncnc2cn1,0.77,CHEMBL674018,CHEMBL53555,CHEMBL203
C=CC(=O)Nc1cc2c(Nc3ccc(F)c(Cl)c3)ncnc2cn1,3.3,CHEMBL674017,CHEMBL53555,CHEMBL203
C=CC(=O)Nc1ccc2ncnc(Nc3cccc(Cl)c3)c2c1,1.6,CHEMBL856168,CHEMBL53637,CHEMBL203
C=CC(=O)Nc1ccc2ncnc(Nc3cccc(Cl)c3)c2c1,2.3,CHEMBL679551,CHEMBL53637,CHEMBL203
CCOc1cc2ncnc(Nc3cccc(-c4ccco4)c3)c2cc1OCC,3.0,CHEMBL678292,CHEMBL125086,CHEMBL203
CCOc1cc2ncnc(Nc3cccc(-c4cscn4)c3)c2cc1OCC,18.0,CHEMBL678292,CHEMBL127223,CHEMBL203
CNC(=O)c1c(SSc2c(C(=O)NC)c3ccccc3n2C)n(C)c2ccccc12,1800.0,CHEMBL677470,CHEMBL342929,CHEMBL203
CN(C)CCNC(=O)c1c(SSc2c(C(=O)NCCN(C)C)c3ccccc3n2C)n(C)c2ccccc12,17500.0,CHEMBL677470,CHEMBL348554,CHEMBL203
CCOc1cc2ncnc(Nc3cccc(-c4nc[nH]n4)c3)c2cc1OCC,390.0,CHEMBL678292,CHEMBL127367,CHEMBL203
CCOc1cc2ncnc(Nc3cccc(-c4cncnc4)c3)c2cc1OCC,1100.0,CHEMBL678292,CHEMBL126974,CHEMBL203
Cn1c(SSc2c(C(=O)c3ccco3)c3ccccc3n2C)c(C(=O)c2ccco2)c2ccccc21,7700.0,CHEMBL677470,CHEMBL160935,CHEMBL203
CCOc1cc2nc(C)nc(Nc3cccc(-c4csc(C)n4)c3)c2cc1OCC,9000.0,CHEMBL678292,CHEMBL128027,CHEMBL203
O=C(NCc1ccccc1)c1c(SSc2[nH]c3ccccc3c2C(=O)NCc2ccccc2)[nH]c2ccccc12,15000.0,CHEMBL677470,CHEMBL347160,CHEMBL203
C=CC(=O)Nc1ccc2ncnc(Nc3ccc(Oc4ccccc4)cc3)c2c1,5.8,CHEMBL679676,CHEMBL53203,CHEMBL203
C=CC(=O)Nc1ccc2ncnc(Nc3ccc(Oc4ccccc4)cc3)c2c1,4.8,CHEMBL679550,CHEMBL53203,CHEMBL203
O=C(O)CCc1c(SSc2[nH]c3ccccc3c2CCC(=O)O)[nH]c2ccccc12,4200.0,CHEMBL677470,CHEMBL79704,CHEMBL203
Cn1c(SSc2c(C(=O)NCc3ccccc3)c3ccccc3n2C)c(C(=O)NCc2ccccc2)c2ccccc21,1700.0,CHEMBL677470,CHEMBL158275,CHEMBL203
FC(F)(F)c1cccc(Nc2ncnc3ccccc23)c1,577.0,CHEMBL677204,CHEMBL92824,CHEMBL203
CCOc1cc2ncnc(Nc3cccc(-c4cocn4)c3)c2cc1OCC,720.0,CHEMBL678292,CHEMBL126996,CHEMBL203
O=C1c2c(c3c4cccc(O)c4n(C4OC(CO)C(O)C(O)C4O)c3c3[nH]c4c(O)cccc4c23)C(=O)N1NCC(O)CO,180000.0,CHEMBL675381,CHEMBL266182,CHEMBL203
CNN1C(=O)c2c(c3c4cccc(O)c4n(C4OC(CO)C(O)C(O)C4O)c3c3[nH]c4c(O)cccc4c23)C1=O,100000.0,CHEMBL675381,CHEMBL277667,CHEMBL203
O=C(Nc1ccccc1)NN1C(=O)c2c(c3c4cccc(O)c4n(C4OC(CO)C(O)C(O)C4O)c3c3[nH]c4c(O)cccc4c23)C1=O,95000.0,CHEMBL675381,CHEMBL19978,CHEMBL203
NCCCNC(=O)c1cccc(Nc2nccc(-c3cccnc3)n2)c1,45000.0,CHEMBL675386,CHEMBL59099,CHEMBL203
O=C(O)c1ccc(NN2C(=O)c3c(c4c5cccc(O)c5n(C5OC(CO)C(O)C(O)C5O)c4c4[nH]c5c(O)cccc5c34)C2=O)cc1,90000.0,CHEMBL675381,CHEMBL279035,CHEMBL203
CCCNN1C(=O)c2c(c3c4cccc(O)c4n(C4OC(CO)C(O)C(O)C4O)c3c3[nH]c4c(O)cccc4c23)C1=O,59000.0,CHEMBL675381,CHEMBL21096,CHEMBL203
O=C1NC(=O)c2c1c1c3cccc(O)c3[nH]c1c1[nH]c3c(O)cccc3c21,29000.0,CHEMBL675381,CHEMBL279481,CHEMBL203
O=C1NC(=O)c2c1c1c3cccc(O)c3[nH]c1c1c2c2cccc(O)c2n1C1OC(CO)C(O)C(O)C1O,90000.0,CHEMBL675381,CHEMBL21108,CHEMBL203
c1cc(Nc2nccc(-c3cccnc3)n2)cc(OCCn2ccnc2)c1,7100.0,CHEMBL675386,CHEMBL58436,CHEMBL203
COc1ccccc1C(=O)Nc1cccc(Nc2nccc(-c3cccnc3)n2)c1,100000.0,CHEMBL675386,CHEMBL299707,CHEMBL203
FC(F)C(F)(F)Oc1cccc(Nc2nccc(-c3c[nH]c4ccccc34)n2)c1,1800.0,CHEMBL675386,CHEMBL55379,CHEMBL203
NCCCn1ccc2c(-c3ccnc(Nc4cccc(OC(F)(F)C(F)F)c4)n3)cccc21,530.0,CHEMBL675386,CHEMBL293991,CHEMBL203
Cc1ccc(NC(=O)c2ccccc2)cc1Nc1nccc(-c2cccnc2)n1,65000.0,CHEMBL675386,CHEMBL20926,CHEMBL203
c1ccc(Nc2nccc(-c3cccnc3)n2)cc1,100000.0,CHEMBL675386,CHEMBL57690,CHEMBL203
Nc1cccc(Nc2nccc(-c3cccnc3)n2)c1,50000.0,CHEMBL675386,CHEMBL57553,CHEMBL203
O=[N+]([O-])c1cccc(Nc2nccc(-c3cccnc3)n2)c1,100000.0,CHEMBL675386,CHEMBL56081,CHEMBL203
O=C(NCCc1ccccc1)c1cc2ccc(O)c(O)c2cn1,1400.0,CHEMBL873595,CHEMBL49350,CHEMBL203
COc1cc2ncnc(NCc3cccc(C)c3)c2cc1OC,170.0,CHEMBL680029,CHEMBL93173,CHEMBL203
COc1cc2ncnc(Nc3nnc4ccccc4n3)c2cc1OC,820.0,CHEMBL680029,CHEMBL90541,CHEMBL203
COc1cc2ncnc(Nc3nccc4ccccc34)c2cc1OC,200.0,CHEMBL680029,CHEMBL330323,CHEMBL203
COc1cc2ncnc(NNc3ccc(F)c(Cl)c3)c2cc1OC,430.0,CHEMBL680029,CHEMBL422066,CHEMBL203
COc1cc2ncnc(Nc3ccc(F)c(Cl)c3)c2cc1OC,9.0,CHEMBL680029,CHEMBL301018,CHEMBL203
N#C/C(=C\c1ccc(O)c(O)c1)C(N)=O,20000.0,CHEMBL873595,CHEMBL296407,CHEMBL203
O=C(NCc1ccccc1)c1cc2ccc(O)c(O)c2cn1,1400.0,CHEMBL873595,CHEMBL48436,CHEMBL203
O=C(Nc1ccccc1)c1cc2cc(O)c(O)cc2cn1,5600.0,CHEMBL873595,CHEMBL50415,CHEMBL203
COc1cc2ncnc(NC3CCc4ccccc43)c2cc1OC,910.0,CHEMBL680029,CHEMBL94019,CHEMBL203
COc1cc2ncnc(NC3CC3c3ccccc3)c2cc1O,390.0,CHEMBL680029,CHEMBL93423,CHEMBL203
O=C(NCc1ccccc1)c1cc2cc(O)c(O)cc2cn1,3100.0,CHEMBL873595,CHEMBL296582,CHEMBL203
O=C(Nc1ccccc1)c1cc2ccc(O)c(O)c2cn1,7700.0,CHEMBL873595,CHEMBL48650,CHEMBL203
COc1cc2ncnc(Nc3cc4ccccc4cn3)c2cc1OC,660.0,CHEMBL680029,CHEMBL91428,CHEMBL203
COc1cc2ncnc(Nc3cnc4ccccc4n3)c2cc1OC,780.0,CHEMBL680029,CHEMBL330668,CHEMBL203
COc1cc2ncnc(/N=N/c3ccc(F)c(Cl)c3)c2cc1OC,730.0,CHEMBL680029,CHEMBL92006,CHEMBL203
COc1cc2ncnc(Nc3cncc4ccccc34)c2cc1OC,6.4,CHEMBL680029,CHEMBL329867,CHEMBL203
COc1cc2ncnc(NC3CC3c3ccccc3)c2cc1OCCN1CCOCC1,300.0,CHEMBL680029,CHEMBL420059,CHEMBL203
CC(C)N(CCC(=O)c1ccc2ccccc2c1)Cc1ccccc1.Cl,2511.89,CHEMBL857165,CHEMBL538798,CHEMBL203
COc1cc2ncnc(NC3CC3c3ccccc3)c2cc1OC,10.0,CHEMBL680029,CHEMBL419137,CHEMBL203
COc1cc2ncnc(NC3CC3c3ccccc3)c2cc1OCCCN(C)C,27.0,CHEMBL680029,CHEMBL91484,CHEMBL203
C=CC(=O)c1ccc2ccccc2c1,10000.0,CHEMBL857165,CHEMBL154580,CHEMBL203
COc1cc2ncnc(N3CCc4ccccc43)c2cc1OC,820.0,CHEMBL680029,CHEMBL328277,CHEMBL203
COc1cc2ncnc(NC3CC3c3ccccc3)c2cc1OC(C)=O,84.0,CHEMBL680029,CHEMBL90540,CHEMBL203
COc1cc2ncnc(Nc3ccc(Br)cc3)c2cc1OC,0.96,CHEMBL680017,CHEMBL328106,CHEMBL203
COc1cc2ncnc(Nc3cccc(C(F)(F)F)c3)c2cc1OC,0.24,CHEMBL680017,CHEMBL316064,CHEMBL203
Nc1ccc2ncnc(Nc3cccc(Br)c3)c2c1,0.78,CHEMBL680017,CHEMBL52765,CHEMBL203
O=[N+]([O-])c1ccc2c(Nc3cccc(F)c3)ncnc2c1,6100.0,CHEMBL680017,CHEMBL329183,CHEMBL203
Oc1ccc2c(Nc3cccc(Br)c3)ncnc2c1,4.7,CHEMBL680017,CHEMBL93302,CHEMBL203
CCCOc1cc2ncnc(Nc3cccc(Br)c3)c2cc1OCCC,0.17,CHEMBL680017,CHEMBL418967,CHEMBL203
COc1ccc2ncnc(Nc3cccc(Br)c3)c2c1OC,1367.0,CHEMBL680017,CHEMBL96627,CHEMBL203
O=[N+]([O-])c1ccc2c(Nc3cccc(Br)c3)ncnc2c1,1000.0,CHEMBL680017,CHEMBL94275,CHEMBL203
Oc1cc2ncnc(Nc3cccc(Br)c3)c2cc1O,0.17,CHEMBL680017,CHEMBL93032,CHEMBL203
Nc1cc2ncnc(Nc3cccc(Br)c3)c2cc1N,0.12,CHEMBL680017,CHEMBL328216,CHEMBL203
COc1cc2ncnc(Nc3ccccc3)c2cc1OC,29.0,CHEMBL680017,CHEMBL94191,CHEMBL203
COc1ccc2ncnc(Nc3ccccc3)c2c1,55.0,CHEMBL680017,CHEMBL328879,CHEMBL203
c1ccc(Nc2ncnc3ccccc23)cc1,344.0,CHEMBL680017,CHEMBL289959,CHEMBL203
CCCCOc1cc2ncnc(Nc3cccc(Br)c3)c2cc1OCCCC,105.0,CHEMBL680017,CHEMBL318736,CHEMBL203
COc1cc2ncnc(Nc3cccc(Br)c3)c2cc1N,3.8,CHEMBL680017,CHEMBL96780,CHEMBL203
CN(C)c1ccc2c(Nc3cccc(Br)c3)ncnc2c1,11.0,CHEMBL680017,CHEMBL90013,CHEMBL203
Nc1ccc2c(Nc3cccc(C(F)(F)F)c3)ncnc2c1,3.3,CHEMBL680017,CHEMBL433205,CHEMBL203
COc1ccc2ncnc(Nc3cccc(Br)c3)c2c1,30.0,CHEMBL680017,CHEMBL52197,CHEMBL203
Nc1ccc2ncnc(Nc3cccc(C(F)(F)F)c3)c2c1,574.0,CHEMBL680017,CHEMBL328244,CHEMBL203
Nc1ccc2c(Nc3cccc(I)c3)ncnc2c1,0.35,CHEMBL680017,CHEMBL91980,CHEMBL203
Brc1cccc(Nc2ncnc3cc4c(cc23)OCO4)c1,15.0,CHEMBL680017,CHEMBL93051,CHEMBL203
Nc1ccc2c(Nc3cccc(F)c3)ncnc2c1,2.0,CHEMBL680017,CHEMBL93966,CHEMBL203
Nc1ccc2c(Nc3cccc(Cl)c3)ncnc2c1,0.25,CHEMBL680017,CHEMBL328955,CHEMBL203
O=[N+]([O-])c1ccc2c(Nc3cccc(I)c3)ncnc2c1,540.0,CHEMBL680017,CHEMBL93284,CHEMBL203
COc1cc2ncnc(Nc3ccccc3Br)c2cc1OC,128.0,CHEMBL680017,CHEMBL92174,CHEMBL203
CCn1cnc2c(Nc3cccc(Cl)c3)nc(N[C@@H]3CCCC[C@@H]3N)nc21,5100.0,CHEMBL675242,CHEMBL367625,CHEMBL203
CCn1cnc2c(Nc3cccc(Cl)c3)nc(N[C@H]3CCC[C@@H](N)C3)nc21,5300.0,CHEMBL675242,CHEMBL368278,CHEMBL203
CC(=O)Nc1ccc2c(Nc3cccc(Br)c3)ncnc2c1,40.0,CHEMBL680017,CHEMBL93461,CHEMBL203
Clc1cccc(Nc2ncnc3ccccc23)c1,23.0,CHEMBL680017,CHEMBL329672,CHEMBL203
CCNc1ccc2c(Nc3cccc(Br)c3)ncnc2c1,12.0,CHEMBL680017,CHEMBL420254,CHEMBL203
Nc1cc2c(Nc3cccc(Br)c3)ncnc2cc1Cl,6.5,CHEMBL680017,CHEMBL63469,CHEMBL203
Nc1ccc2ncnc(Nc3ccccc3)c2c1,770.0,CHEMBL680017,CHEMBL89940,CHEMBL203
CN(C)c1ccc2ncnc(Nc3cccc(Br)c3)c2c1,84.0,CHEMBL680017,CHEMBL52015,CHEMBL203
COc1cc2ncnc(Nc3cccc(Cl)c3)c2cc1OC,0.31,CHEMBL680017,CHEMBL7917,CHEMBL203
CC(=O)Nc1cc2ncnc(Nc3cccc(Br)c3)c2cc1[N+](=O)[O-],28.0,CHEMBL680017,CHEMBL93734,CHEMBL203
CCOc1cc2ncnc(Nc3cccc(Br)c3)c2cc1OCC,0.006,CHEMBL680017,CHEMBL35820,CHEMBL203
Fc1cccc(Nc2ncnc3ccccc23)c1,56.0,CHEMBL680017,CHEMBL92985,CHEMBL203
Nc1ccc2c(Nc3ccccc3)ncnc2c1,100.0,CHEMBL680017,CHEMBL330224,CHEMBL203
CCn1cnc2c(Nc3cccc(Cl)c3)nc(N[C@@H]3CCCC[C@@H]3N)nc21,2000.0,CHEMBL675242,CHEMBL367625,CHEMBL203
O=[N+]([O-])c1cc2c(Nc3cccc(Br)c3)ncnc2cc1Cl,25.0,CHEMBL680017,CHEMBL66409,CHEMBL203
COc1cc2ncnc(N(C)c3cccc(Br)c3)c2cc1OC,152.0,CHEMBL680017,CHEMBL447230,CHEMBL203
COc1cc2ncnc(Nc3cccc(F)c3)c2cc1OC,3.8,CHEMBL680017,CHEMBL94431,CHEMBL203
O=[N+]([O-])c1ccc2ncnc(Nc3ccccc3)c2c1,5000.0,CHEMBL680017,CHEMBL328295,CHEMBL203
CNc1cc2ncnc(Nc3cccc(Br)c3)c2cc1[N+](=O)[O-],68.0,CHEMBL680017,CHEMBL92936,CHEMBL203
O=[N+]([O-])c1ccc2ncnc(Nc3cccc(Br)c3)c2c1,900.0,CHEMBL680017,CHEMBL329161,CHEMBL203
CNc1cc2ncnc(Nc3cccc(Br)c3)c2cc1N,0.69,CHEMBL680017,CHEMBL92937,CHEMBL203
FC(F)(F)c1cccc(Nc2ncnc3ccccc23)c1,577.0,CHEMBL680017,CHEMBL92824,CHEMBL203
CNc1ccc2ncnc(Nc3cccc(Br)c3)c2c1,4.0,CHEMBL680017,CHEMBL50344,CHEMBL203
CN(C)c1cc2ncnc(Nc3cccc(Br)c3)c2cc1N,159.0,CHEMBL680017,CHEMBL96489,CHEMBL203
Brc1cccc(Nc2ncnc3ccccc23)c1,27.0,CHEMBL680017,CHEMBL290096,CHEMBL203
Nc1cc2ncnc(Nc3cccc(Br)c3)c2cc1[N+](=O)[O-],53.0,CHEMBL680017,CHEMBL93545,CHEMBL203
CN(C)c1cc2ncnc(Nc3cccc(Br)c3)c2cc1[N+](=O)[O-],2000.0,CHEMBL680017,CHEMBL93544,CHEMBL203
COc1cc2nc(N)nc(Nc3cccc(Br)c3)c2cc1OC,463.0,CHEMBL680017,CHEMBL93295,CHEMBL203
COc1cc2ncnc(Nc3cccc(I)c3)c2cc1OC,0.89,CHEMBL680017,CHEMBL96065,CHEMBL203
COC(=O)Nc1ccc2ncnc(Nc3cccc(Br)c3)c2c1,12.0,CHEMBL680017,CHEMBL328691,CHEMBL203
COc1cc2ncnc(Nc3cc(Br)cc(Br)c3)c2cc1OC,113.0,CHEMBL680017,CHEMBL92709,CHEMBL203
COc1cc2ncnc(Nc3cccc(Br)c3)c2cc1[N+](=O)[O-],15.0,CHEMBL680017,CHEMBL65038,CHEMBL203
COc1cc2ncnc(Nc3cccc(Br)c3)c2cc1OC,0.025,CHEMBL680017,CHEMBL29197,CHEMBL203
COc1cc2ncnc(Nc3cccc(Br)c3)c2c(OC)c1OC,0.67,CHEMBL680017,CHEMBL317925,CHEMBL203
COc1ccc2c(Nc3ccccc3)ncnc2c1,120.0,CHEMBL680017,CHEMBL92398,CHEMBL203
O=[N+]([O-])c1ccc2c(Nc3ccccc3)ncnc2c1,12000.0,CHEMBL680017,CHEMBL91914,CHEMBL203
COc1cc2ncnc(Nc3ccc(Br)c(Br)c3)c2cc1OC,0.072,CHEMBL680017,CHEMBL327307,CHEMBL203
Ic1cccc(Nc2ncnc3ccccc23)c1,80.0,CHEMBL680017,CHEMBL92825,CHEMBL203
COc1ccc2c(Nc3cccc(Br)c3)ncnc2c1,10.0,CHEMBL680017,CHEMBL93181,CHEMBL203
Nc1ccc2c(Nc3cccc(Br)c3)ncnc2c1,0.1,CHEMBL680017,CHEMBL420624,CHEMBL203
CNc1ccc2c(Nc3cccc(Br)c3)ncnc2c1,7.0,CHEMBL680017,CHEMBL92812,CHEMBL203
O=[N+]([O-])c1ccc2c(Nc3cccc(Cl)c3)ncnc2c1,810.0,CHEMBL680017,CHEMBL93635,CHEMBL203
CN(C/C=C/C(=O)Nc1ccc2ncnc(Nc3cccc(Br)c3)c2c1)CCO,14.0,CHEMBL680018,CHEMBL93783,CHEMBL203
Oc1cc2ncnc(Nc3cccc(Br)c3)c2cc1O,0.17,CHEMBL683040,CHEMBL93032,CHEMBL203
Brc1cccc(Nc2ncnc3cc4ncsc4cc23)c1,44.0,CHEMBL683040,CHEMBL177053,CHEMBL203
Cc1nc2cc3c(Nc4cccc(Br)c4)ncnc3cc2[nH]1,0.29,CHEMBL683040,CHEMBL426580,CHEMBL203
CN1CCC=C(C(=O)Nc2ccc3ncnc(Nc4cccc(Br)c4)c3c2)C1,115.0,CHEMBL680018,CHEMBL92902,CHEMBL203
COCCOCC#CC(=O)Nc1ccc2ncnc(Nc3cccc(Br)c3)c2c1,65.0,CHEMBL680018,CHEMBL327838,CHEMBL203
CCN(CC)CC#CC(=O)Nc1ccc2ncnc(Nc3cccc(Br)c3)c2c1,12.0,CHEMBL680018,CHEMBL328704,CHEMBL203
O=C(O)c1cc(NCc2cc(O)ccc2O)ccc1O,4000.0,CHEMBL677211,CHEMBL319620,CHEMBL203
Brc1cccc(Nc2ncnc3cc4[nH]nnc4cc23)c1,4.1,CHEMBL679548,CHEMBL172652,CHEMBL203
C=C(CN1CCOCC1)C(=O)Nc1ccc2ncnc(Nc3cccc(Br)c3)c2c1,107.0,CHEMBL680018,CHEMBL94066,CHEMBL203
CN(C)C/C=C/C(=O)Nc1ccc2ncnc(Nc3cccc(Br)c3)c2c1,11.0,CHEMBL680018,CHEMBL94061,CHEMBL203
Brc1cccc(Nc2ncnc3ccc4cc[nH]c4c23)c1,1.24,CHEMBL683040,CHEMBL153525,CHEMBL203
Brc1cccc(Nc2ncnc3cc4c[nH]nc4cc23)c1,0.34,CHEMBL679548,CHEMBL366580,CHEMBL203
C/C=C\C(=O)Nc1ccc2ncnc(Nc3cccc(Br)c3)c2c1,269.0,CHEMBL680018,CHEMBL329642,CHEMBL203
CCN1CCN(CC#CC(=O)Nc2ccc3ncnc(Nc4cccc(Br)c4)c3c2)CC1,65.0,CHEMBL680018,CHEMBL92356,CHEMBL203
O=C(C#CCO)Nc1ccc2ncnc(Nc3cccc(Br)c3)c2c1,2.0,CHEMBL680018,CHEMBL94062,CHEMBL203
Oc1ccc(NCc2cc(O)ccc2O)cc1,41900.0,CHEMBL677211,CHEMBL123046,CHEMBL203
Brc1cccc(Nc2ncnc3ccc4[nH]cnc4c23)c1,29.0,CHEMBL683040,CHEMBL153170,CHEMBL203
COCC1CCCN1CC#CC(=O)Nc1ccc2ncnc(Nc3cccc(Br)c3)c2c1,65.0,CHEMBL680018,CHEMBL93784,CHEMBL203
Cn1cnc2cc3ncnc(Nc4cccc(Br)c4)c3cc21,0.01,CHEMBL683040,CHEMBL176582,CHEMBL203
O=C(/C=C/CN1CCSCC1)Nc1ccc2ncnc(Nc3cccc(Br)c3)c2c1,203.0,CHEMBL680018,CHEMBL93537,CHEMBL203
O=S(=O)(O)c1cc(NCc2cc(O)ccc2O)ccc1O,10300.0,CHEMBL677211,CHEMBL122785,CHEMBL203
Brc1cccc(Nc2ncnc3cc4ccccc4cc23)c1,0.003,CHEMBL683040,CHEMBL63786,CHEMBL203
O=C(/C=C/N1CCOCC1)Nc1ccc2ncnc(Nc3cccc(Br)c3)c2c1,215.0,CHEMBL680018,CHEMBL94123,CHEMBL203
COC/C=C/C(=O)Nc1ccc2ncnc(Nc3cccc(Br)c3)c2c1,1132.0,CHEMBL680018,CHEMBL92882,CHEMBL203
Brc1cccc(Nc2ncnc3cc4[nH]ncc4cc23)c1,0.44,CHEMBL679548,CHEMBL39337,CHEMBL203
O=C(C#CCN1CCOCC1)Nc1ccc2ncnc(Nc3cccc(Br)c3)c2c1,20.0,CHEMBL680018,CHEMBL93386,CHEMBL203
CNC(=O)c1cc(NCc2cc(O)ccc2O)ccc1O,9700.0,CHEMBL677211,CHEMBL122260,CHEMBL203
CCCN(C/C=C/C(=O)Nc1ccc2ncnc(Nc3cccc(Br)c3)c2c1)CCC,90.0,CHEMBL680018,CHEMBL92731,CHEMBL203
COCOCC#CC(=O)Nc1ccc2ncnc(Nc3cccc(Br)c3)c2c1,59.0,CHEMBL680018,CHEMBL93049,CHEMBL203
Brc1cccc(Nc2ncnc3cc4[nH]ccc4cc23)c1,0.44,CHEMBL683040,CHEMBL40734,CHEMBL203
COc1cc2ncnc(Nc3cccc(Br)c3)c2cc1OC,0.025,CHEMBL679548,CHEMBL29197,CHEMBL203
Brc1cccc(Nc2ncnc3cc4c(cc23)OCO4)c1,15.0,CHEMBL679548,CHEMBL93051,CHEMBL203
Brc1cccc(Nc2ncnc3c2ccc2[nH]cnc23)c1,272.0,CHEMBL683040,CHEMBL155100,CHEMBL203
C/C=C/C(=O)Nc1ccc2ncnc(Nc3cccc(Br)c3)c2c1,236.0,CHEMBL680018,CHEMBL93464,CHEMBL203
CC(C)N(CC#CC(=O)Nc1ccc2ncnc(Nc3cccc(Br)c3)c2c1)C(C)C,97.0,CHEMBL680018,CHEMBL92961,CHEMBL203
CN(C)CCn1cnc2cc3c(Nc4cccc(Br)c4)ncnc3cc21,22.0,CHEMBL679548,CHEMBL175101,CHEMBL203
O=C(/C=C/Cn1cccn1)Nc1ccc2ncnc(Nc3cccc(Br)c3)c2c1,1124.0,CHEMBL680018,CHEMBL93754,CHEMBL203
O=[N+]([O-])c1cc(NCc2cc(O)ccc2O)ccc1O,5400.0,CHEMBL677211,CHEMBL123045,CHEMBL203
CCCN(CC#CC(=O)Nc1ccc2ncnc(Nc3cccc(Br)c3)c2c1)CCC,62.0,CHEMBL680018,CHEMBL328245,CHEMBL203
CCN(CC)C/C=C/C(=O)Nc1ccc2ncnc(Nc3cccc(Br)c3)c2c1,73.0,CHEMBL680018,CHEMBL91925,CHEMBL203
O=C(/C=C/CN1CCOCC1)Nc1ccc2ncnc(Nc3cccc(Br)c3)c2c1,74.0,CHEMBL680018,CHEMBL316127,CHEMBL203
Brc1cccc(Nc2ncnc3cc4[nH]cnc4cc23)c1,0.008,CHEMBL683040,CHEMBL66031,CHEMBL203
Cn1cnc2cc3c(Nc4cccc(Br)c4)ncnc3cc21,0.025,CHEMBL683040,CHEMBL174426,CHEMBL203
CN(C)/C=C/C(=O)Nc1ccc2ncnc(Nc3cccc(Br)c3)c2c1,250.0,CHEMBL680018,CHEMBL91748,CHEMBL203
COCC#CC(=O)Nc1ccc2ncnc(Nc3cccc(Br)c3)c2c1,9.0,CHEMBL680018,CHEMBL91009,CHEMBL203
Brc1cccc(Nc2ncnc3cc4nccnc4cc23)c1,1.7,CHEMBL683040,CHEMBL173498,CHEMBL203
C=C(C)C(=O)Nc1ccc2ncnc(Nc3cccc(Br)c3)c2c1,339.0,CHEMBL680018,CHEMBL92086,CHEMBL203
COC[C@@H]1CCCN1C/C=C\C(=O)Nc1ccc2ncnc(Nc3cccc(Br)c3)c2c1,194.0,CHEMBL680018,CHEMBL2112369,CHEMBL203
O=C(C#CCN1CCCCC1)Nc1ccc2ncnc(Nc3cccc(Br)c3)c2c1,57.0,CHEMBL680018,CHEMBL90595,CHEMBL203
COC[C@H]1CCCN1C/C=C/C(=O)Nc1ccc2ncnc(Nc3cccc(Br)c3)c2c1,85.0,CHEMBL680018,CHEMBL419501,CHEMBL203
CCCCCCNC(=O)c1cc(NCc2cc(O)ccc2O)ccc1O,900.0,CHEMBL677211,CHEMBL122397,CHEMBL203
Brc1cccc(Nc2ncnc3ccccc23)c1,27.0,CHEMBL683040,CHEMBL290096,CHEMBL203
CC(C)N(C)CC#CC(=O)Nc1ccc2ncnc(Nc3cccc(Br)c3)c2c1,85.0,CHEMBL680018,CHEMBL91811,CHEMBL203
O=C(C#CCN1CCSCC1)Nc1ccc2ncnc(Nc3cccc(Br)c3)c2c1,95.0,CHEMBL680018,CHEMBL328977,CHEMBL203
O=C(/C=C/CN1CCCCC1)Nc1ccc2ncnc(Nc3cccc(Br)c3)c2c1,106.0,CHEMBL680018,CHEMBL94068,CHEMBL203
C=CC(=O)Nc1ccc2ncnc(Nc3cccc(Br)c3)c2c1,2.0,CHEMBL680018,CHEMBL285063,CHEMBL203
CN(C)CCn1cnc2c(Cl)c3c(Nc4cccc(Br)c4)ncnc3cc21,203.0,CHEMBL679548,CHEMBL427298,CHEMBL203
CN(C)CC#CC(=O)Nc1ccc2ncnc(Nc3cccc(Br)c3)c2c1,6.0,CHEMBL680018,CHEMBL329856,CHEMBL203
COCCN(C)C/C=C/C(=O)Nc1ccc2ncnc(Nc3cccc(Br)c3)c2c1,62.0,CHEMBL680018,CHEMBL442754,CHEMBL203
O=C(/C=C/CN1CCC(N2CCCCC2)CC1)Nc1ccc2ncnc(Nc3cccc(Br)c3)c2c1,68.0,CHEMBL680018,CHEMBL94109,CHEMBL203
COc1ccc2ncnc(Nc3cccc(Br)c3)c2c1OC,1370.0,CHEMBL679548,CHEMBL96627,CHEMBL203
CC#CC(=O)Nc1ccc2ncnc(Nc3cccc(Br)c3)c2c1,8.0,CHEMBL680018,CHEMBL91867,CHEMBL203
COC[C@@H]1CCCN1C/C=C/C(=O)Nc1ccc2ncnc(Nc3cccc(Br)c3)c2c1,131.0,CHEMBL680018,CHEMBL2112370,CHEMBL203
CCCCCCCCCCCCCCNC(=O)c1cc(NCc2cc(O)ccc2O)ccc1O,27200.0,CHEMBL677211,CHEMBL122721,CHEMBL203
CN(C)CCn1cnc2cc3ncnc(Nc4cccc(Br)c4)c3cc21,1.32,CHEMBL679548,CHEMBL176891,CHEMBL203
C=CCN(C)CC#CC(=O)Nc1ccc2ncnc(Nc3cccc(Br)c3)c2c1,71.0,CHEMBL680018,CHEMBL414220,CHEMBL203
Nc1cc2ncnc(Nc3cccc(Br)c3)c2cc1N,0.12,CHEMBL683040,CHEMBL328216,CHEMBL203
O=C(Nc1ccc(Cl)cc1)c1ccccc1NCc1ccncc1,7300.0,CHEMBL674695,CHEMBL101683,CHEMBL203
c1ccc2ncncc2c1,27.0,CHEMBL680021,CHEMBL301359,CHEMBL203
COc1cc2ncnc(Nc3cccc(Br)c3)c2cn1,39.0,CHEMBL680021,CHEMBL53375,CHEMBL203
COc1ccc2ncncc2c1,30.0,CHEMBL680021,CHEMBL52472,CHEMBL203
COc1ccc2c(Nc3cccc(Br)c3)ncnc2n1,263.0,CHEMBL680021,CHEMBL301549,CHEMBL203
CN(C)c1ccc2ncnc(Nc3cccc(Br)c3)c2n1,9.6,CHEMBL680021,CHEMBL53796,CHEMBL203
CN(C)c1ccc2ncnc(Nc3cccc(Br)c3)c2n1,32.0,CHEMBL677215,CHEMBL53796,CHEMBL203
COc1ccc(CNc2cc3c(Nc4cccc(Br)c4)ncnc3cn2)cc1,2.3,CHEMBL680021,CHEMBL53299,CHEMBL203
CNc1cc2c(Nc3ccccc3)ncnc2cn1,9.0,CHEMBL680021,CHEMBL53940,CHEMBL203
CNc1ccc2c(Nc3cccc(Br)c3)ncnc2n1,52.0,CHEMBL680021,CHEMBL298637,CHEMBL203
CNc1ccc2c(Nc3cccc(Br)c3)ncnc2n1,552.0,CHEMBL677215,CHEMBL298637,CHEMBL203
COc1ccc2ncnc(Nc3cccc(Br)c3)c2n1,4.3,CHEMBL680021,CHEMBL50519,CHEMBL203
COc1cc2c(Nc3cccc(Br)c3)ncnc2cn1,2.6,CHEMBL680021,CHEMBL53062,CHEMBL203
COc1cc2c(Nc3cccc(Br)c3)ncnc2cn1,12.0,CHEMBL677215,CHEMBL53062,CHEMBL203
Brc1cccc(Nc2ncnc3cccnc23)c1,34.0,CHEMBL680021,CHEMBL54805,CHEMBL203
Nc1ccc2ncncc2c1,0.79,CHEMBL680021,CHEMBL53300,CHEMBL203
CNc1cc2ncnc(Nc3cccc(Br)c3)c2cn1,0.13,CHEMBL680021,CHEMBL54400,CHEMBL203
CNc1cc2ncnc(Nc3cccc(Br)c3)c2cn1,16.0,CHEMBL677215,CHEMBL54400,CHEMBL203
CN(C)c1cc2c(Nc3cccc(Br)c3)ncnc2cn1,0.006,CHEMBL680021,CHEMBL53711,CHEMBL203
CN(C)c1cc2c(Nc3cccc(Br)c3)ncnc2cn1,21.0,CHEMBL677215,CHEMBL53711,CHEMBL203
Clc1ccc2ncnc(Nc3cccc(Br)c3)c2n1,18.0,CHEMBL680021,CHEMBL291496,CHEMBL203
Nc1cc2ncnc(NCc3ccccc3)c2cn1,578.0,CHEMBL680021,CHEMBL300083,CHEMBL203
Nc1cc2ncnc(NCc3ccccc3)c2cn1,2085.0,CHEMBL677215,CHEMBL300083,CHEMBL203
CC(=O)Nc1cc2ncnc(Nc3cccc(Br)c3)c2cn1,29.0,CHEMBL680021,CHEMBL52418,CHEMBL203
CNc1ccc2ncnc(Nc3cccc(Br)c3)c2n1,3.1,CHEMBL680021,CHEMBL53156,CHEMBL203
CNc1ccc2ncnc(Nc3cccc(Br)c3)c2n1,20.0,CHEMBL677215,CHEMBL53156,CHEMBL203
c1ccc(CNc2ncnc3ccncc23)cc1,1460.0,CHEMBL680021,CHEMBL54784,CHEMBL203
Clc1cc2c(Nc3cccc(Br)c3)ncnc2cn1,40.0,CHEMBL680021,CHEMBL296377,CHEMBL203
CNc1cc2c(Nc3cccc(Br)c3)ncnc2cn1,0.008,CHEMBL680021,CHEMBL53753,CHEMBL203
CNc1cc2c(Nc3cccc(Br)c3)ncnc2cn1,15.0,CHEMBL677215,CHEMBL53753,CHEMBL203
Nc1ccc2c(Nc3cccc(Br)c3)ncnc2n1,940.0,CHEMBL680021,CHEMBL54474,CHEMBL203
c1ccc(CNc2ncnc3cnccc23)cc1,2030.0,CHEMBL680021,CHEMBL51320,CHEMBL203
CNC1=CC2N=CN(C)/C(=N\c3cccc(Br)c3)C2C=N1,3.1,CHEMBL680021,CHEMBL52882,CHEMBL203
Brc1cccc(Nc2ncnc3cnccc23)c1,51.0,CHEMBL680021,CHEMBL51265,CHEMBL203
CN(C)c1ccc2c(Nc3cccc(Br)c3)ncnc2n1,324.0,CHEMBL680021,CHEMBL50245,CHEMBL203
CN(C)c1ccc2c(Nc3cccc(Br)c3)ncnc2n1,2300.0,CHEMBL677215,CHEMBL50245,CHEMBL203
Nc1cc2c(Nc3cccc(Br)c3)ncnc2cn1,0.13,CHEMBL680021,CHEMBL51853,CHEMBL203
Nc1cc2c(Nc3cccc(Br)c3)ncnc2cn1,16.0,CHEMBL677215,CHEMBL51853,CHEMBL203
c1ccc(CNc2ncnc3cccnc23)cc1,603.0,CHEMBL680021,CHEMBL53552,CHEMBL203
CN(C)c1ccc2ncncc2c1,120.0,CHEMBL680021,CHEMBL55150,CHEMBL203
Nc1cc2ncnc(Nc3cccc(Br)c3)c2cn1,10.0,CHEMBL680021,CHEMBL52076,CHEMBL203
Nc1cc2ncnc(Nc3cccc(Br)c3)c2cn1,110.0,CHEMBL677215,CHEMBL52076,CHEMBL203
Fc1ccc2c(Nc3cccc(Br)c3)ncnc2n1,684.0,CHEMBL680021,CHEMBL291701,CHEMBL203
CNc1ccc2ncncc2c1,7.0,CHEMBL680021,CHEMBL53850,CHEMBL203
Nc1ccc2cncnc2c1,0.1,CHEMBL680021,CHEMBL55729,CHEMBL203
CN(C)c1ccc2cncnc2c1,11.0,CHEMBL680021,CHEMBL52784,CHEMBL203
Fc1cc2ncnc(Nc3cccc(Br)c3)c2cn1,13.0,CHEMBL680021,CHEMBL51707,CHEMBL203
Brc1cccc(Nc2ncnc3ncccc23)c1,688.0,CHEMBL680021,CHEMBL54475,CHEMBL203
CNc1ccc2cncnc2c1,4.0,CHEMBL680021,CHEMBL295961,CHEMBL203
Brc1cccc(Nc2ncnc3ccncc23)c1,35.0,CHEMBL680021,CHEMBL52665,CHEMBL203
Nc1ccc2ncnc(Nc3cccc(Br)c3)c2n1,7.6,CHEMBL680021,CHEMBL300217,CHEMBL203
Nc1ccc2ncnc(Nc3cccc(Br)c3)c2n1,53.0,CHEMBL677215,CHEMBL300217,CHEMBL203
COc1ccc2cncnc2c1,10.0,CHEMBL680021,CHEMBL300491,CHEMBL203
CN(C)c1cc2ncnc(Nc3cccc(Br)c3)c2cn1,0.091,CHEMBL680021,CHEMBL53428,CHEMBL203
CN(C)c1cc2ncnc(Nc3cccc(Br)c3)c2cn1,14.0,CHEMBL677215,CHEMBL53428,CHEMBL203
Fc1cc2c(Nc3cccc(Br)c3)ncnc2cn1,124.0,CHEMBL680021,CHEMBL53121,CHEMBL203
CC(=O)Nc1cc2ncnc(NCc3ccccc3)c2cn1,100.0,CHEMBL680021,CHEMBL53404,CHEMBL203
Fc1ccc2ncnc(Nc3cccc(Br)c3)c2n1,44.0,CHEMBL680021,CHEMBL54788,CHEMBL203
COc1cc2ncnc(Nc3cccc(Br)c3)c2cc1OC,0.029,CHEMBL680021,CHEMBL29197,CHEMBL203
COc1cc2ncnc(Nc3cccc(Br)c3)c2cc1OC,0.029,CHEMBL676150,CHEMBL29197,CHEMBL203
COc1cc2cc3ncc(C#N)c(Nc4ccc(F)c(Cl)c4)c3cc2cc1OC,18000.0,CHEMBL675388,CHEMBL132466,CHEMBL203
COc1cc2ncc(C#N)c(Nc3ccc(F)c(Cl)c3)c2cc1OC,5170.0,CHEMBL675388,CHEMBL109372,CHEMBL203
COC(=O)c1ccc(-c2ccc(-c3ccccc3)cc2O)cc1,14000.0,CHEMBL677207,CHEMBL358092,CHEMBL203
Cn1c(=O)c(-c2c(Cl)cccc2Cl)cc2cnc(N)nc21,5600.0,CHEMBL683042,CHEMBL49596,CHEMBL203
Cc1ccc(C(=O)/C(C#N)=C/c2ccc(O)c(O)c2)cc1,880.0,CHEMBL763200,CHEMBL54471,CHEMBL203
Cc1ccc(C(=O)/C(C#N)=C/c2ccc(O)c(O)c2)cc1,15000.0,CHEMBL676152,CHEMBL54471,CHEMBL203
N#C/C(=C\c1ccc(O)c(O)c1)C(=O)NCc1ccccc1,2000.0,CHEMBL763200,CHEMBL56543,CHEMBL203
N#C/C(=C\c1ccc(O)c(O)c1)C(=O)NCc1ccccc1,100.0,CHEMBL676152,CHEMBL56543,CHEMBL203
Nc1ccc(Nc2[nH]nc3ncnc(Nc4cccc(Cl)c4)c23)cc1,5.0,CHEMBL677832,CHEMBL332612,CHEMBL203
O=[N+]([O-])c1cccc(-c2[nH]nc3ncnc(Nc4cccc(Cl)c4)c23)c1,270.0,CHEMBL677832,CHEMBL118904,CHEMBL203
N#C/C(=C\c1ccc(O)c(O)c1)C(=O)c1ccc([N+](=O)[O-])cc1,2300.0,CHEMBL763200,CHEMBL56879,CHEMBL203
N#C/C(=C\c1ccc(O)c(O)c1)C(=O)c1ccc([N+](=O)[O-])cc1,11000.0,CHEMBL676152,CHEMBL56879,CHEMBL203
CC(NC(=O)/C(C#N)=C/c1ccc(O)c(O)c1)c1ccccc1,400.0,CHEMBL763200,CHEMBL55979,CHEMBL203
CC(NC(=O)/C(C#N)=C/c1ccc(O)c(O)c1)c1ccccc1,2500.0,CHEMBL676152,CHEMBL55979,CHEMBL203
COc1ccc(CCNC(=O)/C(C#N)=C/c2ccc(O)c(O)c2)cc1OC,1700.0,CHEMBL763200,CHEMBL56455,CHEMBL203
c1ccc(Nc2nc[nH]c3nnc(Nc4ccccc4)c2-3)cc1,58.0,CHEMBL677832,CHEMBL332333,CHEMBL203
Nc1cccc(-c2[nH]nc3ncnc(Nc4cccc(Cl)c4)c23)c1,5.0,CHEMBL677832,CHEMBL332882,CHEMBL203
N#C/C(=C\c1ccc(O)c(O)c1)C(=O)c1ccccc1,1300.0,CHEMBL763200,CHEMBL56132,CHEMBL203
N#C/C(=C\c1ccc(O)c(O)c1)C(=O)c1ccccc1,14000.0,CHEMBL676152,CHEMBL56132,CHEMBL203
N#C/C(=C\c1ccc(O)c(O)c1)C(=O)Nc1ccccc1Cl,1100.0,CHEMBL763200,CHEMBL56219,CHEMBL203
N#C/C(=C\c1ccc(O)c(O)c1)C(=O)Nc1ccccc1Cl,2100.0,CHEMBL676152,CHEMBL56219,CHEMBL203
Nc1ncnc2c1ncn2-c1ccccc1,15000.0,CHEMBL677832,CHEMBL62756,CHEMBL203
COc1ccc(NC(=O)/C(C#N)=C/c2ccc(O)c(O)c2)c(OC)c1,1700.0,CHEMBL763200,CHEMBL57251,CHEMBL203
COc1cccc(Nc2[nH]nc3ncnc(Nc4cccc(Cl)c4)c23)c1,8.0,CHEMBL677832,CHEMBL120979,CHEMBL203
N#CC(C#N)=C1CCCc2c(O)cccc21,1200000.0,CHEMBL763200,CHEMBL292648,CHEMBL203
Cn1c(=O)c(-c2c(Cl)cccc2Cl)cc2cnc(Nc3ccccc3)nc21,78.0,CHEMBL683042,CHEMBL301612,CHEMBL203
Nc1ncnc2c1c(-c1ccccc1)nn2-c1ccccc1,800.0,CHEMBL677832,CHEMBL122243,CHEMBL203
COc1ccc(CNc2[nH]nc3ncnc(Nc4cccc(Cl)c4)c23)cc1,7.0,CHEMBL677832,CHEMBL122245,CHEMBL203
N#C/C(=C\c1ccc(O)c(O)c1)C(N)=O,10000.0,CHEMBL763200,CHEMBL296407,CHEMBL203
N#C/C(=C\c1ccc(O)c(O)c1)C(N)=O,4500.0,CHEMBL676152,CHEMBL296407,CHEMBL203
CCN(CC)CCOc1ccc(Nc2ncc3cc(-c4c(Cl)cccc4Cl)c(=O)n(C)c3n2)cc1,350.0,CHEMBL683042,CHEMBL49120,CHEMBL203
N#C/C(=C\c1ccc(O)c(O)c1)C(=O)Nc1ccccc1,700.0,CHEMBL763200,CHEMBL56731,CHEMBL203
N#C/C(=C\c1ccc(O)c(O)c1)C(=O)Nc1ccccc1,1250.0,CHEMBL676152,CHEMBL56731,CHEMBL203
N#C/C(=C\c1ccc(O)c(O)c1)C(=O)N1CCc2ccccc21,2100.0,CHEMBL763200,CHEMBL56542,CHEMBL203
N#C/C(=C\c1ccc(O)c(O)c1)C(=O)N1CCc2ccccc21,12000.0,CHEMBL676152,CHEMBL56542,CHEMBL203
COc1cc(OC)cc(-c2cc3cnc(N)nc3nc2NC(=O)NC(C)(C)C)c1,50000.0,CHEMBL683042,CHEMBL299763,CHEMBL203
O=C(Nc1cccc(C(F)(F)F)c1)c1ccccc1NCc1ccncc1,10400.0,CHEMBL677883,CHEMBL153843,CHEMBL203
N#CC(C#N)=Cc1ccc2[nH]ccc2c1,2200000.0,CHEMBL763200,CHEMBL294213,CHEMBL203
CN(C)c1ccc(Nc2[nH]nc3ncnc(Nc4cccc(Cl)c4)c23)cc1,29.0,CHEMBL677832,CHEMBL332765,CHEMBL203
Cc1[nH]c2ncnc(Nc3cccc(Cl)c3)c2c1C,27000.0,CHEMBL677832,CHEMBL306081,CHEMBL203
N#CC(C#N)=C1C(=O)Nc2ccc([N+](=O)[O-])cc21,40000.0,CHEMBL763200,CHEMBL291313,CHEMBL203
CN1CCN(CCCNc2ncc3cc(-c4c(Cl)cccc4Cl)c(NC(=O)NC4CCCCC4)nc3n2)CC1,880.0,CHEMBL683042,CHEMBL51028,CHEMBL203
CN1CCN(CCCNc2ncc3cc(-c4c(Cl)cccc4Cl)c(NC(=O)NCc4ccccc4)nc3n2)CC1,980.0,CHEMBL683042,CHEMBL51485,CHEMBL203
C[S+]([O-])c1ccc(C=C(C#N)C#N)cc1,1800000.0,CHEMBL763200,CHEMBL294681,CHEMBL203
Clc1cccc(Nc2[nH]cnc3nnc(NCc4ccccc4)c2-3)c1,7.0,CHEMBL677832,CHEMBL121796,CHEMBL203
CC(NC(=O)/C(C#N)=C/c1ccc(O)c(O)c1)c1ccccc1,860.0,CHEMBL763200,CHEMBL55979,CHEMBL203
Nc1[nH]cnc2nnc(Nc3cccc(Cl)c3)c1-2,160.0,CHEMBL677832,CHEMBL121190,CHEMBL203
Oc1cccc(-c2[nH]nc3ncnc(Nc4cccc(Cl)c4)c23)c1,26.0,CHEMBL677832,CHEMBL331906,CHEMBL203
Nc1ccc(-c2[nH]nc3ncnc(Nc4cccc(Cl)c4)c23)cc1,2.0,CHEMBL677832,CHEMBL332906,CHEMBL203
N#CC(C#N)=C1C(=O)Nc2cc(O)c(O)cc21,2500.0,CHEMBL763200,CHEMBL57462,CHEMBL203
N#C/C(=C\c1ccc(O)c(O)c1)C(=O)c1cccs1,3100.0,CHEMBL763200,CHEMBL55994,CHEMBL203
N#C/C(=C\c1ccc(O)c(O)c1)C(=O)c1cccs1,31000.0,CHEMBL676152,CHEMBL55994,CHEMBL203
N#CC(C#N)=Cc1cc[n+]([O-])cc1,1300000.0,CHEMBL763200,CHEMBL57712,CHEMBL203
Cc1cc(C)c(C(=O)/C(C#N)=C/c2ccc(O)c(O)c2)c(C)c1,10700.0,CHEMBL763200,CHEMBL55993,CHEMBL203
Cc1cc(C)c(C(=O)/C(C#N)=C/c2ccc(O)c(O)c2)c(C)c1,24000.0,CHEMBL676152,CHEMBL55993,CHEMBL203
Cc1cccc(C)c1NC(=O)/C(C#N)=C/c1ccc(O)c(O)c1,5100.0,CHEMBL763200,CHEMBL55360,CHEMBL203
Cc1cccc(C)c1NC(=O)/C(C#N)=C/c1ccc(O)c(O)c1,10300.0,CHEMBL676152,CHEMBL55360,CHEMBL203
CN1CCN(CCCNc2ncc3cc(-c4c(Cl)cccc4Cl)c(=O)n(C)c3n2)CC1,8700.0,CHEMBL683042,CHEMBL299194,CHEMBL203
Nc1nc(N)c2c(Nc3cccc(Cl)c3)[nH]nc2n1,220.0,CHEMBL677832,CHEMBL122068,CHEMBL203
Clc1cccc(CNc2[nH]nc3ncnc(Nc4cccc(Cl)c4)c23)c1,26.0,CHEMBL677832,CHEMBL333231,CHEMBL203
COc1ccc(-c2[nH]nc3ncnc(Nc4cccc(Cl)c4)c23)cc1,96.0,CHEMBL677832,CHEMBL332971,CHEMBL203
N#CC(C#N)=Cc1cccnc1,225000.0,CHEMBL763200,CHEMBL56281,CHEMBL203
COc1ccc(C=C(C#N)C#N)cc1F,800000.0,CHEMBL763200,CHEMBL57170,CHEMBL203
N#CC(C#N)=C1C(=O)Nc2ccc(O)cc21,12500.0,CHEMBL763200,CHEMBL55748,CHEMBL203
N#C/C(=C\c1ccc(O)c(O)c1)C(=O)c1ccc(O)c(O)c1,370.0,CHEMBL763200,CHEMBL56393,CHEMBL203
N#C/C(=C\c1ccc(O)c(O)c1)C(=O)c1ccc(O)c(O)c1,5000.0,CHEMBL676152,CHEMBL56393,CHEMBL203
N#C/C(=C\c1ccc(O)c(O)c1)C(=O)NCCc1ccccc1,930.0,CHEMBL763200,CHEMBL293749,CHEMBL203
N#C/C(=C\c1ccc(O)c(O)c1)C(=O)c1ccccc1Cl,1540.0,CHEMBL763200,CHEMBL59145,CHEMBL203
N#C/C(=C\c1ccc(O)c(O)c1)C(=O)c1ccccc1Cl,6600.0,CHEMBL676152,CHEMBL59145,CHEMBL203
N#C/C(=C\c1ccc(O)c(O)c1)C(=O)c1ccc(F)cc1,560.0,CHEMBL763200,CHEMBL55204,CHEMBL203
N#C/C(=C\c1ccc(O)c(O)c1)C(=O)c1ccc(F)cc1,5100.0,CHEMBL676153,CHEMBL55204,CHEMBL203
Nc1ncnc2c1cnn2-c1ccccc1,2700.0,CHEMBL677832,CHEMBL65063,CHEMBL203
Cc1c(C)n(C)c2ncnc(Nc3cccc(Cl)c3)c12,450000.0,CHEMBL677832,CHEMBL120667,CHEMBL203
CCN(CC)CCCCNc1ncc2cc(-c3c(Cl)cccc3Cl)c(NC(=O)NC(C)(C)C)nc2n1,390.0,CHEMBL683042,CHEMBL45827,CHEMBL203
COc1cccc(CNc2[nH]nc3ncnc(Nc4cccc(Cl)c4)c23)c1,8.0,CHEMBL677832,CHEMBL123189,CHEMBL203
N#CC(C#N)=Cc1ncc[nH]1,532000.0,CHEMBL763200,CHEMBL293482,CHEMBL203
N#C/C(=C\c1ccc(O)c(O)c1)C(=O)NCCCCc1ccccc1,1100.0,CHEMBL763200,CHEMBL440298,CHEMBL203
N#C/C(=C\c1ccc(O)c(O)c1)C(=O)NCCCCc1ccccc1,5000.0,CHEMBL676152,CHEMBL440298,CHEMBL203
CC(C)(C)OC(=O)Nc1ccc(-c2[nH]nc3ncnc(Nc4cccc(Cl)c4)c23)cc1,270.0,CHEMBL677832,CHEMBL420885,CHEMBL203
Clc1cccc(Nc2[nH]nc3ncnc(Oc4cccc(Cl)c4)c23)c1,24200.0,CHEMBL677832,CHEMBL334026,CHEMBL203
N#C/C(=C\c1ccc(O)c(O)c1)C(=O)N1CCN(c2ccccc2)CC1,4300.0,CHEMBL763200,CHEMBL291986,CHEMBL203
N#C/C(=C\c1ccc(O)c(O)c1)C(=O)N1CCN(c2ccccc2)CC1,55000.0,CHEMBL676152,CHEMBL291986,CHEMBL203
N#CC(C#N)=Cc1ccc(C#N)cc1,1400000.0,CHEMBL763200,CHEMBL57663,CHEMBL203
Clc1cccc(Nc2nc[nH]c3nnc(Nc4cccc(Cl)c4)c2-3)c1,330.0,CHEMBL677832,CHEMBL333038,CHEMBL203
Clc1cccc(Nc2[nH]nc3ncnc(NCc4ccccc4)c23)c1,870.0,CHEMBL677832,CHEMBL119982,CHEMBL203
N#CC(C#N)=C(N)/C(C#N)=C/c1ccc2[nH]ccc2c1,820000.0,CHEMBL763200,CHEMBL59150,CHEMBL203
N#C/C(=C\c1ccc(O)c(O)c1)C(=O)NC1CCCCC1,1600.0,CHEMBL763200,CHEMBL417941,CHEMBL203
N#C/C(=C\c1ccc(O)c(O)c1)C(=O)NC1CCCCC1,5900.0,CHEMBL676152,CHEMBL417941,CHEMBL203
Clc1cccc(Nc2[nH]nc3ncnc(Nc4cccc(Br)c4)c23)c1,130.0,CHEMBL677832,CHEMBL120319,CHEMBL203
COc1cc2c(cc1O)NC(=O)C2=C(C#N)C#N,60000.0,CHEMBL763200,CHEMBL56964,CHEMBL203
CCOC(=O)C(Cc1ccccc1)NC(=O)/C(C#N)=C/c1ccc(O)c(O)c1,1530.0,CHEMBL763200,CHEMBL56319,CHEMBL203
CCOC(=O)C(Cc1ccccc1)NC(=O)/C(C#N)=C/c1ccc(O)c(O)c1,49000.0,CHEMBL676152,CHEMBL56319,CHEMBL203
Clc1cccc(Nc2[nH]nc3ncnc(Nc4ccccc4)c23)c1,84.0,CHEMBL677832,CHEMBL121260,CHEMBL203
Oc1cccc(Nc2[nH]nc3ncnc(Nc4cccc(Cl)c4)c23)c1,1.0,CHEMBL677832,CHEMBL121954,CHEMBL203
COc1cc2/c(=N/c3ccc(Br)cc3F)nc[nH]c2cc1OCC1CCN(C)CC1,16.0,CHEMBL677883,CHEMBL24828,CHEMBL203
COc1cc2/c(=N/c3ccc(Br)cc3F)nc[nH]c2cc1OCC1CCN(C)CC1,500.0,CHEMBL677882,CHEMBL24828,CHEMBL203
COc1ccc(NC(=O)Nc2nc3nc(NCCCN4CCN(C)CC4)ncc3cc2-c2c(Cl)cccc2Cl)cc1,720.0,CHEMBL683042,CHEMBL298679,CHEMBL203
CCN(CC)CCCNc1ncc2cc(-c3c(Cl)cccc3Cl)c(=O)n(C)c2n1,1350.0,CHEMBL683042,CHEMBL50470,CHEMBL203
Cc1c(C)n(-c2ccccc2)c2ncnc(N)c12,2710.0,CHEMBL677832,CHEMBL319540,CHEMBL203
COc1ccc(Nc2[nH]nc3ncnc(Nc4cccc(Cl)c4)c23)cc1,30.0,CHEMBL677832,CHEMBL122411,CHEMBL203
COc1cc2ncnc(Nc3cccc(Br)c3)c2cc1OC,6.0,CHEMBL677832,CHEMBL29197,CHEMBL203
N#CC(C#N)=Cc1cc[nH]n1,1480000.0,CHEMBL763200,CHEMBL298810,CHEMBL203
N#CC(C#N)=C1CCc2c1ccc(O)c2O,7000.0,CHEMBL763200,CHEMBL57300,CHEMBL203
CN1C(=O)C(=C(C#N)C#N)c2cc(O)ccc21,26000.0,CHEMBL763200,CHEMBL56201,CHEMBL203
Oc1ccc(Nc2[nH]nc3ncnc(Nc4cccc(Cl)c4)c23)cc1,8.0,CHEMBL677832,CHEMBL122182,CHEMBL203
N#CC(C#N)=C1CCc2cc(O)c(O)cc21,500.0,CHEMBL763200,CHEMBL293584,CHEMBL203
N#C/C(=C\c1ccc(O)c(O)c1)C(=O)NCCCc1ccccc1,700.0,CHEMBL763200,CHEMBL53898,CHEMBL203
N#C/C(=C\c1ccc(O)c(O)c1)C(=O)NCCCc1ccccc1,700.0,CHEMBL676152,CHEMBL53898,CHEMBL203
Cc1cccc(Nc2[nH]cnc3nnc(Nc4cccc(Cl)c4)c2-3)c1,130.0,CHEMBL677832,CHEMBL120069,CHEMBL203
Clc1cccc(Nc2[nH]cnc3nnc(-c4ccccc4)c2-3)c1,19.0,CHEMBL677832,CHEMBL119977,CHEMBL203
Oc1ccc(-c2[nH]nc3ncnc(Nc4cccc(Cl)c4)c23)cc1,6.0,CHEMBL677832,CHEMBL118130,CHEMBL203
C[C@H](Nc1cc(-c2sc(C3CCN(C)CC3)nc2-c2ccc(F)cc2)ccn1)c1ccccc1,1100.0,CHEMBL683037,CHEMBL2111784,CHEMBL203
C[C@H](Nc1cc(-c2sc(C3CCN(C)CC3)nc2-c2ccc(F)cc2)ccn1)c1ccccc1,700.0,CHEMBL683039,CHEMBL2111784,CHEMBL203
COc1cc(/C=C(\C#N)C(N)=O)cc(Sc2nc3ccccc3s2)c1O,350.0,CHEMBL821544,CHEMBL290389,CHEMBL203
COc1ccc(C#CC(C)(C)N)cc1C(=O)c1ccc(Nc2ccc(F)cc2F)cc1,8800.0,CHEMBL689294,CHEMBL419409,CHEMBL203
COc1ccc(C#CC(C)(C)N)cc1C(=O)c1ccc(Nc2ccc(F)cc2F)cc1,4400.0,CHEMBL683038,CHEMBL419409,CHEMBL203
CN1CCN(c2ccc3c(n2)nc(-c2ccc(F)cc2)n3-c2ccnc(NC3CCCC3)n2)CC1,8700.0,CHEMBL683039,CHEMBL120185,CHEMBL203
O=C(O)c1cc(N(Cc2ccccc2O)Cc2cc(O)ccc2O)ccc1O,4100.0,CHEMBL674642,CHEMBL103552,CHEMBL203
OC1(c2nc(-c3ccc(F)cc3)c(-c3ccnc(NC4CCCCC4)c3)o2)CCNCC1,2000.0,CHEMBL683037,CHEMBL121405,CHEMBL203
OC1(c2nc(-c3ccc(F)cc3)c(-c3ccnc(NC4CCCCC4)c3)o2)CCNCC1,1100.0,CHEMBL683039,CHEMBL121405,CHEMBL203
O=C(O)c1cc(NCc2cc(O)ccc2O)ccc1O,2900.0,CHEMBL674642,CHEMBL319620,CHEMBL203
COC(=O)c1cc(NCc2cc(O)ccc2O)ccc1O,24400.0,CHEMBL674642,CHEMBL131653,CHEMBL203
O=C(O)c1cc(CCc2cc(O)ccc2O)ccc1O,3300.0,CHEMBL674642,CHEMBL103860,CHEMBL203
Cc1nc(O)c2c(ccc3[nH]c(Nc4c(Cl)cccc4Cl)nc32)c1C,100000.0,CHEMBL677529,CHEMBL27085,CHEMBL203
COc1cc2ncc(N[C@H]3CC[C@H](O)CC3)nc2cc1OC,3700.0,CHEMBL674697,CHEMBL104466,CHEMBL203
Cc1[nH]c2ncnc(Nc3cccc(C#N)c3)c2c1C,200.0,CHEMBL677880,CHEMBL75208,CHEMBL203
Cc1[nH]c2ncnc(N(C)c3cccc(Cl)c3)c2c1C,500.0,CHEMBL677880,CHEMBL76444,CHEMBL203
Clc1cccc(Nc2ncnc3[nH]c4ccccc4c23)c1,6.0,CHEMBL677880,CHEMBL306315,CHEMBL203
c1ccc(Nc2ncnc3[nH]c4c(c23)CCCC4)cc1,310.0,CHEMBL677880,CHEMBL433305,CHEMBL203
Cc1[nH]c2ncnc(NCc3ccccc3)c2c1C,1080.0,CHEMBL677880,CHEMBL421686,CHEMBL203
Cc1cccc(Nc2ncnc3[nH]c4c(c23)CCCC4)c1,820.0,CHEMBL677880,CHEMBL307062,CHEMBL203
O=C(O)c1cccc(Nc2ncnc3[nH]c4c(c23)CCCC4)c1,25700.0,CHEMBL677880,CHEMBL74645,CHEMBL203
Cc1[nH]c2ncnc(Nc3cccc(O)c3)c2c1C,1250.0,CHEMBL677880,CHEMBL74778,CHEMBL203
Clc1cccc(Nc2ncnc3[nH]c(-c4ccccc4)c(-c4ccccc4)c23)c1,96.0,CHEMBL677880,CHEMBL307209,CHEMBL203
Cc1[nH]c2ncnc(Nc3cc(Cl)cc(Cl)c3)c2c1C,170.0,CHEMBL677880,CHEMBL73406,CHEMBL203
Brc1cccc(Nc2ncnc3[nH]c4c(c23)CCCC4)c1,46.0,CHEMBL677880,CHEMBL72393,CHEMBL203
O=C1NC(=O)c2cc(Nc3ccccc3)c(Nc3ccccc3)cc21,300.0,CHEMBL677880,CHEMBL268868,CHEMBL203
Cc1ccc(Nc2ncnc3[nH]c(C)c(C)c23)cc1,2100.0,CHEMBL677880,CHEMBL307599,CHEMBL203
FC(F)(F)c1cccc(Nc2ncnc3[nH]c4c(c23)CCCC4)c1,360.0,CHEMBL677880,CHEMBL440873,CHEMBL203
Cc1[nH]c2ncnc(Nc3cccc(Cl)c3)c2c1-c1ccccc1,230.0,CHEMBL677880,CHEMBL308593,CHEMBL203
Cc1[nH]c2ncnc(NC3CCCCC3)c2c1C,6920.0,CHEMBL677880,CHEMBL4106341,CHEMBL203
Cc1ccc(Nc2ncnc3[nH]c4c(c23)CCCC4)cc1,110.0,CHEMBL677880,CHEMBL74481,CHEMBL203
Clc1cccc(Nc2ncnc3[nH]c4c(c23)CCCC4)c1,29.0,CHEMBL677880,CHEMBL75177,CHEMBL203
Cc1[nH]c2ncnc(Nc3cccc(C(F)(F)F)c3)c2c1C,1900.0,CHEMBL677880,CHEMBL306029,CHEMBL203
COc1cccc(Nc2ncnc3[nH]c4c(c23)CCCC4)c1,860.0,CHEMBL677880,CHEMBL431191,CHEMBL203
COc1cccc(Nc2ncnc3[nH]c(C)c(C)c23)c1,1200.0,CHEMBL677880,CHEMBL73301,CHEMBL203
Cc1[nH]c2ncnc(Nc3ccc(F)cc3)c2c1C,560.0,CHEMBL677880,CHEMBL73710,CHEMBL203
Cc1[nH]c2ncnc(Nc3ccccc3Cl)c2c1C,75100.0,CHEMBL677880,CHEMBL73625,CHEMBL203
Oc1cccc(Nc2ncnc3[nH]c4c(c23)CCCC4)c1,420.0,CHEMBL677880,CHEMBL72322,CHEMBL203
Cc1[nH]c2ncnc(Nc3cccc(C(=O)O)c3)c2c1C,16300.0,CHEMBL677880,CHEMBL431001,CHEMBL203
Cc1[nH]c2ncnc(Nc3ccccc3)c2c1C,1900.0,CHEMBL677880,CHEMBL75049,CHEMBL203
Cc1[nH]c2ncnc(Nc3cccc(Cl)c3)c2c1C,27.0,CHEMBL677880,CHEMBL306081,CHEMBL203
CCc1ccc(Nc2ncnc3[nH]c(C)c(C)c23)cc1,77500.0,CHEMBL677880,CHEMBL309937,CHEMBL203
Cc1[nH]c2ncnc(Nc3cccc(Br)c3)c2c1C,25.0,CHEMBL677880,CHEMBL74722,CHEMBL203
Cc1[nH]c2ncnc(Oc3cccc(Cl)c3)c2c1C,2500.0,CHEMBL677880,CHEMBL76116,CHEMBL203
Cc1cccc(Nc2ncnc3[nH]c(C)c(C)c23)c1,570.0,CHEMBL677880,CHEMBL307026,CHEMBL203
Cc1[nH]c2ncnc(Nc3cccc(F)c3)c2c1C,550.0,CHEMBL677880,CHEMBL308582,CHEMBL203
Cc1c(-c2ccccc2)[nH]c2ncnc(Nc3cccc(Cl)c3)c12,10.0,CHEMBL677880,CHEMBL311129,CHEMBL203
COc1cc2ncnc(Nc3cccc(Br)c3)c2cc1OC,4.0,CHEMBL677880,CHEMBL29197,CHEMBL203
OCCCNc1cncc(-c2cncc(Nc3cccc(Cl)c3)n2)c1,1360.0,CHEMBL832814,CHEMBL177688,CHEMBL203
Fc1ccc(Nc2ncnc3nn4ccccc4c23)cc1Cl,200.0,CHEMBL832627,CHEMBL181275,CHEMBL203
Fc1cccc(COc2ccc(Nc3ncnc4nn5ccccc5c34)cc2Cl)c1,32.0,CHEMBL832627,CHEMBL182254,CHEMBL203
Clc1cc(Nc2ncnc3nn4ccccc4c23)ccc1OCc1ccccc1,50.0,CHEMBL832627,CHEMBL181742,CHEMBL203
c1ccc(Cc2nc3cc(Nc4ncnc5nn6ccccc6c45)ccc3[nH]2)cc1,5010.0,CHEMBL832627,CHEMBL361322,CHEMBL203
Nc1ccc2ncnc(Nc3cccc(Br)c3)c2c1,44.0,CHEMBL828723,CHEMBL52765,CHEMBL203
Nc1ccc2ncnc(Nc3cccc(Cl)c3)c2c1,200.0,CHEMBL828723,CHEMBL343352,CHEMBL203
ClCCNc1ccc2ncnc(Nc3cccc(Br)c3)c2c1,10.0,CHEMBL828723,CHEMBL181617,CHEMBL203
ClCCNc1ccc2ncnc(Nc3cccc(Cl)c3)c2c1,26.0,CHEMBL828723,CHEMBL179451,CHEMBL203
CCN(CC)CCOc1ccc(Nc2ncc3cc(-c4c(Cl)cccc4Cl)c(=O)n(C)c3n2)cc1,44000.0,CHEMBL830975,CHEMBL49120,CHEMBL203
COc1cc2ncnc(Nc3cccc(NC(=O)c4ccccc4)c3)c2cc1OC,5600.0,CHEMBL832673,CHEMBL186802,CHEMBL203
COc1cc2ncnc(Nc3cc(NC(=O)c4ccccc4)c(F)cc3F)c2cc1OC,490.0,CHEMBL832673,CHEMBL186580,CHEMBL203
COc1cc2ncnc(Nc3cc(NC(=O)c4ccccc4)ccc3Cl)c2cc1OC,11000.0,CHEMBL832673,CHEMBL185327,CHEMBL203
COc1cc2ncnc(Nc3ccc(C)c(NC(=O)c4ccccc4)c3)c2cc1OC,3200.0,CHEMBL832673,CHEMBL186747,CHEMBL203
COc1cc2ncnc(Nc3cccc(NC(=O)c4ccccc4)c3F)c2cc1OC,2800.0,CHEMBL832673,CHEMBL182397,CHEMBL203
COc1cc2ncnc(Nc3ccc(Cl)c(NC(=O)c4ccccc4)c3)c2cc1OC,2200.0,CHEMBL832673,CHEMBL360209,CHEMBL203
COc1cc2ncnc(Nc3cc(NC(=O)c4cccc(N(C)C)c4)ccc3Cl)c2cc1OC,29000.0,CHEMBL832673,CHEMBL187007,CHEMBL203
COc1cc2ncnc(Nc3ccc(Cl)c(NC(=O)c4cccc(N(C)C)c4)c3)c2cc1OC,1000.0,CHEMBL832673,CHEMBL184682,CHEMBL203
COc1cc2ncnc(Nc3cccc(Cl)c3)c2cc1OC,5.0,CHEMBL832673,CHEMBL7917,CHEMBL203
Fc1ccc(Nc2ncnn3cccc23)cc1Cl,110.0,CHEMBL832893,CHEMBL185637,CHEMBL203
Cc1ccn2ncnc(Nc3ccc(F)c(Cl)c3)c12,100.0,CHEMBL832893,CHEMBL188304,CHEMBL203
Cc1cc2c(Nc3ccc(F)c(Cl)c3)ncnn2c1,150.0,CHEMBL832893,CHEMBL186080,CHEMBL203
Cc1ccc2c(Nc3ccc(F)c(Cl)c3)ncnn12,3250.0,CHEMBL832893,CHEMBL184311,CHEMBL203
Cc1ccc(Nc2ncnn3cccc23)cc1O,510.0,CHEMBL832893,CHEMBL185853,CHEMBL203
Cc1ccc(Nc2ncnn3ccc(C)c23)cc1O,340.0,CHEMBL832893,CHEMBL188522,CHEMBL203
Cc1cc2c(Nc3ccc(C)c(O)c3)ncnn2c1,650.0,CHEMBL832893,CHEMBL184750,CHEMBL203
Cc1ccc(Nc2ncnn3c(C)ccc23)cc1O,29400.0,CHEMBL832893,CHEMBL187431,CHEMBL203
Cc1ccc(Nc2ncnn3cc(C)c(C)c23)cc1O,200.0,CHEMBL832893,CHEMBL186001,CHEMBL203
OCCCNc1cncc(-c2cncc(Nc3cccc(Cl)c3)n2)c1,1360.0,CHEMBL833554,CHEMBL177688,CHEMBL203
OCCCCNc1cncc(-c2cncc(Nc3cccc(Cl)c3)n2)c1,7400.0,CHEMBL833554,CHEMBL188386,CHEMBL203
Cc1ccsc1C(=O)n1nc(Nc2ccc(S(N)(=O)=O)cc2)nc1N,8400.0,CHEMBL829442,CHEMBL363130,CHEMBL203
Cc1ccc(F)c(C(=O)n2nc(Nc3ccc(S(N)(=O)=O)cc3)nc2C)c1F,45800.0,CHEMBL829442,CHEMBL363607,CHEMBL203
COCC(=O)Nc1ccc2ncnc(Nc3cc(Cl)c(Cl)cc3F)c2c1,252.0,CHEMBL832761,CHEMBL190651,CHEMBL203
COCC(=O)Nc1ccc2ncnc(Nc3cc(Cl)c(Cl)cc3F)c2c1,10000.0,CHEMBL832979,CHEMBL190651,CHEMBL203
COCC(=O)Nc1ccc2ncnc(Nc3cc(Cl)c(Cl)cc3F)c2c1,50000.0,CHEMBL827826,CHEMBL190651,CHEMBL203
COCC(=O)Nc1ccc2ncnc(Nc3cccc(Br)c3)c2c1,174.0,CHEMBL832761,CHEMBL192737,CHEMBL203
COCC(=O)Nc1ccc2ncnc(Nc3cccc(I)c3)c2c1,150.0,CHEMBL832761,CHEMBL190567,CHEMBL203
COCC(=O)Nc1ccc2ncnc(Nc3cccc(I)c3)c2c1,5000.0,CHEMBL829928,CHEMBL190567,CHEMBL203
COCC(=O)Nc1ccc2ncnc(Nc3cccc(I)c3)c2c1,50000.0,CHEMBL833025,CHEMBL190567,CHEMBL203
O=C(CCl)Nc1ccc2ncnc(Nc3cc(Cl)c(Cl)cc3F)c2c1,0.07,CHEMBL832761,CHEMBL275762,CHEMBL203
O=C(CCl)Nc1ccc2ncnc(Nc3cc(Cl)c(Cl)cc3F)c2c1,25.0,CHEMBL828302,CHEMBL275762,CHEMBL203
O=C(CCl)Nc1ccc2ncnc(Nc3cc(Cl)c(Cl)cc3F)c2c1,25.0,CHEMBL829089,CHEMBL275762,CHEMBL203
O=C(CCl)Nc1ccc2ncnc(Nc3cc(Cl)c(Cl)cc3F)c2c1,15.0,CHEMBL828032,CHEMBL275762,CHEMBL203
O=C(CCl)Nc1ccc2ncnc(Nc3cccc(Br)c3)c2c1,32.0,CHEMBL832761,CHEMBL193159,CHEMBL203
O=C(CCl)Nc1ccc2ncnc(Nc3cccc(Br)c3)c2c1,10.0,CHEMBL833025,CHEMBL193159,CHEMBL203
O=C(CCl)Nc1ccc2ncnc(Nc3cccc(I)c3)c2c1,0.12,CHEMBL832761,CHEMBL193160,CHEMBL203
O=C(CCl)Nc1ccc2ncnc(Nc3cccc(I)c3)c2c1,10.0,CHEMBL828301,CHEMBL193160,CHEMBL203
O=C(CCl)Nc1ccc2ncnc(Nc3cccc(I)c3)c2c1,30.0,CHEMBL833025,CHEMBL193160,CHEMBL203
CN(C)C/C=C/C(=O)Nc1ccc2ncnc(Nc3cc(Cl)c(Cl)cc3F)c2c1,0.11,CHEMBL832761,CHEMBL190094,CHEMBL203
CN(C)C/C=C/C(=O)Nc1ccc2ncnc(Nc3cc(Cl)c(Cl)cc3F)c2c1,10.0,CHEMBL828301,CHEMBL190094,CHEMBL203
CN(C)C/C=C/C(=O)Nc1ccc2ncnc(Nc3cc(Cl)c(Cl)cc3F)c2c1,50.0,CHEMBL829088,CHEMBL190094,CHEMBL203
CN(C)C/C=C/C(=O)Nc1ccc2ncnc(Nc3cc(Cl)c(Cl)cc3F)c2c1,4.0,CHEMBL831695,CHEMBL190094,CHEMBL203
CN(C)C/C=C/C(=O)Nc1ccc2ncnc(Nc3cccc(Br)c3)c2c1,0.41,CHEMBL832761,CHEMBL94061,CHEMBL203
CN(C)C/C=C/C(=O)Nc1ccc2ncnc(Nc3cccc(Br)c3)c2c1,10.0,CHEMBL828300,CHEMBL94061,CHEMBL203
CN(C)C/C=C/C(=O)Nc1ccc2ncnc(Nc3cccc(Br)c3)c2c1,10.0,CHEMBL828089,CHEMBL94061,CHEMBL203
CN(C)C/C=C/C(=O)Nc1ccc2ncnc(Nc3cccc(I)c3)c2c1,0.94,CHEMBL832761,CHEMBL189779,CHEMBL203
C=CC(=O)Nc1cc2c(Nc3cc(Cl)c(Cl)cc3F)ncnc2cc1N1CCN(C)CC1,6000.0,CHEMBL832761,CHEMBL372246,CHEMBL203
C=CC(=O)Nc1cc2c(Nc3cc(Cl)c(Cl)cc3F)ncnc2cc1N1CCN(C)CC1,250.0,CHEMBL831153,CHEMBL372246,CHEMBL203
C=CC(=O)Nc1cc2c(Nc3cccc(Br)c3)ncnc2cc1N1CCN(C)CC1,13000.0,CHEMBL832761,CHEMBL365805,CHEMBL203
C=CC(=O)Nc1cc2c(Nc3cccc(Br)c3)ncnc2cc1N1CCN(C)CC1,250.0,CHEMBL832921,CHEMBL365805,CHEMBL203
COc1cc2ncnc(Nc3cc(Cl)c(Cl)cc3F)c2cc1OC,0.208,CHEMBL832761,CHEMBL437879,CHEMBL203
COc1cc2ncnc(Nc3cc(Cl)c(Cl)cc3F)c2cc1OC,5.0,CHEMBL827827,CHEMBL437879,CHEMBL203
C=CC(=O)Nc1ccc2ncnc(Nc3cc(Cl)c(Cl)cc3F)c2c1,0.037,CHEMBL832761,CHEMBL363815,CHEMBL203
C=CC(=O)Nc1ccc2ncnc(Nc3cc(Cl)c(Cl)cc3F)c2c1,20.0,CHEMBL832922,CHEMBL363815,CHEMBL203
C=CC(=O)Nc1ccc2ncnc(Nc3cc(Cl)c(Cl)cc3F)c2c1,20.0,CHEMBL829536,CHEMBL363815,CHEMBL203
CONC(=O)c1cc(Nc2ncnn3cc(NC(=O)OCCCS(C)(=O)=O)c(C(C)C)c23)c(F)cc1F,4200.0,CHEMBL830273,CHEMBL195218,CHEMBL203
CONC(=O)c1cc(Nc2ncnn3cc(NC(=O)OCC4CCCO4)c(C(C)C)c23)c(F)cc1F,5500.0,CHEMBL830273,CHEMBL370266,CHEMBL203
CCOC(=O)c1cn2ncnc(Nc3ccc(F)c(Cl)c3)c2c1CC,90.0,CHEMBL881943,CHEMBL196018,CHEMBL203
CCOC(=O)c1cn2ncnc(Nc3cccc(Br)c3)c2c1CC,60.0,CHEMBL881943,CHEMBL370934,CHEMBL203
CCOC(=O)c1cn2ncnc(Nc3ccc4[nH]ncc4c3)c2c1CC,50.0,CHEMBL881943,CHEMBL372112,CHEMBL203
CCOC(=O)c1cn2ncnc(NCc3ccccc3)c2c1CC,200.0,CHEMBL881943,CHEMBL371863,CHEMBL203
CCOC(=O)c1cn2ncnc(Nc3ccc4c(cnn4Cc4ccccc4)c3)c2c1CC,120.0,CHEMBL881943,CHEMBL196925,CHEMBL203
CCOC(=O)c1cn2ncnc(Nc3ccc(Oc4ccccc4)cc3)c2c1CC,610.0,CHEMBL881943,CHEMBL194349,CHEMBL203
CCOC(=O)c1cc2c(Nc3ccc4c(cnn4Cc4ccccc4)c3)ncnn2c1,120.0,CHEMBL881943,CHEMBL425738,CHEMBL203
CCOC(=O)c1cn2ncnc(Nc3ccc4c(cnn4Cc4ccccc4)c3)c2c1C,200.0,CHEMBL881943,CHEMBL196738,CHEMBL203
CCOC(=O)c1cn2ncnc(Nc3ccc4c(cnn4Cc4ccccc4)c3)c2c1C(C)C,200.0,CHEMBL881943,CHEMBL365606,CHEMBL203
CCCc1c(C(=O)OCC)cn2ncnc(Nc3ccc4c(cnn4Cc4ccccc4)c3)c12,950.0,CHEMBL881943,CHEMBL438805,CHEMBL203
CCc1c(C(=O)O)cn2ncnc(Nc3ccc4c(cnn4Cc4ccccc4)c3)c12,20.0,CHEMBL881943,CHEMBL196438,CHEMBL203
CCc1c(C(N)=O)cn2ncnc(Nc3ccc4c(cnn4Cc4ccccc4)c3)c12,120.0,CHEMBL881943,CHEMBL194958,CHEMBL203
CCc1c(C(=O)NC)cn2ncnc(Nc3ccc4c(cnn4Cc4ccccc4)c3)c12,70.0,CHEMBL881943,CHEMBL197689,CHEMBL203
CCc1c(C(=O)N(C)C)cn2ncnc(Nc3ccc4c(cnn4Cc4ccccc4)c3)c12,200.0,CHEMBL881943,CHEMBL372293,CHEMBL203
CCc1c(NC(=O)OCc2ccccc2)cn2ncnc(Nc3ccc4c(cnn4Cc4ccccc4)c3)c12,210.0,CHEMBL881943,CHEMBL372523,CHEMBL203
CCc1c(CO)cn2ncnc(Nc3ccc4c(cnn4Cc4ccccc4)c3)c12,490.0,CHEMBL881943,CHEMBL373025,CHEMBL203
CCNCc1cn2ncnc(Nc3ccc4c(cnn4Cc4ccccc4)c3)c2c1CC,7400.0,CHEMBL881943,CHEMBL369967,CHEMBL203
CCOCc1cn2ncnc(Nc3ccc4c(cnn4Cc4ccccc4)c3)c2c1CC,950.0,CHEMBL881943,CHEMBL196548,CHEMBL203
CCc1c(CC(N)=O)cn2ncnc(Nc3ccc4c(cnn4Cc4ccccc4)c3)c12,1100.0,CHEMBL881943,CHEMBL194160,CHEMBL203
CCc1c(CC(=O)O)cn2ncnc(Nc3ccc4c(cnn4Cc4ccccc4)c3)c12,1600.0,CHEMBL881943,CHEMBL372692,CHEMBL203
CCc1c(C(=O)NCCCn2ccnc2)cn2ncnc(Nc3ccc4c(cnn4Cc4ccccc4)c3)c12,40.0,CHEMBL881943,CHEMBL193681,CHEMBL203
CCc1c(C(=O)OCCCn2ccnc2)cn2ncnc(Nc3ccc4c(cnn4Cc4ccccc4)c3)c12,170.0,CHEMBL881943,CHEMBL193368,CHEMBL203
CCc1c(NC(=O)OCCn2ccnc2)cn2ncnc(Nc3ccc4c(cnn4Cc4ccccc4)c3)c12,40.0,CHEMBL881943,CHEMBL412367,CHEMBL203
COc1cc2ncnc(Nc3ccc(OCc4ccccn4)c(C)c3)c2cc1OC,59.0,CHEMBL881949,CHEMBL371888,CHEMBL203
COc1cc(ON2CCC(C)CC2)c2c(Nc3ccc(OCc4ccccn4)c(Cl)c3)ncnc2c1,5.0,CHEMBL881949,CHEMBL444619,CHEMBL203
CN1CCC(Oc2cccc3ncnc(Nc4ccc(OCc5cccc(F)c5)c(Cl)c4)c23)CC1,5.0,CHEMBL881949,CHEMBL197640,CHEMBL203
COc1ccc(Nc2ncnc3cccc(OC4CCN(C)CC4)c23)cc1Cl,1800.0,CHEMBL881949,CHEMBL197525,CHEMBL203
Clc1cc(Nc2ncnc3cccc(OC4CCOCC4)c23)ccc1OCc1ccccn1,2400.0,CHEMBL881949,CHEMBL193578,CHEMBL203
CN1CCC(Oc2cccc3ncnc(Nc4ccc(OCc5ccccn5)c(Cl)c4)c23)CC1,140.0,CHEMBL881949,CHEMBL193544,CHEMBL203
CN1CCC(Oc2cccc3ncnc(Nc4ccc(OCc5cnccn5)c(Cl)c4)c23)CC1,690.0,CHEMBL881949,CHEMBL436511,CHEMBL203
CN1CCC(Oc2cccc3ncnc(Nc4ccc(OCc5cscn5)c(Cl)c4)c23)CC1,698.0,CHEMBL881949,CHEMBL195204,CHEMBL203
CN1CCC(Oc2cccc3ncnc(Nc4ccc(OCc5ccccn5)cc4)c23)CC1,2100.0,CHEMBL881949,CHEMBL194337,CHEMBL203
COc1cccc2ncnc(Nc3ccc(OCc4ccccn4)c(Cl)c3)c12,440.0,CHEMBL881949,CHEMBL194389,CHEMBL203
Cc1cc(N2CCOCC2)cc2[nH]c(-c3c(NC[C@@H](O)c4cccc(Cl)c4)cc[nH]c3=O)nc12,1600.0,CHEMBL881766,CHEMBL401930,CHEMBL203
COc1cc(Nc2c(C#N)cnc3cc4cc(OCCN5CCOCC5)c(OC)cc4cc23)c(Cl)cc1Cl,2700.0,CHEMBL857670,CHEMBL195029,CHEMBL203
COc1ccc(C#CC(C)(C)N)cc1-c1[nH]nc2nc(Nc3ccc(F)cc3F)ncc12,5200.0,CHEMBL863537,CHEMBL370808,CHEMBL203
COC(=O)c1c(OC)c2ccccc2c2oc3c(c12)C(=O)c1ccccc1C3=O,12600.0,CHEMBL862242,CHEMBL201840,CHEMBL203
N#CC(C#N)=C(N)/C(C#N)=C/c1cc(O)c(O)c(O)c1,4100.0,CHEMBL862242,CHEMBL78257,CHEMBL203
COC(=O)c1c(OCCN2CCCCC2)c2ccccc2c2oc3c(c12)C(=O)c1ccccc1C3=O,2800.0,CHEMBL862242,CHEMBL200976,CHEMBL203
COC(=O)c1c(OCCN2CCCC2)c2ccccc2c2oc3c(c12)C(=O)c1ccccc1C3=O,9000.0,CHEMBL862242,CHEMBL202244,CHEMBL203
COC(=O)c1c(OCCCN(C)C)c2ccccc2c2oc3c(c12)C(=O)c1ccccc1C3=O,13600.0,CHEMBL862242,CHEMBL383030,CHEMBL203
CCN(CC)CCOc1c(C(=O)OC)c2c3c(oc2c2ccccc12)C(=O)c1ccccc1C3=O,5100.0,CHEMBL862242,CHEMBL202162,CHEMBL203
COC(=O)c1c(OCCN(C)C)c2ccccc2c2oc3c(c12)C(=O)c1ccccc1C3=O,31000.0,CHEMBL862242,CHEMBL201865,CHEMBL203
COc1cc2c(Nc3ncc(CC(=O)Nc4cccc(F)c4)s3)ncnc2cc1OCCCN1CCC(CO)CC1,800.0,CHEMBL860874,CHEMBL201307,CHEMBL203
C=CC(=O)Nc1cc2c(Nc3ccc(F)c(Cl)c3)ncnc2cc1OCCCN1CCOCC1.Cl.Cl,3.0,CHEMBL862512,CHEMBL545315,CHEMBL203
CN1CCN(CCC#CC(=O)Nc2cc3c(Nc4ccc(F)c(Br)c4)ncnc3cn2)CC1,1.1,CHEMBL862512,CHEMBL437890,CHEMBL203
CN1CCN(CCC#CC(=O)Nc2cc3c(Nc4ccc(F)c(Cl)c4)ncnc3cn2)CC1,0.5,CHEMBL862512,CHEMBL203599,CHEMBL203
O=C(C#CCCN1CCCCC1)Nc1cc2c(Nc3ccc(F)c(Cl)c3)ncnc2cn1,0.9,CHEMBL862512,CHEMBL205059,CHEMBL203
O=C(C#CCCN1CCOCC1)Nc1cc2c(Nc3ccc(F)c(Br)c3)ncnc2cn1,1.5,CHEMBL862512,CHEMBL204638,CHEMBL203
O=C(C#CCCN1CCOCC1)Nc1cc2c(Nc3ccc(F)c(Cl)c3)ncnc2cn1,1.3,CHEMBL862512,CHEMBL203661,CHEMBL203
O=C(C#CCN1CCOCC1)Nc1cc2c(Nc3ccc(F)c(Cl)c3)ncnc2cn1,3.1,CHEMBL862512,CHEMBL202556,CHEMBL203
CCCCN(CC#CC(=O)Nc1cc2c(Nc3ccc(F)c(Cl)c3)ncnc2cn1)CCCC,17.0,CHEMBL862512,CHEMBL202421,CHEMBL203
CC(C)N(CC#CC(=O)Nc1cc2c(Nc3ccc(F)c(Cl)c3)ncnc2cn1)C(C)C,44.0,CHEMBL862512,CHEMBL383499,CHEMBL203
CCN(CC)CC#CC(=O)Nc1cc2c(Nc3ccc(F)c(Cl)c3)ncnc2cn1,15.0,CHEMBL862512,CHEMBL202425,CHEMBL203
CCCCC#CC(=O)Nc1cc2c(Nc3ccc(F)c(Cl)c3)ncnc2cn1,15.0,CHEMBL862512,CHEMBL202424,CHEMBL203
CCCC#CC(=O)Nc1cc2c(Nc3ccc(F)c(Cl)c3)ncnc2cn1,1.7,CHEMBL862512,CHEMBL203645,CHEMBL203
CC#CC(=O)Nc1cc2c(Nc3ccc(F)c(Cl)c3)ncnc2cn1,0.3,CHEMBL862512,CHEMBL203644,CHEMBL203
C#CC(=O)Nc1cc2c(Nc3cccc(Br)c3)ncnc2cn1,0.6,CHEMBL862512,CHEMBL378144,CHEMBL203
O=C(C#CCCN1CCOCC1)Nc1ccc2ncnc(Nc3ccc(F)c(Cl)c3)c2c1,1.7,CHEMBL862512,CHEMBL204085,CHEMBL203
CCN(CC)CCC#CC(=O)Nc1ccc2ncnc(Nc3ccc(F)c(Cl)c3)c2c1,1.8,CHEMBL862512,CHEMBL382073,CHEMBL203
O=C(C#CCN1CCOCC1)Nc1ccc2ncnc(Nc3ccc(F)c(Cl)c3)c2c1,86.0,CHEMBL862512,CHEMBL202621,CHEMBL203
CCCCN(CC#CC(=O)Nc1ccc2ncnc(Nc3ccc(F)c(Cl)c3)c2c1)CCCC,40.0,CHEMBL862512,CHEMBL202398,CHEMBL203
CC(C)N(CC#CC(=O)Nc1ccc2ncnc(Nc3ccc(F)c(Cl)c3)c2c1)C(C)C,4.2,CHEMBL862512,CHEMBL380669,CHEMBL203
CCN(CC)CC#CC(=O)Nc1ccc2ncnc(Nc3ccc(F)c(Cl)c3)c2c1,3.1,CHEMBL862512,CHEMBL373207,CHEMBL203
O=C(C#CCO)Nc1ccc2ncnc(Nc3ccc(F)c(Cl)c3)c2c1,1.4,CHEMBL862512,CHEMBL202411,CHEMBL203
CC#CC(=O)Nc1ccc2ncnc(Nc3cccc(Br)c3)c2c1,0.2,CHEMBL862512,CHEMBL91867,CHEMBL203
C#CC(=O)Nc1ccc2ncnc(Nc3cccc(Br)c3)c2c1,1.6,CHEMBL862512,CHEMBL202360,CHEMBL203
C#Cc1cccc(Nc2ncnc3cc(OCCOC)c(OCCOC)cc23)c1,0.6,CHEMBL862512,CHEMBL553,CHEMBL203
COc1cc2ncnc(Nc3ccc(F)c(Cl)c3)c2cc1OCCCN1CCOCC1,3.1,CHEMBL862512,CHEMBL939,CHEMBL203
Brc1ccc2c(c1)CNc1c(Nc3ccccc3)ncnc1O2,10000.0,CHEMBL867748,CHEMBL382862,CHEMBL203
COc1cc(OC2CCN(C)CC2)c2c(Nc3ccc(F)c(Cl)c3)ncnc2c1,21.0,CHEMBL868329,CHEMBL203295,CHEMBL203
CN1CCN(CCCOc2cc(OC3CCOCC3)c3c(Nc4ccc(F)c(Cl)c4)ncnc3c2)CC1,66.0,CHEMBL868329,CHEMBL205776,CHEMBL203
COCCOc1cc(OC2CCOCC2)c2c(Nc3ccc(F)c(Cl)c3)ncnc2c1,671.0,CHEMBL868329,CHEMBL382041,CHEMBL203
COc1cc(OC2CCN(S(C)(=O)=O)CC2)c2c(Nc3ccc(F)c(Cl)c3)ncnc2c1,9601.0,CHEMBL868329,CHEMBL379017,CHEMBL203
COc1cc(OC2CCN(C(C)=O)CC2)c2c(Nc3ccc(F)c(Cl)c3)ncnc2c1,873.0,CHEMBL868329,CHEMBL204330,CHEMBL203
COc1cc(OC2CCNCC2)c2c(Nc3ccc(F)c(Cl)c3)ncnc2c1,10.0,CHEMBL868329,CHEMBL205149,CHEMBL203
CN1CCC(Oc2cccc3ncnc(Nc4ccc(F)c(Cl)c4)c23)CC1,3.0,CHEMBL868329,CHEMBL203725,CHEMBL203
COc1ccc2ncnc(Nc3ccc(F)c(Cl)c3)c2c1OC1CCN(C)CC1,225.0,CHEMBL868329,CHEMBL203936,CHEMBL203
COc1cc(OC(C)C)c2c(Nc3ccc(F)c(Cl)c3)ncnc2c1,8068.0,CHEMBL868329,CHEMBL377277,CHEMBL203
COc1cc(OC2CCOC2)c2c(Nc3ccc(F)c(Cl)c3)ncnc2c1,187.0,CHEMBL868329,CHEMBL204268,CHEMBL203
COc1cc(OC2CCOCC2)c2c(Nc3ccc(F)c(Cl)c3)ncnc2c1,1384.0,CHEMBL868329,CHEMBL205783,CHEMBL203
Brc1ccc2c(c1)CNc1c(NCc3ccccc3)ncnc1O2,6000.0,CHEMBL867748,CHEMBL381306,CHEMBL203
Brc1ccc2c(c1)CNc1c(NCc3ccccc3)ncnc1O2,30000.0,CHEMBL867749,CHEMBL381306,CHEMBL203
COc1cc(OC)c2c(c1)Oc1ncnc(Nc3cccc(Br)c3)c1NC2,6300.0,CHEMBL867748,CHEMBL204223,CHEMBL203
COc1cc2c(cc1OC)Oc1ncnc(Nc3ccc(F)c(Cl)c3)c1NC2,1200.0,CHEMBL867748,CHEMBL202970,CHEMBL203
COc1cc2c(cc1OC)Oc1ncnc(Nc3cccc(Br)c3)c1NC2,340.0,CHEMBL867748,CHEMBL380972,CHEMBL203
Fc1ccc(Nc2ncnc3c2NCc2ccccc2O3)cc1Cl,1100.0,CHEMBL867748,CHEMBL425402,CHEMBL203
Brc1cccc(Nc2ncnc3c2NCc2ccccc2O3)c1,3400.0,CHEMBL867748,CHEMBL203219,CHEMBL203
C=CC(=O)Nc1ccc2c(c1)CNc1c(Nc3ccc(F)c(Cl)c3)ncnc1O2,4900.0,CHEMBL867748,CHEMBL204164,CHEMBL203
C=CC(=O)Nc1ccc2c(c1)CNc1c(Nc3cccc(Br)c3)ncnc1O2,5700.0,CHEMBL867748,CHEMBL381541,CHEMBL203
CS(=O)(=O)Nc1ccc2c(c1)CNc1c(Nc3cccc(Br)c3)ncnc1O2,4100.0,CHEMBL867748,CHEMBL382186,CHEMBL203
Nc1ccc2c(c1)CNc1c(Nc3ccc(F)c(Cl)c3)ncnc1O2,3700.0,CHEMBL867748,CHEMBL206197,CHEMBL203
Nc1ccc2c(c1)CNc1c(Nc3cccc(Br)c3)ncnc1O2,1700.0,CHEMBL867748,CHEMBL203132,CHEMBL203
O=C(O)c1ccc2c(c1)CNc1c(Nc3ccc(F)c(Cl)c3)ncnc1O2,4400.0,CHEMBL867748,CHEMBL206848,CHEMBL203
O=C(O)c1ccc2c(c1)CNc1c(Nc3cccc(Br)c3)ncnc1O2,1000.0,CHEMBL867748,CHEMBL205148,CHEMBL203
Fc1ccc2c(c1)CNc1c(Nc3cccc(-c4ccccc4)c3)ncnc1O2,2000.0,CHEMBL867748,CHEMBL206320,CHEMBL203
COc1ccc2c(c1)CNc1c(Nc3ccc(F)c(Cl)c3)ncnc1O2,900.0,CHEMBL867748,CHEMBL426124,CHEMBL203
COc1ccc2c(c1)Oc1ncnc(Nc3ccc(F)c(Cl)c3)c1NC2,1000.0,CHEMBL867748,CHEMBL206347,CHEMBL203
Fc1ccc2c(c1)CNc1c(Nc3ccc(F)c(Cl)c3)ncnc1O2,1000.0,CHEMBL867748,CHEMBL424853,CHEMBL203
Fc1ccc(Nc2ncnc3c2NCc2cc(Cl)ccc2O3)cc1Cl,1000.0,CHEMBL867748,CHEMBL205676,CHEMBL203
Fc1ccc(Nc2ncnc3c2NCc2cc(Br)ccc2O3)cc1Cl,2000.0,CHEMBL867748,CHEMBL206280,CHEMBL203
COc1ccc2c(c1)CNc1c(Nc3cccc(Br)c3)ncnc1O2,3100.0,CHEMBL867748,CHEMBL383444,CHEMBL203
COc1ccc2c(c1)Oc1ncnc(Nc3cccc(Br)c3)c1NC2,3000.0,CHEMBL867748,CHEMBL204715,CHEMBL203
Fc1ccc2c(c1)CNc1c(Nc3cccc(Br)c3)ncnc1O2,1500.0,CHEMBL867748,CHEMBL204965,CHEMBL203
Clc1ccc2c(c1)CNc1c(Nc3cccc(Br)c3)ncnc1O2,3400.0,CHEMBL867748,CHEMBL378145,CHEMBL203
Brc1cccc(Nc2ncnc3c2NCc2cc(Br)ccc2O3)c1,1000.0,CHEMBL867748,CHEMBL383614,CHEMBL203
COc1ccc2c(c1)CNc1c(Nc3ccc(Cl)cc3)ncnc1O2,5800.0,CHEMBL867748,CHEMBL205454,CHEMBL203
COc1ccc2c(c1)CNc1c(Nc3ccccc3)ncnc1O2,7500.0,CHEMBL867748,CHEMBL383121,CHEMBL203
Fc1ccc2c(c1)CNc1c(Nc3ccccc3)ncnc1O2,7000.0,CHEMBL867748,CHEMBL203529,CHEMBL203
COc1ccc2c(c1)CNc1c(NCc3ccccc3)ncnc1O2,2000.0,CHEMBL867748,CHEMBL204335,CHEMBL203
COc1cc2c(cc1OC)Oc1ncnc(Nc3ccc(F)c(Cl)c3)c1NC2,690.0,CHEMBL867749,CHEMBL202970,CHEMBL203
COc1cc2c(cc1OC)Oc1ncnc(Nc3cccc(Br)c3)c1NC2,470.0,CHEMBL867749,CHEMBL380972,CHEMBL203
Fc1ccc(Nc2ncnc3c2NCc2ccccc2O3)cc1Cl,2700.0,CHEMBL867749,CHEMBL425402,CHEMBL203
Brc1cccc(Nc2ncnc3c2NCc2ccccc2O3)c1,8100.0,CHEMBL867749,CHEMBL203219,CHEMBL203
C=CC(=O)Nc1ccc2c(c1)CNc1c(Nc3ccc(F)c(Cl)c3)ncnc1O2,8900.0,CHEMBL867749,CHEMBL204164,CHEMBL203
C=CC(=O)Nc1ccc2c(c1)CNc1c(Nc3cccc(Br)c3)ncnc1O2,5400.0,CHEMBL867749,CHEMBL381541,CHEMBL203
CS(=O)(=O)Nc1ccc2c(c1)CNc1c(Nc3cccc(Br)c3)ncnc1O2,7000.0,CHEMBL867749,CHEMBL382186,CHEMBL203
Nc1ccc2c(c1)CNc1c(Nc3ccc(F)c(Cl)c3)ncnc1O2,9100.0,CHEMBL867749,CHEMBL206197,CHEMBL203
COc1ccc2c(c1)CNc1c(Nc3cccc(-c4ccccc4)c3)ncnc1O2,9800.0,CHEMBL867749,CHEMBL206370,CHEMBL203
Fc1ccc2c(c1)CNc1c(Nc3cccc(-c4ccccc4)c3)ncnc1O2,9900.0,CHEMBL867749,CHEMBL206320,CHEMBL203
COc1ccc2c(c1)CNc1c(Nc3ccc(F)c(Cl)c3)ncnc1O2,2400.0,CHEMBL867749,CHEMBL426124,CHEMBL203
COc1ccc2c(c1)Oc1ncnc(Nc3ccc(F)c(Cl)c3)c1NC2,8900.0,CHEMBL867749,CHEMBL206347,CHEMBL203
Fc1ccc2c(c1)CNc1c(Nc3ccc(F)c(Cl)c3)ncnc1O2,7200.0,CHEMBL867749,CHEMBL424853,CHEMBL203
Fc1ccc(Nc2ncnc3c2NCc2cc(Cl)ccc2O3)cc1Cl,4300.0,CHEMBL867749,CHEMBL205676,CHEMBL203
Fc1ccc(Nc2ncnc3c2NCc2cc(Br)ccc2O3)cc1Cl,8400.0,CHEMBL867749,CHEMBL206280,CHEMBL203
COc1ccc2c(c1)CNc1c(Nc3cccc(Br)c3)ncnc1O2,1000.0,CHEMBL867749,CHEMBL383444,CHEMBL203
COc1ccc2c(c1)Oc1ncnc(Nc3cccc(Br)c3)c1NC2,1900.0,CHEMBL867749,CHEMBL204715,CHEMBL203
Fc1ccc2c(c1)CNc1c(Nc3cccc(Br)c3)ncnc1O2,6900.0,CHEMBL867749,CHEMBL204965,CHEMBL203
Brc1cccc(Nc2ncnc3c2NCc2cc(Br)ccc2O3)c1,7200.0,CHEMBL867749,CHEMBL383614,CHEMBL203
COc1ccc2c(c1)CNc1c(NCc3ccccc3)ncnc1O2,8500.0,CHEMBL867749,CHEMBL204335,CHEMBL203
Fc1ccc2c(c1)CNc1c(NCc3ccccc3)ncnc1O2,8900.0,CHEMBL867748,CHEMBL379041,CHEMBL203
COc1ccc(N2Cc3cnc(Nc4ccc(F)cc4)nc3N([C@@H]3CC[C@@H](O)C3)C2=O)cc1,545.0,CHEMBL861201,CHEMBL606964,CHEMBL203
Cc1cccc(-n2ncc3c(NCc4ccc5c(c4)OCO5)ncnc32)c1,15000.0,CHEMBL863780,CHEMBL206483,CHEMBL203
CS(=O)(=O)CCNCc1ccc(-c2ccc3ncnc(Nc4ccc(OCc5cccc(F)c5)c(Cl)c4)c3c2)o1,10.0,CHEMBL861550,CHEMBL554,CHEMBL203
CS(=O)(=O)CCNC(=O)NCc1cccc(C#Cc2cncnc2Nc2ccc(OCc3cccc(F)c3)c(Cl)c2)n1,15.0,CHEMBL861550,CHEMBL206029,CHEMBL203
CNC(=O)NCc1cccc(C#Cc2cncnc2Nc2ccc(OCc3cccc(F)c3)c(Cl)c2)n1,23.0,CHEMBL861550,CHEMBL380078,CHEMBL203
NCc1cccc(C#Cc2cncnc2Nc2ccc(OCc3cccc(F)c3)c(Cl)c2)n1,21.0,CHEMBL861550,CHEMBL206003,CHEMBL203
OCc1cccc(C#Cc2cncnc2Nc2ccc(OCc3cccc(F)c3)c(Cl)c2)n1,40.0,CHEMBL861550,CHEMBL204570,CHEMBL203
OCc1ccc(C#Cc2cncnc2Nc2ccc(OCc3cccc(F)c3)c(Cl)c2)o1,33.0,CHEMBL861550,CHEMBL204467,CHEMBL203
OCc1nc(C#Cc2cncnc2Nc2ccc(OCc3cccc(F)c3)c(Cl)c2)cs1,76.0,CHEMBL861550,CHEMBL205047,CHEMBL203
CC(=O)Nc1cccc(C#Cc2cncnc2Nc2ccc(OCc3cccc(F)c3)c(Cl)c2)n1,91.0,CHEMBL861550,CHEMBL205765,CHEMBL203
Nc1nccc(C#Cc2cncnc2Nc2ccc(OCc3cccc(F)c3)c(Cl)c2)n1,32.0,CHEMBL861550,CHEMBL381604,CHEMBL203
Fc1cccc(COc2ccc(Nc3ncncc3C#Cc3cc[nH]n3)cc2Cl)c1,42.0,CHEMBL861550,CHEMBL205284,CHEMBL203
Fc1cccc(COc2ccc(Nc3ncncc3C#Cc3ncccn3)cc2Cl)c1,77.0,CHEMBL861550,CHEMBL207869,CHEMBL203
Fc1cccc(COc2ccc(Nc3ncncc3C#Cc3ccccn3)cc2Cl)c1,17.0,CHEMBL861550,CHEMBL205045,CHEMBL203
Fc1cccc(COc2ccc(Nc3ncncc3C#Cc3cccnc3)cc2Cl)c1,74.0,CHEMBL861550,CHEMBL438440,CHEMBL203
COC(=O)CCCC(=O)Nc1cccc(C#Cc2cncnc2Nc2ccc(OCc3cccc(F)c3)c(Cl)c2)c1,31.0,CHEMBL861550,CHEMBL206782,CHEMBL203
CS(=O)(=O)CCC(=O)Nc1cccc(C#Cc2cncnc2Nc2ccc(OCc3cccc(F)c3)c(Cl)c2)c1,50.0,CHEMBL861550,CHEMBL381080,CHEMBL203
CC(=O)NCc1cccc(C#Cc2cncnc2Nc2ccc(OCc3cccc(F)c3)c(Cl)c2)c1,60.0,CHEMBL861550,CHEMBL207247,CHEMBL203
CNC(=O)c1cccc(C#Cc2cncnc2Nc2ccc(OCc3cccc(F)c3)c(Cl)c2)c1,79.0,CHEMBL861550,CHEMBL207410,CHEMBL203
CS(=O)(=O)Nc1cccc(C#Cc2cncnc2Nc2ccc(OCc3cccc(F)c3)c(Cl)c2)c1,110.0,CHEMBL861550,CHEMBL208358,CHEMBL203
CC(=O)Nc1ccc(C#Cc2cncnc2Nc2ccc(OCc3cccc(F)c3)c(Cl)c2)cc1,25100.0,CHEMBL861550,CHEMBL438075,CHEMBL203
CC(=O)Nc1cccc(C#Cc2cncnc2Nc2ccc(OCc3cccc(F)c3)c(Cl)c2)c1,12.0,CHEMBL861550,CHEMBL205798,CHEMBL203
Nc1ccc(C#Cc2cncnc2Nc2ccc(OCc3cccc(F)c3)c(Cl)c2)cc1,30.0,CHEMBL861550,CHEMBL205966,CHEMBL203
Nc1cccc(C#Cc2cncnc2Nc2ccc(OCc3cccc(F)c3)c(Cl)c2)c1,42.0,CHEMBL861550,CHEMBL205235,CHEMBL203
Nc1ccccc1C#Cc1cncnc1Nc1ccc(OCc2cccc(F)c2)c(Cl)c1,63.0,CHEMBL861550,CHEMBL204625,CHEMBL203
Fc1cccc(COc2ccc(Nc3ncncc3C#Cc3ccccc3)cc2Cl)c1,79.0,CHEMBL861550,CHEMBL379093,CHEMBL203
C#Cc1cncnc1Nc1ccc(OCc2cccc(F)c2)c(Cl)c1,85.0,CHEMBL861550,CHEMBL205870,CHEMBL203
Fc1cccc(COc2ccc(Nc3ccncn3)cc2Cl)c1,320.0,CHEMBL861550,CHEMBL205652,CHEMBL203
COc1cc2ncnc(Nc3ccc(F)c(Cl)c3)c2cc1OCCCN1CCOCC1,33.0,CHEMBL853149,CHEMBL939,CHEMBL203
COCCN1CC(C(N)=O)(N(C)Cc2cc3c(Nc4cccc(Cl)c4F)ncnc3cc2OC)C1,6.0,CHEMBL853149,CHEMBL207815,CHEMBL203
COc1cc2ncnc(Nc3cccc(Cl)c3F)c2cc1CN(C)C1(C(N)=O)CN(C(C)C)C1,9.0,CHEMBL853149,CHEMBL425601,CHEMBL203
COc1cc2ncnc(Nc3cccc(Cl)c3F)c2cc1CN(C)C1(C(N)=O)CN(C)C1,20.0,CHEMBL853149,CHEMBL207718,CHEMBL203
COc1cc2ncnc(Nc3cccc(Cl)c3F)c2cc1CN(C)C1(C(N)=O)CCN(C(C)C)CC1,25.0,CHEMBL853149,CHEMBL383246,CHEMBL203
COc1cc2ncnc(Nc3cccc(Cl)c3F)c2cc1CN(C)C1(C(N)=O)CCN(C)CC1,9.0,CHEMBL853149,CHEMBL207130,CHEMBL203
COc1cc2ncnc(Nc3cccc(Cl)c3F)c2cc1CN(C)[C@@H](CN(C)C)C(N)=O,50.0,CHEMBL853149,CHEMBL380889,CHEMBL203
COCC[C@@H](C(N)=O)N(C)Cc1cc2c(Nc3cccc(Cl)c3F)ncnc2cc1OC,10.0,CHEMBL853149,CHEMBL207445,CHEMBL203
COC[C@@H](C(N)=O)N(C)Cc1cc2c(Nc3cccc(Cl)c3F)ncnc2cc1OC,30.0,CHEMBL853149,CHEMBL379905,CHEMBL203
COc1cc2ncnc(Nc3cccc(Cl)c3F)c2cc1CN(C)[C@@H](CO)C(N)=O,20.0,CHEMBL853149,CHEMBL208286,CHEMBL203
COc1cc2ncnc(Nc3cccc(Cl)c3F)c2cc1CN(CCN(C)C)[C@@H](C)C(N)=O,120.0,CHEMBL853149,CHEMBL376967,CHEMBL203
COCCN(Cc1cc2c(Nc3cccc(Cl)c3F)ncnc2cc1OC)[C@@H](C)C(N)=O,10.0,CHEMBL853149,CHEMBL382823,CHEMBL203
COc1cc2ncnc(Nc3cccc(Cl)c3F)c2cc1CN(C)C1CCNC1=O,20.0,CHEMBL853149,CHEMBL378370,CHEMBL203
COc1cc2ncnc(Nc3cccc(Cl)c3F)c2cc1CN(C)[C@H](C)C(=O)N(C)C,40.0,CHEMBL853149,CHEMBL380006,CHEMBL203
CNC(=O)[C@@H](C)N(C)Cc1cc2c(Nc3cccc(Cl)c3F)ncnc2cc1OC,30.0,CHEMBL853149,CHEMBL211003,CHEMBL203
COc1cc2ncnc(Nc3cccc(Cl)c3F)c2cc1CN(C)[C@@H](C)C(N)=O,8.0,CHEMBL853149,CHEMBL207687,CHEMBL203
COc1cc2ncnc(Nc3cccc(Cl)c3F)c2cc1CN(C)[C@H](C)C(N)=O,9.0,CHEMBL853149,CHEMBL208118,CHEMBL203
COc1cc2ncnc(Nc3cccc(Cl)c3F)c2cc1CN(C)CC(N)=O,20.0,CHEMBL853149,CHEMBL379601,CHEMBL203
COc1cc2ncnc(Nc3cccc(Cl)c3F)c2cc1CN[C@H](C)C(N)=O,150.0,CHEMBL853149,CHEMBL380386,CHEMBL203
COc1cc2ncnc(Nc3cccc(Cl)c3F)c2cc1CN1CC(C(N)=O)C1,50.0,CHEMBL853149,CHEMBL207037,CHEMBL203
COc1cc2ncnc(Nc3cccc(Cl)c3F)c2cc1CN1CCC1C(N)=O,70.0,CHEMBL853149,CHEMBL207246,CHEMBL203
COc1cc2ncnc(Nc3cccc(Cl)c3F)c2cc1CN1CCOCC1C(N)=O,50.0,CHEMBL853149,CHEMBL207674,CHEMBL203
COc1cc2ncnc(Nc3cccc(Cl)c3F)c2cc1CN1CCCC[C@@H]1C(N)=O,8.0,CHEMBL853149,CHEMBL206783,CHEMBL203
COc1cc2ncnc(Nc3cccc(Cl)c3F)c2cc1CN1CCN(C)CC1C(N)=O,30.0,CHEMBL853149,CHEMBL204420,CHEMBL203
COc1cc2ncnc(Nc3cccc(Cl)c3F)c2cc1CN1CCC[C@H]1CC(N)=O,170.0,CHEMBL853149,CHEMBL377772,CHEMBL203
COc1cc2ncnc(Nc3cccc(Cl)c3F)c2cc1CN1CC[C@H](C(N)=O)C1,80.0,CHEMBL853149,CHEMBL380454,CHEMBL203
COc1cc2ncnc(Nc3cccc(Cl)c3F)c2cc1CN1CCC[C@@H]1C(=O)N(C)C,450.0,CHEMBL853149,CHEMBL382822,CHEMBL203
CNC(=O)[C@H]1CCCN1Cc1cc2c(Nc3cccc(Cl)c3F)ncnc2cc1OC,50.0,CHEMBL853149,CHEMBL383760,CHEMBL203
COc1cc2ncnc(Nc3cccc(Cl)c3F)c2cc1CN1C[C@H](OC)C[C@@H]1C(N)=O,10.0,CHEMBL853149,CHEMBL207235,CHEMBL203
COc1cc2ncnc(Nc3cccc(Cl)c3F)c2cc1CN1CCC[C@@H]1C(N)=O,10.0,CHEMBL853149,CHEMBL208292,CHEMBL203
COc1cc2ncnc(Nc3cccc(Cl)c3F)c2cc1CN1CCC[C@H]1C(N)=O,30.0,CHEMBL853149,CHEMBL207584,CHEMBL203
COc1cc2ncnc(Nc3ccc(F)c(Cl)c3)c2cc1CN1CCC[C@H]1C(N)=O,20.0,CHEMBL853149,CHEMBL382638,CHEMBL203
COc1cc2ncnc(Nc3ccc(F)c(Cl)c3)c2cc1CN1CCC[C@@H]1C(N)=O,6.0,CHEMBL853149,CHEMBL206955,CHEMBL203
COc1cc2ncnc(Nc3cccc(Cl)c3F)c2cc1CN1CCCC1,360.0,CHEMBL853149,CHEMBL437885,CHEMBL203
Cc1cccc(Nc2ncnc3ccc(N)cc23)c1,1000.0,CHEMBL870841,CHEMBL336113,CHEMBL203
CN(C(=O)N(CCCl)N=O)c1ccc2ncnc(Nc3cccc(Br)c3)c2c1,294.0,CHEMBL870841,CHEMBL210893,CHEMBL203
CN(C(=O)N(CCCl)N=O)c1ccc2ncnc(Nc3cccc(Cl)c3)c2c1,204.0,CHEMBL870841,CHEMBL210378,CHEMBL203
Cc1cccc(Nc2ncnc3ccc(N(C)C(=O)N(CCCl)N=O)cc23)c1,1139.0,CHEMBL870841,CHEMBL209818,CHEMBL203
O=NN(CCCl)C(=O)Nc1ccc2ncnc(Nc3cccc(Br)c3)c2c1,47.0,CHEMBL870841,CHEMBL210660,CHEMBL203
O=NN(CCCl)C(=O)Nc1ccc2ncnc(Nc3cccc(Cl)c3)c2c1,67.0,CHEMBL870841,CHEMBL210659,CHEMBL203
Cc1cccc(Nc2ncnc3ccc(NC(=O)N(CCCl)N=O)cc23)c1,1061.0,CHEMBL870841,CHEMBL210502,CHEMBL203
CN(CCCl)C(=O)Nc1ccc2ncnc(Nc3cccc(Br)c3)c2c1,156.0,CHEMBL870841,CHEMBL379047,CHEMBL203
CN(CCCl)C(=O)Nc1ccc2ncnc(Nc3cccc(Cl)c3)c2c1,81.0,CHEMBL870841,CHEMBL208144,CHEMBL203
Cc1cccc(Nc2ncnc3ccc(NC(=O)N(C)CCCl)cc23)c1,1693.0,CHEMBL870841,CHEMBL208849,CHEMBL203
O=C(NCCCl)Nc1ccc2ncnc(Nc3cccc(Br)c3)c2c1,18.0,CHEMBL870841,CHEMBL207009,CHEMBL203
O=C(NCCCl)Nc1ccc2ncnc(Nc3cccc(Cl)c3)c2c1,22.0,CHEMBL870841,CHEMBL210444,CHEMBL203
Cc1cccc(Nc2ncnc3ccc(NC(=O)NCCCl)cc23)c1,676.0,CHEMBL870841,CHEMBL208240,CHEMBL203
CNc1ccc2ncnc(Nc3cccc(Br)c3)c2c1,5.0,CHEMBL870841,CHEMBL50344,CHEMBL203
CNc1ccc2ncnc(Nc3cccc(Cl)c3)c2c1,4.0,CHEMBL870841,CHEMBL209343,CHEMBL203
CNc1ccc2ncnc(Nc3cccc(C)c3)c2c1,11.0,CHEMBL870841,CHEMBL208594,CHEMBL203
Nc1ccc2ncnc(Nc3cccc(Br)c3)c2c1,44.0,CHEMBL870841,CHEMBL52765,CHEMBL203
Nc1ccc2ncnc(Nc3cccc(Cl)c3)c2c1,200.0,CHEMBL870841,CHEMBL343352,CHEMBL203
O=C1NC(=O)N(CCc2ccccc2)/C1=C/c1ccc(O)cc1,710.0,CHEMBL866710,CHEMBL213560,CHEMBL203
CS(=O)(=O)CCNCc1ccc(-c2ccc3ncnc(Nc4ccc(OCc5cccc(F)c5)c(Cl)c4)c3c2)o1,12.0,CHEMBL910357,CHEMBL554,CHEMBL203
[O-][S+]1CCN(Cc2ccc(-c3ccc4ncnc(Nc5ccc(OCc6ccccc6)c(Cl)c5)c4c3)o2)CC1,12.0,CHEMBL910357,CHEMBL212965,CHEMBL203
[O-][S+]1CCN(Cc2ccc(-c3ccc4ncnc(Nc5ccc(OCc6ccccc6)c(F)c5)c4c3)o2)CC1,16.0,CHEMBL910357,CHEMBL215716,CHEMBL203
[O-][S+]1CCN(Cc2ccc(-c3ccc4ncnc(Nc5ccc(OCc6cccc(F)c6)c(Cl)c5)c4c3)o2)CC1,28.0,CHEMBL910357,CHEMBL212954,CHEMBL203
[O-][S+]1CCN(Cc2ccc(-c3ccc4ncnc(Nc5ccc(OCc6cccc(F)c6)c(C(F)(F)F)c5)c4c3)o2)CC1,89.0,CHEMBL910357,CHEMBL377250,CHEMBL203
CS(=O)(=O)CCN(Cc1ccccc1)Cc1ccc(-c2ccc3ncnc(Nc4ccc(OCc5cccc(F)c5)c(Cl)c4)c3c2)o1,90.0,CHEMBL910357,CHEMBL445572,CHEMBL203
CS(=O)(=O)CCN(CC#N)Cc1ccc(-c2ccc3ncnc(Nc4ccc(OCc5cccc(F)c5)c(Cl)c4)c3c2)o1,27.0,CHEMBL910357,CHEMBL384407,CHEMBL203
CCCN(CCS(C)(=O)=O)Cc1ccc(-c2ccc3ncnc(Nc4ccc(OCc5cccc(F)c5)c(Cl)c4)c3c2)o1,85.0,CHEMBL910357,CHEMBL212251,CHEMBL203
O=S(=O)(CCCCNCc1ccc(-c2ccc3ncnc(Nc4ccc(OCc5ccccc5)c(Cl)c4)c3c2)o1)c1ccccc1,50.0,CHEMBL910357,CHEMBL212201,CHEMBL203
O=S(=O)(CCOCc1ccc(-c2ccc3ncnc(Nc4ccc(OCc5cccc(F)c5)c(Cl)c4)c3c2)o1)c1ccccc1,25.0,CHEMBL910357,CHEMBL212250,CHEMBL203
CS(=O)(=O)CCOCc1ccc(-c2ccc3ncnc(Nc4ccc(OCc5cccc(F)c5)c(Cl)c4)c3c2)o1,26.0,CHEMBL910357,CHEMBL215171,CHEMBL203
Cn1ccnc1S(=O)(=O)CCNCc1ccc(-c2ccc3ncnc(Nc4ccc(OCc5cccc(F)c5)c(C(F)(F)F)c4)c3c2)o1,17.0,CHEMBL910357,CHEMBL265367,CHEMBL203
O=S(=O)(CCNCc1ccc(-c2ccc3ncnc(Nc4ccc(OCc5cccc(F)c5)c(C(F)(F)F)c4)c3c2)o1)c1ccccn1,19.0,CHEMBL910357,CHEMBL214023,CHEMBL203
O=S(=O)(CCNCc1ccc(-c2ccc3ncnc(Nc4ccc(OCc5cccc(F)c5)c(Cl)c4)c3c2)o1)c1ccccc1,19.0,CHEMBL910357,CHEMBL1794063,CHEMBL203
CC(C)S(=O)(=O)CCNCc1ccc(-c2ccc3ncnc(Nc4ccc(OCc5cccc(F)c5)c(Cl)c4)c3c2)o1,18.0,CHEMBL910357,CHEMBL214487,CHEMBL203
CCCS(=O)(=O)CCNCc1ccc(-c2ccc3ncnc(Nc4ccc(OCc5cccc(F)c5)c(Cl)c4)c3c2)o1,21.0,CHEMBL910357,CHEMBL383965,CHEMBL203
CS(=O)(=O)CCNCc1ccc(-c2ccc3ncnc(Nc4ccc(OCc5cccc(F)c5)c(C(F)(F)F)c4)c3c2)o1,80.0,CHEMBL910357,CHEMBL215814,CHEMBL203
CS(=O)(=O)CCNCc1ccc(-c2ccc3ncnc(Nc4ccc(OCc5ccccc5)c(C(F)(F)F)c4)c3c2)o1,160.0,CHEMBL910357,CHEMBL387207,CHEMBL203
COc1cc(Nc2ncnc3ccc(-c4ccc(CNCCS(C)(=O)=O)o4)cc23)ccc1OCc1cccc(F)c1,100.0,CHEMBL910357,CHEMBL215033,CHEMBL203
CS(=O)(=O)CCNCc1ccc(-c2ccc3ncnc(Nc4ccc(OCc5ccccc5)c(Br)c4)c3c2)o1,25.0,CHEMBL910357,CHEMBL214689,CHEMBL203
CS(=O)(=O)CCNCc1ccc(-c2ccc3ncnc(Nc4ccc(OCc5ccccc5)c(Cl)c4)c3c2)o1,18.0,CHEMBL910357,CHEMBL380247,CHEMBL203
CS(=O)(=O)CCNCc1ccc(-c2ccc3ncnc(Nc4ccc(OCc5cccc(C(F)(F)F)c5)cc4)c3c2)o1,91.0,CHEMBL910357,CHEMBL214419,CHEMBL203
CS(=O)(=O)CCNCc1ccc(-c2ccc3ncnc(Nc4ccc(OCc5cccc(Br)c5)cc4)c3c2)o1,43.0,CHEMBL910357,CHEMBL384711,CHEMBL203
CS(=O)(=O)CCNCc1ccc(-c2ccc3ncnc(Nc4ccc(OCc5cccc(F)c5)cc4)c3c2)o1,24.0,CHEMBL910357,CHEMBL213818,CHEMBL203
CS(=O)(=O)CCNCc1ccc(-c2ccc3ncnc(Nc4ccc(OCc5ccccc5)cc4)c3c2)o1,27.0,CHEMBL910357,CHEMBL213342,CHEMBL203
COc1cc2ncnc(Nc3ccc(F)c(Cl)c3)c2cc1OCCCN1CCOCC1,23.0,CHEMBL856356,CHEMBL939,CHEMBL203
COc1cc2ncnc(Nc3cccc(Cl)c3F)c2cc1OCCCN1CCOCC1,18.0,CHEMBL856356,CHEMBL385479,CHEMBL203
COc1cc2ncnc(Nc3cc(Cl)ccc3F)c2cc1OCCCN1CCOCC1,51.0,CHEMBL856356,CHEMBL384699,CHEMBL203
COc1cc2ncnc(Nc3cccc(Cl)c3F)c2cc1OCC1CCN(C)CC1,2.0,CHEMBL856356,CHEMBL213874,CHEMBL203
COc1cc2ncnc(Nc3cc(Cl)ccc3F)c2cc1OC1CCN(C)CC1,106.0,CHEMBL856356,CHEMBL214631,CHEMBL203
COc1cc2ncnc(Nc3cc(Cl)ccc3F)c2cc1OCC1CCN(C)CC1,9.0,CHEMBL856356,CHEMBL385471,CHEMBL203
COc1cc2ncnc(Nc3ccc(F)c(Cl)c3)c2cc1OC1CCN(C)CC1,10.0,CHEMBL856356,CHEMBL276154,CHEMBL203
COc1cc2ncnc(Nc3ccc(F)c(Cl)c3)c2cc1OCC1CCN(C)CC1,3.0,CHEMBL856356,CHEMBL215786,CHEMBL203
COc1cc2ncnc(Nc3cccc(Cl)c3F)c2cc1OC1CCN(C)CC1,2.0,CHEMBL856356,CHEMBL214798,CHEMBL203
COc1cc2ncnc(Nc3cc(Cl)ccc3F)c2cc1OC1CCN(S(C)(=O)=O)CC1,1.0,CHEMBL856356,CHEMBL213007,CHEMBL203
COc1cc2ncnc(Nc3cc(Cl)ccc3F)c2cc1OC1CCN(CC(N)=O)CC1,9.0,CHEMBL856356,CHEMBL214478,CHEMBL203
COCCN1CCC(Oc2cc3c(Nc4cc(Cl)ccc4F)ncnc3cc2OC)CC1,114.0,CHEMBL856356,CHEMBL215559,CHEMBL203
COc1cc2ncnc(Nc3cccc(Cl)c3F)c2cc1OC1CCN(S(C)(=O)=O)CC1,2.0,CHEMBL856356,CHEMBL387265,CHEMBL203
COc1cc2ncnc(Nc3cccc(Cl)c3F)c2cc1OC1CCN(CC(N)=O)CC1,2.0,CHEMBL856356,CHEMBL218677,CHEMBL203
COCCN1CCC(Oc2cc3c(Nc4cccc(Cl)c4F)ncnc3cc2OC)CC1,3.0,CHEMBL856356,CHEMBL214857,CHEMBL203
COc1cc2ncnc(Nc3cccc(Br)c3)c2cc1OC,28.0,CHEMBL908277,CHEMBL29197,CHEMBL203
C=CC(=O)Nc1ccc2ncnc(Nc3cccc(Br)c3)c2c1,36.0,CHEMBL908277,CHEMBL285063,CHEMBL203
O=C(Nc1ccc2ncnc(Nc3cccc(Br)c3)c2c1)C1CCSS1,60.0,CHEMBL908277,CHEMBL217536,CHEMBL203
Cc1cc(Nc2ncc(C(=O)Nc3c(C)cccc3Cl)s2)nc(C)n1,5200.0,CHEMBL912344,CHEMBL364623,CHEMBL203
Cc1nc(Nc2ncc(C(=O)Nc3c(C)cccc3Cl)s2)cc(N2CCN(CCO)CC2)n1.O,180.0,CHEMBL912344,CHEMBL5416410,CHEMBL203
Clc1ccc2c(c1Nc1ncnc3cc(OCCCN4CCCC4)cc(OC4CCOCC4)c13)OCO2,900.0,CHEMBL854974,CHEMBL217090,CHEMBL203
CN1CCN(CCOc2cc(OC3CCOCC3)c3c(Nc4c(Cl)ccc5c4OCO5)ncnc3c2)CC1,2590.0,CHEMBL854974,CHEMBL217092,CHEMBL203
COc1cc(C2=C(c3c[nH]c4ccccc34)C(=O)NC2=O)cc(OC)c1OC,32000.0,CHEMBL912717,CHEMBL201511,CHEMBL203
O=C(Nc1cccc(Nc2cc(Nc3cccc(C(F)(F)F)c3)ncn2)c1)C1CC1,21.0,CHEMBL856400,CHEMBL387187,CHEMBL203
COc1cc(Nc2c(C#N)cnc3cc(-c4coc(CN5CCN(C)CC5)c4)c(OC)cc23)c(Cl)cc1Cl,230.0,CHEMBL910453,CHEMBL219557,CHEMBL203
Cc1cccc(C)c1-c1cc(C)c2nc(Nc3ccc(OCCN4CCCC4)cc3)nnc2c1,965.0,CHEMBL908988,CHEMBL436137,CHEMBL203
CNc1ncnc(-c2cccnc2Oc2ccc(F)c(C(=O)Nc3cc(C(F)(F)F)ccc3N(C)CCCN(C)C)c2)n1,25000.0,CHEMBL908512,CHEMBL373882,CHEMBL203
Cc1nc(Nc2ncc(C(=O)Nc3c(C)cccc3Cl)s2)cc(N2CCN(CCO)CC2)n1.O,180.0,CHEMBL914501,CHEMBL5416410,CHEMBL203
CCOc1cc2ncnc(Nc3cccc(F)c3)c2cc1OCC.Cl,8.17,CHEMBL916319,CHEMBL1204261,CHEMBL203
COc1cc2ncnc(Nc3ccc(F)cc3)c2cc1OC.Cl,51.0,CHEMBL916319,CHEMBL1203934,CHEMBL203
COc1cc2ncnc(Nc3ccccc3F)c2cc1OC.Cl,32.2,CHEMBL916319,CHEMBL1204360,CHEMBL203
CCOc1cc2ncnc(Nc3ccc(F)cc3)c2cc1OCC.Cl,16.0,CHEMBL916319,CHEMBL1203940,CHEMBL203
CCOc1cc2ncnc(Nc3ccccc3F)c2cc1OCC.Cl,9.31,CHEMBL916319,CHEMBL1203939,CHEMBL203
COc1cc2ncnc(NCc3ccc(F)cc3)c2cc1OC.Cl,47.7,CHEMBL916319,CHEMBL1203938,CHEMBL203
CCOc1cc2ncnc(NCc3ccc(F)cc3)c2cc1OCC.Cl,17.0,CHEMBL916319,CHEMBL1203937,CHEMBL203
COc1cc2ncnc(Nc3cc(F)cc(C(F)(F)F)c3)c2cc1OC.Cl,20.0,CHEMBL916319,CHEMBL1203936,CHEMBL203
CCOc1cc2ncnc(Nc3cc(F)cc(C(F)(F)F)c3)c2cc1OCC.Cl,8.95,CHEMBL916319,CHEMBL1203935,CHEMBL203
COc1cc2ncnc(Nc3cccc(I)c3)c2cc1OC.Cl,1.05,CHEMBL916319,CHEMBL1204305,CHEMBL203
COc1cc2ncnc(Nc3cccc(Br)c3)c2cc1OC.Cl,0.66,CHEMBL916319,CHEMBL1204168,CHEMBL203
COc1cc2ncnc(Nc3cccc(Cl)c3)c2cc1OC.Cl,1.26,CHEMBL916319,CHEMBL540068,CHEMBL203
COc1cc2ncnc(Nc3cccc(F)c3)c2cc1OC.Cl,31.9,CHEMBL916319,CHEMBL541586,CHEMBL203
CCOc1cc2ncnc(Nc3cccc(I)c3)c2cc1OCC.Cl,0.64,CHEMBL916319,CHEMBL1204262,CHEMBL203
CCOc1cc2ncnc(Nc3cccc(Br)c3)c2cc1OCC.Cl,0.41,CHEMBL916319,CHEMBL1204199,CHEMBL203
CCOc1cc2ncnc(Nc3cccc(Cl)c3)c2cc1OCC.Cl,0.38,CHEMBL916319,CHEMBL2447950,CHEMBL203
Cc1cccc(C)c1Nc1ncc(-c2ccc(OCC3CCCN(C)C3)cc2)n2cncc12.Cl,2730.0,CHEMBL919737,CHEMBL534948,CHEMBL203
Nc1ccc2ncnc(Nc3cccc(Cl)c3)c2c1,200.0,CHEMBL904734,CHEMBL343352,CHEMBL203
COc1ccc(N(CCN/N=N/c2ccc3ncnc(Nc4cccc(Cl)c4)c3c2)CC(C)Cl)cc1,970.0,CHEMBL904734,CHEMBL225721,CHEMBL203
CN(C)CCN/N=N/c1ccc2ncnc(Nc3cccc(Cl)c3)c2c1,37.0,CHEMBL904734,CHEMBL225720,CHEMBL203
ClCCN(CCN/N=N/c1ccc2ncnc(Nc3cccc(Cl)c3)c2c1)c1ccc(Cl)cc1,2200.0,CHEMBL904734,CHEMBL225930,CHEMBL203
COc1ccc(N(CCCl)CCN/N=N/c2ccc3ncnc(Nc4cccc(Cl)c4)c3c2)cc1,3960.0,CHEMBL904734,CHEMBL388286,CHEMBL203
ClCCN(CCN/N=N/c1ccc2ncnc(Nc3cccc(Cl)c3)c2c1)Cc1ccccc1,71.0,CHEMBL904734,CHEMBL225929,CHEMBL203
CN(CCCl)CCN/N=N/c1ccc2ncnc(Nc3cccc(Cl)c3)c2c1,4.4,CHEMBL904734,CHEMBL225928,CHEMBL203
CCOc1cc2ncc(C#N)c(Nc3ccc(F)c(Cl)c3)c2cc1NC(=O)/C=C/CN(C)C,0.6,CHEMBL892951,CHEMBL607707,CHEMBL203
CCOc1cc2ncc(C#N)c(Nc3ccc(F)c(Cl)c3)c2cc1NC(=O)/C=C/CN(C)C,34.9,CHEMBL892954,CHEMBL607707,CHEMBL203
COCCOc1cc2ncnc(NC3=CC(=O)C(OCc4cccc(OC)c4)=CC3=O)c2cc1OC,7710.0,CHEMBL892951,CHEMBL242349,CHEMBL203
COc1cc2/c(=N/c3ccc(Br)cc3F)nc[nH]c2cc1OCC1CCN(C)CC1,112.4,CHEMBL892951,CHEMBL24828,CHEMBL203
Clc1ccc(Nc2nnc(Cc3ccncc3)c3ccccc23)cc1,457.7,CHEMBL892951,CHEMBL101253,CHEMBL203
COc1cc2ncnc(Nc3ccc(F)c(Cl)c3)c2cc1OCCCN1CCOCC1,5.4,CHEMBL892951,CHEMBL939,CHEMBL203
COc1cc2ncnc(Nc3cccc(Br)c3)c2cc1OC,2.6,CHEMBL892951,CHEMBL29197,CHEMBL203
CCOc1cc2ncnc(NC3=CC(=O)C(OCc4cccc(C)c4)=CC3=O)c2cc1NC(=O)/C=C/CN(C)C,24.9,CHEMBL892951,CHEMBL241919,CHEMBL203
CCOc1cc2ncnc(NC3=CC(=O)C(OCc4cccc(OC)c4)=CC3=O)c2cc1NC(=O)/C=C/CN(C)C,107.3,CHEMBL892951,CHEMBL241918,CHEMBL203
CCOc1cc2ncnc(NC3=CC(=O)C(OCc4cccs4)=CC3=O)c2cc1NC(=O)/C=C/CN(C)C,47.5,CHEMBL892951,CHEMBL243839,CHEMBL203
CCOc1cc2ncnc(NC3=CC(=O)C(OCc4cccc(Cl)c4)=CC3=O)c2cc1NC(=O)/C=C/CN(C)C,12.2,CHEMBL892951,CHEMBL243837,CHEMBL203
CCOc1cc2ncnc(NC3=CC(=O)C(OCc4ccccn4)=CC3=O)c2cc1NC(=O)/C=C/CN(C)C,90.8,CHEMBL892951,CHEMBL398154,CHEMBL203
CCOc1cc2ncnc(NC3=CC(=O)C(OCc4ccccc4)=CC3=O)c2cc1NC(=O)/C=C/CN(C)C,18.7,CHEMBL892951,CHEMBL243629,CHEMBL203
CCOc1cc2ncnc(NC3=CC(=O)C(OCc4ccc(F)c(F)c4)=CC3=O)c2cc1NC(=O)/C=C/CN(C)C,166.7,CHEMBL892951,CHEMBL243628,CHEMBL203
CCOc1cc2ncnc(NC3=CC(=O)C(OCc4cccc(F)c4)=CC3=O)c2cc1NC(=O)/C=C/CN(C)C,4.1,CHEMBL892951,CHEMBL428741,CHEMBL203
CCOc1cc2ncnc(NC3=CC(=O)C(OC(CF)CF)=CC3=O)c2cc1NC(=O)/C=C/CN(C)C,283.3,CHEMBL892951,CHEMBL243410,CHEMBL203
CCOc1cc2ncnc(NC3=CC(=O)C(OC)=CC3=O)c2cc1NC(=O)/C=C/CN(C)C,799.3,CHEMBL892951,CHEMBL428039,CHEMBL203
CCOc1cc2ncc(C#N)c(Nc3ccc(OCc4ccccn4)c(Cl)c3)c2cc1NC(=O)/C=C/CN(C)C,0.08,CHEMBL892951,CHEMBL180022,CHEMBL203
COc1cc2ncnc(Nc3ccc(F)c(Cl)c3)c2cc1OCCCN1CCOCC1,2753.0,CHEMBL892954,CHEMBL939,CHEMBL203
CN(C)C/C=C/C(=O)Nc1ccc2ncnc(Nc3ccc(Br)cc3F)c2c1,704.0,CHEMBL892954,CHEMBL242131,CHEMBL203
CCOc1cc2ncnc(NC3=CC(=O)C(OCc4cccc(C)c4)=CC3=O)c2cc1NC(=O)/C=C/CN(C)C,173.1,CHEMBL892954,CHEMBL241919,CHEMBL203
CCOc1cc2ncnc(NC3=CC(=O)C(OCc4cccc(OC)c4)=CC3=O)c2cc1NC(=O)/C=C/CN(C)C,346.9,CHEMBL892954,CHEMBL241918,CHEMBL203
CCOc1cc2ncnc(NC3=CC(=O)C(OCc4cccs4)=CC3=O)c2cc1NC(=O)/C=C/CN(C)C,295.2,CHEMBL892954,CHEMBL243839,CHEMBL203
CCOc1cc2ncnc(NC3=CC(=O)C(OCc4cccc(Cl)c4)=CC3=O)c2cc1NC(=O)/C=C/CN(C)C,35.6,CHEMBL892954,CHEMBL243837,CHEMBL203
CCOc1cc2ncnc(NC3=CC(=O)C(OCc4ccccn4)=CC3=O)c2cc1NC(=O)/C=C/CN(C)C,791.9,CHEMBL892954,CHEMBL398154,CHEMBL203
CCOc1cc2ncnc(NC3=CC(=O)C(OCc4ccccc4)=CC3=O)c2cc1NC(=O)/C=C/CN(C)C,216.2,CHEMBL892954,CHEMBL243629,CHEMBL203
CCOc1cc2ncnc(NC3=CC(=O)C(OCc4ccc(F)c(F)c4)=CC3=O)c2cc1NC(=O)/C=C/CN(C)C,894.3,CHEMBL892954,CHEMBL243628,CHEMBL203
CCOc1cc2ncnc(NC3=CC(=O)C(OCc4cccc(F)c4)=CC3=O)c2cc1NC(=O)/C=C/CN(C)C,43.1,CHEMBL892954,CHEMBL428741,CHEMBL203
CCOc1cc2ncnc(NC3=CC(=O)C(OC(CF)CF)=CC3=O)c2cc1NC(=O)/C=C/CN(C)C,2089.0,CHEMBL892954,CHEMBL243410,CHEMBL203
CCOc1cc2ncc(C#N)c(Nc3ccc(OCc4ccccn4)c(Cl)c3)c2cc1NC(=O)/C=C/CN(C)C,0.18,CHEMBL892954,CHEMBL180022,CHEMBL203
Cc1ccn2ncnc(Nc3ccc4c(cnn4Cc4cccc(F)c4)c3)c12,81.0,CHEMBL893470,CHEMBL427671,CHEMBL203
CC1CNCCN(Cc2ccn3ncnc(Nc4ccc5c(cnn5Cc5cccc(F)c5)c4)c23)C1,130.0,CHEMBL893470,CHEMBL398793,CHEMBL203
COC1CNCCN(Cc2ccn3ncnc(Nc4ccc5c(cnn5Cc5cccc(F)c5)c4)c23)C1,190.0,CHEMBL893470,CHEMBL392774,CHEMBL203
O=C1CNCCN(Cc2ccn3ncnc(Nc4ccc5c(cnn5Cc5cccc(F)c5)c4)c23)C1,780.0,CHEMBL893470,CHEMBL234580,CHEMBL203
O[C@@H]1CNCCN(Cc2ccn3ncnc(Nc4ccc5c(cnn5Cc5cccc(F)c5)c4)c23)C1,200.0,CHEMBL893470,CHEMBL393787,CHEMBL203
O[C@H]1CNCCN(Cc2ccn3ncnc(Nc4ccc5c(cnn5Cc5cccc(F)c5)c4)c23)C1,26.0,CHEMBL893470,CHEMBL233325,CHEMBL203
O=C1CCN(Cc2ccn3ncnc(Nc4ccc5c(cnn5Cc5cccc(F)c5)c4)c23)CCN1,240.0,CHEMBL893470,CHEMBL233324,CHEMBL203
CS(=O)(=O)N1CCCN(Cc2ccn3ncnc(Nc4ccc5c(cnn5Cc5cccc(F)c5)c4)c23)CC1,210.0,CHEMBL893470,CHEMBL400413,CHEMBL203
CN1CCCN(Cc2ccn3ncnc(Nc4ccc5c(cnn5Cc5cccc(F)c5)c4)c23)CC1,130.0,CHEMBL893470,CHEMBL234577,CHEMBL203
Fc1cccc(Cn2ncc3cc(Nc4ncnn5ccc(CN6CCCNCC6)c45)ccc32)c1,33.0,CHEMBL893470,CHEMBL392273,CHEMBL203
CC(=O)N1CCN(Cc2ccn3ncnc(Nc4ccc5c(cnn5Cc5cccc(F)c5)c4)c23)CC1,710.0,CHEMBL893470,CHEMBL231885,CHEMBL203
O=C1CN(Cc2ccn3ncnc(Nc4ccc5c(cnn5Cc5cccc(F)c5)c4)c23)CCN1,350.0,CHEMBL893470,CHEMBL265629,CHEMBL203
CN1CCN(Cc2ccn3ncnc(Nc4ccc5c(cnn5Cc5cccc(F)c5)c4)c23)CC1,170.0,CHEMBL893470,CHEMBL232082,CHEMBL203
Fc1cccc(Cn2ncc3cc(Nc4ncnn5ccc(CN6CCNCC6)c45)ccc32)c1,90.0,CHEMBL893470,CHEMBL231875,CHEMBL203
NC(=O)C1CCN(Cc2ccn3ncnc(Nc4ccc5c(cnn5Cc5cccc(F)c5)c4)c23)CC1,140.0,CHEMBL893470,CHEMBL398388,CHEMBL203
COC(=O)C1CCN(Cc2ccn3ncnc(Nc4ccc5c(cnn5Cc5cccc(F)c5)c4)c23)CC1,1000.0,CHEMBL893470,CHEMBL231663,CHEMBL203
O=C(O)C1CCN(Cc2ccn3ncnc(Nc4ccc5c(cnn5Cc5cccc(F)c5)c4)c23)CC1,220.0,CHEMBL893470,CHEMBL234772,CHEMBL203
OC1CCN(Cc2ccn3ncnc(Nc4ccc5c(cnn5Cc5cccc(F)c5)c4)c23)CC1,68.0,CHEMBL893470,CHEMBL401443,CHEMBL203
Fc1cccc(Cn2ncc3cc(Nc4ncnn5ccc(CN6CCCC6)c45)ccc32)c1,500.0,CHEMBL893470,CHEMBL391675,CHEMBL203
CN(CCO)Cc1ccn2ncnc(Nc3ccc4c(cnn4Cc4cccc(F)c4)c3)c12,110.0,CHEMBL893470,CHEMBL391521,CHEMBL203
OCCNCc1ccn2ncnc(Nc3ccc4c(cnn4Cc4cccc(F)c4)c3)c12,45.0,CHEMBL893470,CHEMBL391321,CHEMBL203
N#Cc1cnc2ccc(NCc3c[nH]cn3)cc2c1Nc1ccc(F)c(Cl)c1,30.0,CHEMBL898017,CHEMBL220037,CHEMBL203
COc1cc(Nc2c(C#N)cnc3cc(C#CCCN4CCN(C)CC4)c(OC)cc23)c(Cl)cc1Cl,720.0,CHEMBL885861,CHEMBL391738,CHEMBL203
Cc1ccn2ncnc(Nc3ccc(F)c(Cl)c3)c12,100.0,CHEMBL903494,CHEMBL188304,CHEMBL203
Cc1ccn2ncnc(Nc3ccc4c(cnn4Cc4cccc(F)c4)c3)c12,81.0,CHEMBL903494,CHEMBL427671,CHEMBL203
Cc1ccn2ncnc(Nc3ccc4c(cnn4Cc4cccnc4)c3)c12,1800.0,CHEMBL903494,CHEMBL394463,CHEMBL203
Cc1ccn2ncnc(Nc3ccc4c(cnn4Cc4ccccn4)c3)c12,200.0,CHEMBL903494,CHEMBL394462,CHEMBL203
Cc1ccn2ncnc(Nc3ccc4c(cnn4Cc4ccccc4)c3)c12,86.0,CHEMBL903494,CHEMBL429827,CHEMBL203
Cc1ccn2ncnc(Nc3ccc(OCc4cccc(F)c4)c(Cl)c3)c12,250.0,CHEMBL903494,CHEMBL247101,CHEMBL203
Cc1ccn2ncnc(Nc3ccc4[nH]ncc4c3)c12,210.0,CHEMBL903494,CHEMBL247100,CHEMBL203
OCc1ccn2ncnc(Nc3ccc4c(cnn4Cc4cccc(F)c4)c3)c12,120.0,CHEMBL903494,CHEMBL246276,CHEMBL203
Fc1cccc(Cn2ncc3cc(Nc4ncnn5ccc(COCC6CNCCOC6)c45)ccc32)c1,210.0,CHEMBL903494,CHEMBL395591,CHEMBL203
Fc1cccc(Cn2ncc3cc(Nc4ncnn5ccc(COC[C@@H]6COCCN6)c45)ccc32)c1,640.0,CHEMBL903494,CHEMBL246492,CHEMBL203
Fc1cccc(Cn2ncc3cc(Nc4ncnn5ccc(COC[C@H]6CNCCO6)c45)ccc32)c1,83.0,CHEMBL903494,CHEMBL428046,CHEMBL203
Fc1cccc(Cn2ncc3cc(Nc4ncnn5ccc(COC[C@@H]6CNCCO6)c45)ccc32)c1,61.0,CHEMBL903494,CHEMBL246284,CHEMBL203
Fc1cccc(Cn2ncc3cc(Nc4ncnn5ccc(COC[C@H]6CCCNC6)c45)ccc32)c1,190.0,CHEMBL903494,CHEMBL246073,CHEMBL203
Fc1cccc(Cn2ncc3cc(Nc4ncnn5ccc(COCC6CCNCC6)c45)ccc32)c1,130.0,CHEMBL903494,CHEMBL246072,CHEMBL203
Fc1cccc(Cn2ncc3cc(Nc4ncnn5ccc(COC6CCNCC6)c45)ccc32)c1,73.0,CHEMBL903494,CHEMBL245869,CHEMBL203
CN(C)CCCOCc1ccn2ncnc(Nc3ccc4c(cnn4Cc4cccc(F)c4)c3)c12,620.0,CHEMBL903494,CHEMBL245868,CHEMBL203
NCCCCOCc1ccn2ncnc(Nc3ccc4c(cnn4Cc4cccc(F)c4)c3)c12,160.0,CHEMBL903494,CHEMBL245867,CHEMBL203
NCCCOCc1ccn2ncnc(Nc3ccc4c(cnn4Cc4cccc(F)c4)c3)c12,64.0,CHEMBL903494,CHEMBL245667,CHEMBL203
NCCOCc1ccn2ncnc(Nc3ccc4c(cnn4Cc4cccc(F)c4)c3)c12,90.0,CHEMBL903494,CHEMBL394333,CHEMBL203
NC(=O)COCc1ccn2ncnc(Nc3ccc4c(cnn4Cc4cccc(F)c4)c3)c12,140.0,CHEMBL903494,CHEMBL246694,CHEMBL203
COC(=O)COCc1ccn2ncnc(Nc3ccc4c(cnn4Cc4cccc(F)c4)c3)c12,460.0,CHEMBL903494,CHEMBL246491,CHEMBL203
O=C(O)COCc1ccn2ncnc(Nc3ccc4c(cnn4Cc4cccc(F)c4)c3)c12,30.0,CHEMBL903494,CHEMBL394057,CHEMBL203
COCCOCc1ccn2ncnc(Nc3ccc4c(cnn4Cc4cccc(F)c4)c3)c12,490.0,CHEMBL903494,CHEMBL246489,CHEMBL203
COCc1ccn2ncnc(Nc3ccc4c(cnn4Cc4cccc(F)c4)c3)c12,340.0,CHEMBL903494,CHEMBL394056,CHEMBL203
Fc1cccc(COc2ccc(Nc3ncnn4ccc(COC[C@@H]5CNCCO5)c34)cc2Cl)c1,570.0,CHEMBL903494,CHEMBL246493,CHEMBL203
C[C@@H](c1cccc(F)c1)n1ncc2cc(Nc3ncnn4ccc(COC[C@@H]5CNCCO5)c34)ccc21,400.0,CHEMBL903494,CHEMBL397122,CHEMBL203
C[C@H](c1cccc(F)c1)n1ncc2cc(Nc3ncnn4ccc(COC[C@@H]5CNCCO5)c34)ccc21,68.0,CHEMBL903494,CHEMBL245278,CHEMBL203
C[C@@H](c1ccccc1)n1ncc2cc(Nc3ncnn4ccc(COC[C@@H]5CNCCO5)c34)ccc21,690.0,CHEMBL903494,CHEMBL245277,CHEMBL203
C[C@H](c1ccccc1)n1ncc2cc(Nc3ncnn4ccc(COC[C@@H]5CNCCO5)c34)ccc21,120.0,CHEMBL903494,CHEMBL394495,CHEMBL203
c1cncc(Cn2ncc3cc(Nc4ncnn5ccc(COC[C@@H]6CNCCO6)c45)ccc32)c1,810.0,CHEMBL903494,CHEMBL247127,CHEMBL203
c1ccc(Cn2ncc3cc(Nc4ncnn5ccc(COC[C@@H]6CNCCO6)c45)ccc32)nc1,500.0,CHEMBL903494,CHEMBL396079,CHEMBL203
COc1cn2ncnc(Nc3ccc4c(cnn4Cc4cccc(F)c4)c3)c2c1COC[C@@H]1CNCCO1,430.0,CHEMBL903494,CHEMBL395883,CHEMBL203
Nc1ncnc2occ(-c3ccc(NC(=O)Nc4cc(C(F)(F)F)ccc4F)cc3)c12,10000.0,CHEMBL903566,CHEMBL247228,CHEMBL203
c1ccc(-c2c(-c3ccc(OCCN4CCCC4)cc3)oc3ncnc(NCCN4CCNCC4)c23)cc1,397.0,CHEMBL902558,CHEMBL247468,CHEMBL203
CC(C)Nc1ncnc2oc(-c3ccc(OCCN4CCCC4)cc3)c(-c3ccccc3)c12,1029.0,CHEMBL902558,CHEMBL247866,CHEMBL203
CNc1ncnc(-c2cccnc2Oc2cc(NC(=O)c3cccc(OC(F)(F)C(F)F)c3)ccc2C)n1,25000.0,CHEMBL887090,CHEMBL246356,CHEMBL203
Fc1cccc(Cn2ncc3cc(Nc4ncnn5ccc(COC[C@@H]6CNCCO6)c45)ccc32)c1,61.0,CHEMBL923201,CHEMBL246284,CHEMBL203
NC1CCN(Cc2ccn3ncnc(Nc4ccc(OCc5cccc[n+]5[O-])c(Cl)c4)c23)CC1,70.0,CHEMBL923201,CHEMBL248322,CHEMBL203
NC1CCN(Cc2ccn3ncnc(Nc4ccc(OCc5cnccn5)c(Cl)c4)c23)CC1,32.0,CHEMBL923201,CHEMBL248321,CHEMBL203
NC1CCN(Cc2ccn3ncnc(Nc4ccc(OCc5ccccn5)c(Cl)c4)c23)CC1,36.0,CHEMBL923201,CHEMBL248116,CHEMBL203
Cc1cncc(COc2ccc(Nc3ncnn4ccc(CN5CCC(N)CC5)c34)cc2Cl)c1,85.0,CHEMBL923201,CHEMBL248115,CHEMBL203
NC1CCN(Cc2ccn3ncnc(Nc4ccc(OCc5cccnc5)c(Cl)c4)c23)CC1,150.0,CHEMBL923201,CHEMBL391387,CHEMBL203
Cc1cncc(Cn2ncc3cc(Nc4ncnn5ccc(CN6CCC(N)CC6)c45)ccc32)c1,19.0,CHEMBL923201,CHEMBL248114,CHEMBL203
NC1CCN(Cc2ccn3ncnc(Nc4ccc5c(cnn5Cc5ccncc5)c4)c23)CC1,530.0,CHEMBL923201,CHEMBL247916,CHEMBL203
NC1CCN(Cc2ccn3ncnc(Nc4ccc5c(cnn5Cc5cccnc5)c4)c23)CC1,190.0,CHEMBL923201,CHEMBL247915,CHEMBL203
NC1CCN(Cc2ccn3ncnc(Nc4ccc5c(cnn5Cc5ccccn5)c4)c23)CC1,47.0,CHEMBL923201,CHEMBL247914,CHEMBL203
COc1cn2ncnc(Nc3ccc4c(cnn4Cc4cccc(F)c4)c3)c2c1CN1CCC(N)CC1,40.0,CHEMBL923201,CHEMBL391181,CHEMBL203
COc1cn2ncnc(Nc3ccc4c(cnn4Cc4cccc(F)c4)c3)c2c1CN1CCCNCC1,190.0,CHEMBL923201,CHEMBL247711,CHEMBL203
COc1cn2ncnc(Nc3ccc4c(cnn4Cc4cccc(F)c4)c3)c2c1COC[C@@H]1CNCCO1,430.0,CHEMBL923201,CHEMBL395883,CHEMBL203
NC1CCN(Cc2ccn3ncnc(Nc4ccc(OCc5cccc(F)c5)c(Cl)c4)c23)CC1,38.0,CHEMBL923201,CHEMBL247710,CHEMBL203
Fc1cccc(COc2ccc(Nc3ncnn4ccc(CN5CCCNCC5)c34)cc2Cl)c1,48.0,CHEMBL923201,CHEMBL247709,CHEMBL203
Fc1cccc(COc2ccc(Nc3ncnn4ccc(COC[C@@H]5CNCCO5)c34)cc2Cl)c1,560.0,CHEMBL923201,CHEMBL246493,CHEMBL203
CC1(N)CCN(Cc2ccn3ncnc(Nc4ccc5c(cnn5Cc5cccc(F)c5)c4)c23)CC1,50.0,CHEMBL923201,CHEMBL393264,CHEMBL203
O=C(CO)NC1CCN(Cc2ccn3ncnc(Nc4ccc5c(cnn5Cc5cccc(F)c5)c4)c23)CC1,110.0,CHEMBL923201,CHEMBL247513,CHEMBL203
CC(=O)NC1CCN(Cc2ccn3ncnc(Nc4ccc5c(cnn5Cc5cccc(F)c5)c4)c23)CC1,380.0,CHEMBL923201,CHEMBL247512,CHEMBL203
CN(C)C1CCN(Cc2ccn3ncnc(Nc4ccc5c(cnn5Cc5cccc(F)c5)c4)c23)CC1,100.0,CHEMBL923201,CHEMBL247309,CHEMBL203
CS(=O)(=O)CCNC1CCN(Cc2ccn3ncnc(Nc4ccc5c(cnn5Cc5cccc(F)c5)c4)c23)CC1,200.0,CHEMBL923201,CHEMBL246898,CHEMBL203
OCCNC1CCN(Cc2ccn3ncnc(Nc4ccc5c(cnn5Cc5cccc(F)c5)c4)c23)CC1,48.0,CHEMBL923201,CHEMBL247104,CHEMBL203
CNC1CCN(Cc2ccn3ncnc(Nc4ccc5c(cnn5Cc5cccc(F)c5)c4)c23)CC1,63.0,CHEMBL923201,CHEMBL391779,CHEMBL203
NCC1CCN(Cc2ccn3ncnc(Nc4ccc5c(cnn5Cc5cccc(F)c5)c4)c23)CC1,35.0,CHEMBL923201,CHEMBL391778,CHEMBL203
N[C@H]1CCN(Cc2ccn3ncnc(Nc4ccc5c(cnn5Cc5cccc(F)c5)c4)c23)C1,50.0,CHEMBL923201,CHEMBL246687,CHEMBL203
N[C@@H]1CCN(Cc2ccn3ncnc(Nc4ccc5c(cnn5Cc5cccc(F)c5)c4)c23)C1,60.0,CHEMBL923201,CHEMBL393848,CHEMBL203
Fc1cccc(Cn2ncc3cc(Nc4ncnn5ccc(CNC6CCNCC6)c45)ccc32)c1,110.0,CHEMBL923201,CHEMBL392664,CHEMBL203
NC1CCN(Cc2ccn3ncnc(Nc4ccc5c(cnn5Cc5cccc(F)c5)c4)c23)CC1,35.0,CHEMBL923201,CHEMBL248108,CHEMBL203
Fc1cccc(Cn2ncc3cc(Nc4ncnn5ccc(CN6CCCNCC6)c45)ccc32)c1,33.0,CHEMBL923201,CHEMBL392273,CHEMBL203
COc1cc2ncc(C#N)c(N[C@@H]3C[C@H]3c3ccccc3)c2cc1OC,90.0,CHEMBL923922,CHEMBL248044,CHEMBL203
N#Cc1cnc2cc(-c3ccc(CN4CCOCC4)cc3)ccc2c1N[C@@H]1C[C@H]1c1ccccc1,234.0,CHEMBL923922,CHEMBL399438,CHEMBL203
N#Cc1cnc2ccc(-c3ccc(CN4CCOCC4)cc3)cc2c1N[C@@H]1C[C@H]1c1ccccc1,2530.0,CHEMBL923922,CHEMBL247024,CHEMBL203
N#Cc1cnc2ccc(-c3ccc(CN)cc3)cc2c1N[C@@H]1C[C@H]1c1ccccc1,2100.0,CHEMBL923922,CHEMBL245800,CHEMBL203
N#Cc1cnc2ccc(-c3cccc(CN4CCOCC4)c3)cc2c1N[C@@H]1C[C@H]1c1ccccc1,5260.0,CHEMBL923922,CHEMBL245799,CHEMBL203
COc1cc2c(N[C@@H]3C[C@H]3c3ccccc3)c(C#N)cnc2cc1OC1CCN(C)CC1,360.0,CHEMBL923922,CHEMBL245798,CHEMBL203
COc1cc2c(N[C@@H]3C[C@H]3c3ccccc3)c(C#N)cnc2cc1OCCCN1CCN(C)CC1,5.7,CHEMBL923922,CHEMBL248393,CHEMBL203
COc1cc2c(N[C@@H]3C[C@H]3c3ccccc3)c(C#N)cnc2cc1OCCCN1CCOCC1,5.0,CHEMBL923922,CHEMBL248392,CHEMBL203
COCCOc1cc2ncc(C#N)c(N[C@@H]3C[C@H]3c3ccccc3)c2cc1OC,52.8,CHEMBL923922,CHEMBL401251,CHEMBL203
COc1cc2c(N[C@@H]3C[C@H]3c3ccccc3)c(C#N)cnc2cc1OCCCc1cccnc1,173.0,CHEMBL923922,CHEMBL248391,CHEMBL203
COc1cc2ncc(C#N)c(N[C@@H]3C[C@H]3c3ccccc3)c2cc1OCCCc1cccnc1,68.0,CHEMBL923922,CHEMBL248222,CHEMBL203
COc1cc2ncc(C#N)c(N[C@@H]3C[C@H]3c3ccccc3)c2cc1OCCN1CCOCC1,405.0,CHEMBL923922,CHEMBL401054,CHEMBL203
COc1cc2ncc(C#N)c(N[C@@H]3C[C@H]3c3ccccc3)c2cc1OCc1ccccc1,1610.0,CHEMBL923922,CHEMBL248220,CHEMBL203
COc1ccc2ncc(C#N)c(N[C@@H]3C[C@H]3c3ccccc3)c2c1,8270.0,CHEMBL923922,CHEMBL401644,CHEMBL203
COc1ccc2c(N[C@@H]3C[C@H]3c3ccccc3)c(C#N)cnc2c1,2580.0,CHEMBL923922,CHEMBL248045,CHEMBL203
COc1cc2ncnc(C#Cc3ccccc3)c2cc1OC,5600.0,CHEMBL925198,CHEMBL250315,CHEMBL203
CCOc1cc2ncnc(C#C[C@](C)(Cc3ccccc3)N3CCC(C(=O)O)CC3)c2cc1OCC,662.0,CHEMBL925198,CHEMBL251315,CHEMBL203
CCOc1cc2ncnc(C#C[C@@](C)(Cc3ccccc3)N3CCC(C(=O)O)CC3)c2cc1OCC,4.2,CHEMBL925198,CHEMBL399373,CHEMBL203
CCOc1cc2ncnc(C#CC(C)(Cc3ccccc3)N3CCC(C(=O)O)CC3)c2cc1OCC,11.7,CHEMBL925198,CHEMBL251314,CHEMBL203
CCOc1cc2ncnc(C#Cc3c[nH]nc3-c3ccc(F)cc3)c2cc1OCC,1.8,CHEMBL925198,CHEMBL251125,CHEMBL203
CCOc1cc2ncnc(C#Cc3nccn3-c3ccccc3)c2cc1OCC,12.0,CHEMBL925198,CHEMBL399372,CHEMBL203
CCOc1cc2ncnc(C#Cc3[nH]ccc3-c3ccccc3)c2cc1OCC,10.0,CHEMBL925198,CHEMBL251124,CHEMBL203
CCOc1cc2ncnc(/C=C/CCCc3ccccc3)c2cc1OCC,140.0,CHEMBL925198,CHEMBL251123,CHEMBL203
CCOc1cc2ncnc(/C=C/CCc3ccccc3)c2cc1OCC,5.0,CHEMBL925198,CHEMBL399371,CHEMBL203
CCOc1cc2ncnc(/C=C/c3ccccc3)c2cc1OCC,15.0,CHEMBL925198,CHEMBL250925,CHEMBL203
COc1cc2ncnc(C#Cc3ccccc3-c3ccccc3)c2cc1OC,26.0,CHEMBL925198,CHEMBL250924,CHEMBL203
COc1cc2ncnc(/C=C/CCc3ccccc3)c2cc1OC,4.0,CHEMBL925198,CHEMBL250923,CHEMBL203
CCN(CC)[C@@](C)(CCc1ncnc2cc(OC)c(OC)cc12)Cc1ccccc1,130.0,CHEMBL925198,CHEMBL3085381,CHEMBL203
CCN(CC)[C@@](C)(C#Cc1ncnc2cc(OC)c(OC)cc12)CC1CCCCC1,1100.0,CHEMBL925198,CHEMBL3085380,CHEMBL203
CCN(CC)[C@@](C)(C#Cc1ncnc2cc(OC)c(OC)cc12)Cc1ccncc1,200.0,CHEMBL925198,CHEMBL3085379,CHEMBL203
CCN(CC)[C@@](C)(C#Cc1ncnc2cc(OC)c(OC)cc12)CCc1ccccc1,1200.0,CHEMBL925198,CHEMBL3085378,CHEMBL203
CCN(CC)[C@@](C)(C#Cc1ncnc2cc(OC)c(OC)cc12)c1ccccc1,7300.0,CHEMBL925198,CHEMBL3085377,CHEMBL203
CCN(CC)[C@@](C)(C#Cc1ncnc2cc(OC)c(OC)cc12)Cc1ccccc1,3.0,CHEMBL925198,CHEMBL3085376,CHEMBL203
COc1cc2ncnc(C#C[C@@](C)(Cc3ccccc3)N3CCC(C(=O)O)CC3)c2cc1OC,33.0,CHEMBL925198,CHEMBL3085375,CHEMBL203
COc1cc2ncnc(C#C[C@](C)(O)Cc3ccccc3)c2cc1OC,9.0,CHEMBL925198,CHEMBL3085374,CHEMBL203
COc1cc2ncnc(C#CC(C)(C)N(C)c3ccccc3)c2cc1OC,80.0,CHEMBL925198,CHEMBL250524,CHEMBL203
COc1cc2ncnc(C#CC(C)(C)Cc3ccccc3)c2cc1OC,13.0,CHEMBL925198,CHEMBL399953,CHEMBL203
COc1cc2ncnc(C#CCOc3ccccc3)c2cc1OC,15.0,CHEMBL925198,CHEMBL250523,CHEMBL203
COc1cc2ncnc(C#CCCc3ccccc3)c2cc1OC,14.0,CHEMBL925198,CHEMBL250318,CHEMBL203
O=C(CO)N1CCC[C@@H]1COc1cccc2ncnc(Nc3ccc(OCc4ccccn4)c(Cl)c3)c12,97.0,CHEMBL924156,CHEMBL249927,CHEMBL203
C[C@@H](CN(C)C(=O)CO)Oc1cccc2ncnc(Nc3ccc(OCc4ccccn4)c(Cl)c3)c12,191.0,CHEMBL924156,CHEMBL413987,CHEMBL203
C[C@H](CN(C)C(=O)CO)Oc1cccc2ncnc(Nc3ccc(OCc4ccccn4)c(Cl)c3)c12,2.0,CHEMBL924156,CHEMBL250132,CHEMBL203
C[C@@H](COc1cccc2ncnc(Nc3ccc(OCc4ccccn4)c(Cl)c3)c12)N(C)C(=O)CO,2580.0,CHEMBL924156,CHEMBL403785,CHEMBL203
C[C@H](COc1cccc2ncnc(Nc3ccc(OCc4ccccn4)c(Cl)c3)c12)N(C)C(=O)CO,3.0,CHEMBL924156,CHEMBL250130,CHEMBL203
CN(CCOc1cccc2ncnc(Nc3ccc(OCc4ccccn4)c(Cl)c3)c12)C(=O)CO,35.0,CHEMBL924156,CHEMBL249928,CHEMBL203
O=C(CO)N1CCC[C@H]1COc1cccc2ncnc(Nc3ccc(OCc4ccccn4)c(Cl)c3)c12,327.0,CHEMBL924156,CHEMBL403569,CHEMBL203
COc1cc2ncnc(Nc3ccc(F)c(Cl)c3)c2cc1OCCCN1CCOCC1,39.0,CHEMBL924351,CHEMBL939,CHEMBL203
C#Cc1cccc(Nc2ncnc3cc(OCCOC)c(OCCOC)cc23)c1,23.0,CHEMBL924351,CHEMBL553,CHEMBL203
COc1cc2ncnc(Nc3cccc(C#CC(C)(C)O)c3)c2cc1OC,205.8,CHEMBL924351,CHEMBL248864,CHEMBL203
COc1cc2ncnc(Nc3cccc(C#CCCCO)c3)c2cc1OC,1362.6,CHEMBL924351,CHEMBL437197,CHEMBL203
COc1cc2ncnc(Nc3cccc(C#CCCO)c3)c2cc1OC,402.1,CHEMBL924351,CHEMBL248674,CHEMBL203
COc1cc2ncnc(Nc3cccc(C#CCO)c3)c2cc1OC,1643.6,CHEMBL924351,CHEMBL399736,CHEMBL203
COc1cc2ncnc(Nc3cccc(C#Cc4ccccc4)c3)c2cc1OC,921.0,CHEMBL924351,CHEMBL399735,CHEMBL203
C#Cc1cccc(Nc2ncnc3cc(OC)c(OC)cc23)c1,28.8,CHEMBL924351,CHEMBL304929,CHEMBL203
Fc1ccc(Nc2ncnc3ccc(C#CCN4CCCCC4)cc23)cc1Cl,88.7,CHEMBL924351,CHEMBL251700,CHEMBL203
Fc1ccc(Nc2ncnc3ccc(C#CCN4CCOCC4)cc23)cc1Cl,50.3,CHEMBL924351,CHEMBL251498,CHEMBL203
CC(C)(O)C#Cc1ccc2ncnc(Nc3ccc(F)c(Cl)c3)c2c1,151.5,CHEMBL924351,CHEMBL251497,CHEMBL203
CC(O)C#Cc1ccc2ncnc(Nc3ccc(F)c(Cl)c3)c2c1,94.5,CHEMBL924351,CHEMBL399928,CHEMBL203
OCCCC#Cc1ccc2ncnc(Nc3ccc(F)c(Cl)c3)c2c1,114.2,CHEMBL924351,CHEMBL251291,CHEMBL203
OCCC#Cc1ccc2ncnc(Nc3ccc(F)c(Cl)c3)c2c1,185.8,CHEMBL924351,CHEMBL249921,CHEMBL203
OCC#Cc1ccc2ncnc(Nc3ccc(F)c(Cl)c3)c2c1,14.1,CHEMBL924351,CHEMBL249919,CHEMBL203
Fc1ccc(Nc2ncnc3ccc(C#Cc4cccs4)cc23)cc1Cl,1640.6,CHEMBL924351,CHEMBL398963,CHEMBL203
Fc1ccc(Nc2ncnc3ccc(C#Cc4ccccc4)cc23)cc1Cl,331.0,CHEMBL924351,CHEMBL249511,CHEMBL203
C#Cc1ccc2ncnc(Nc3ccc(F)c(Cl)c3)c2c1,126.9,CHEMBL924351,CHEMBL249509,CHEMBL203
CCN(CC)CCOc1ccc(Nc2cc(NC(=O)Nc3c(Cl)cccc3Cl)ncn2)cc1,380.0,CHEMBL929547,CHEMBL253292,CHEMBL203
C[C@@H](Oc1cccc2ncnc(Nc3ccc4c(cnn4Cc4ccccn4)c3)c12)C(=O)N(C)C,180.0,CHEMBL928913,CHEMBL402011,CHEMBL203
C[C@@H](Oc1cccc2ncnc(Nc3ccc4c(cnn4Cc4nccs4)c3)c12)C(=O)N1CCOCC1,366.0,CHEMBL928914,CHEMBL257411,CHEMBL203
C[C@@H](Oc1cccc2ncnc(Nc3ccc(OCc4ccccn4)c(Cl)c3)c12)C(=O)N(C)C,22.0,CHEMBL930778,CHEMBL428777,CHEMBL203
Cc1ccc(Oc2ccc(Nc3ncnc4cccc(O[C@H](C)C(=O)N(C)C)c34)cc2C)cn1,1100.0,CHEMBL930778,CHEMBL256362,CHEMBL203
Cc1ccc(Oc2ccc(Nc3ncnc4cccc(O[C@H](C)C(=O)N(C)CCO)c34)cc2C)cn1,2000.0,CHEMBL930778,CHEMBL257478,CHEMBL203
CN1CCN(CCCOc2n[nH]c3ncnc(Nc4ccc(OCc5ccccn5)c(Cl)c4)c23)CC1,14.0,CHEMBL947896,CHEMBL272935,CHEMBL203
OC1CCN(CCCOc2n[nH]c3ncnc(Nc4ccc(OCc5ccccn5)c(Cl)c4)c23)CC1,9.0,CHEMBL947896,CHEMBL257860,CHEMBL203
Clc1cc(Nc2ncnc3[nH]nc(OCCCN4CCOCC4)c23)ccc1OCc1ccccn1,16.0,CHEMBL947896,CHEMBL257859,CHEMBL203
OCCOc1n[nH]c2ncnc(Nc3ccc(OCc4ccccn4)c(Cl)c3)c12,16.0,CHEMBL947896,CHEMBL257861,CHEMBL203
Clc1cc(Nc2ncnc3[nH]nc(OCCN4CCOCC4)c23)ccc1OCc1ccccn1,1.0,CHEMBL947896,CHEMBL271705,CHEMBL203
COC1CCN(CCOc2n[nH]c3ncnc(Nc4ccc(OCc5ccccn5)c(Cl)c4)c23)CC1,28.0,CHEMBL947896,CHEMBL411897,CHEMBL203
Clc1cc(Nc2ncnc3[nH]nc(OCCN4CCNCC4)c23)ccc1OCc1ccccn1,8.0,CHEMBL947896,CHEMBL257430,CHEMBL203
Clc1cc(Nc2ncnc3[nH]nc(OCCN4CCCC4)c23)ccc1OCc1ccccn1,8.0,CHEMBL947896,CHEMBL402553,CHEMBL203
CC(=O)N1CCN(CCOc2n[nH]c3ncnc(Nc4ccc(OCc5ccccn5)c(Cl)c4)c23)CC1,3.0,CHEMBL947896,CHEMBL258270,CHEMBL203
CN1CCN(CCOc2n[nH]c3ncnc(Nc4ccc(OCc5ccccn5)c(Cl)c4)c23)CC1,5.0,CHEMBL947896,CHEMBL258282,CHEMBL203
CNCCOc1n[nH]c2ncnc(Nc3ccc(OCc4ccccn4)c(Cl)c3)c12,17.0,CHEMBL947896,CHEMBL255135,CHEMBL203
COc1cc(Nc2ncnc3[nH]nc(OCCN4CCC(O)CC4)c23)ccc1OCc1ccccn1,104.0,CHEMBL947896,CHEMBL401713,CHEMBL203
COc1cc(Nc2ncnc3[nH]nc(OCCN4CCC(O)CC4)c23)ccc1OCc1cccc(F)c1,13.0,CHEMBL947896,CHEMBL402339,CHEMBL203
Cc1ccc(Oc2ccc(Nc3ncnc4[nH]nc(OCCN5CCC(O)CC5)c34)cc2F)cn1,1430.0,CHEMBL947896,CHEMBL257873,CHEMBL203
Cc1ccc(Oc2ccc(Nc3ncnc4[nH]nc(OCCN5CCC(O)CC5)c34)cc2C)cn1,216.0,CHEMBL947896,CHEMBL257872,CHEMBL203
Cc1cc(Nc2ncnc3[nH]nc(OCCN4CCC(O)CC4)c23)ccc1OCc1ccccn1,18.0,CHEMBL947896,CHEMBL403435,CHEMBL203
Cc1ccc(Oc2ccc(Nc3ncnc4[nH]nc(OCCN5CCC(O)CC5)c34)cc2Cl)cn1,7.0,CHEMBL947896,CHEMBL255170,CHEMBL203
OC1CCN(CCOc2n[nH]c3ncnc(Nc4ccc(OCc5ccccn5)c(Cl)c4)c23)CC1,13.0,CHEMBL947896,CHEMBL404405,CHEMBL203
c1ccc(Nc2ncnc3ccccc23)cc1,346.74,CHEMBL952131,CHEMBL289959,CHEMBL203
Cc1cccc(Nc2ncnc3ccncc23)c1NCCCn1ccnc1,3.548,CHEMBL952131,CHEMBL271408,CHEMBL203
Cc1cccc(Nc2ncnc3ccncc23)c1NCCCN1CCN(C)CC1,5.623,CHEMBL952131,CHEMBL410253,CHEMBL203
Cc1cccc(Nc2ncnc3ccncc23)c1NCCCN1CCOCC1,9.333,CHEMBL952131,CHEMBL271410,CHEMBL203
Cc1cccc(Nc2ncnc3ccncc23)c1NCCCCN(C)C,5.495,CHEMBL952131,CHEMBL271587,CHEMBL203
O=S(=O)(O)CCNc1c(Br)cccc1Nc1ncnc2ccncc12,1.413,CHEMBL952131,CHEMBL270895,CHEMBL203
CN(CC(=O)O)c1c(Br)cccc1Nc1ncnc2ccncc12,16.22,CHEMBL952131,CHEMBL271113,CHEMBL203
O=C(O)CCCNc1c(Br)cccc1Nc1ncnc2ccncc12,0.2818,CHEMBL952131,CHEMBL271122,CHEMBL203
O=C(O)CCNc1c(Br)cccc1Nc1ncnc2ccncc12,0.6166,CHEMBL952131,CHEMBL408399,CHEMBL203
O=C(O)CNc1c(Br)cccc1Nc1ncnc2ccncc12,1.514,CHEMBL952131,CHEMBL405771,CHEMBL203
Brc1cccc(Nc2ncnc3ccncc23)c1NCCc1c[nH]cn1,0.912,CHEMBL952131,CHEMBL272187,CHEMBL203
Brc1cccc(Nc2ncnc3ccncc23)c1NCCCn1ccnc1,0.5129,CHEMBL952131,CHEMBL272865,CHEMBL203
NNc1c(Br)cccc1Nc1ncnc2ccncc12,7.244,CHEMBL952131,CHEMBL272634,CHEMBL203
OCCN(CCO)CCCNc1c(Br)cccc1Nc1ncnc2ccncc12,1.202,CHEMBL952131,CHEMBL427832,CHEMBL203
OCCN(CCO)CCNc1c(Br)cccc1Nc1ncnc2ccncc12,9.333,CHEMBL952131,CHEMBL271623,CHEMBL203
CN1CCN(CCCNc2c(Br)cccc2Nc2ncnc3ccncc23)CC1,5.012,CHEMBL952131,CHEMBL271532,CHEMBL203
Brc1cccc(Nc2ncnc3ccncc23)c1NCCCCN1CCOCC1,5.495,CHEMBL952131,CHEMBL272895,CHEMBL203
Brc1cccc(Nc2ncnc3ccncc23)c1NCCCN1CCOCC1,1.905,CHEMBL952131,CHEMBL271334,CHEMBL203
Brc1cccc(Nc2ncnc3ccncc23)c1NCCN1CCOCC1,3.236,CHEMBL952131,CHEMBL405398,CHEMBL203
CN(C)CCN(C)c1c(Br)cccc1Nc1ncnc2ccncc12,40.74,CHEMBL952131,CHEMBL270966,CHEMBL203
CN(C)CCCCCNc1c(Br)cccc1Nc1ncnc2ccncc12,8.511,CHEMBL952131,CHEMBL411243,CHEMBL203
CN(C)CCCCNc1c(Br)cccc1Nc1ncnc2ccncc12,7.413,CHEMBL952131,CHEMBL270501,CHEMBL203
CN(C)CCCNc1c(Br)cccc1Nc1ncnc2ccncc12,8.913,CHEMBL952131,CHEMBL408647,CHEMBL203
CN(C)CCNc1c(Br)cccc1Nc1ncnc2ccncc12,45.71,CHEMBL952131,CHEMBL270713,CHEMBL203
OCCN(CCO)c1c(Br)cccc1Nc1ncnc2ccncc12,12.02,CHEMBL952131,CHEMBL406004,CHEMBL203
OCN(CO)c1c(Br)cccc1Nc1ncnc2ccncc12,14.13,CHEMBL952131,CHEMBL272477,CHEMBL203
CN(CC(O)CO)c1c(Br)cccc1Nc1ncnc2ccncc12,3.236,CHEMBL952131,CHEMBL410635,CHEMBL203
OCC(O)CNc1c(Br)cccc1Nc1ncnc2ccncc12,0.9333,CHEMBL952131,CHEMBL270695,CHEMBL203
CN(CCO)c1c(Br)cccc1Nc1ncnc2ccncc12,2.63,CHEMBL952131,CHEMBL408397,CHEMBL203
OCCNc1c(Br)cccc1Nc1ncnc2ccncc12,0.2455,CHEMBL952131,CHEMBL270696,CHEMBL203
Cc1cccc(Nc2ncnc3cnc(NCCc4c[nH]cn4)nc23)c1,3.02,CHEMBL952131,CHEMBL416307,CHEMBL203
Cc1cccc(Nc2ncnc3cnc(NCCN4CCOCC4)nc23)c1,2.344,CHEMBL952131,CHEMBL299881,CHEMBL203
Cc1cccc(Nc2ncnc3cnc(N(C)C)nc23)c1,4.074,CHEMBL952131,CHEMBL52829,CHEMBL203
CNc1ncc2ncnc(Nc3cccc(C)c3)c2n1,4.365,CHEMBL952131,CHEMBL52591,CHEMBL203
Cc1cccc(Nc2ncnc3cnc(N)nc23)c1,17.38,CHEMBL952131,CHEMBL298931,CHEMBL203
Cc1cccc(Nc2ncnc3cnc(Cl)nc23)c1,380.19,CHEMBL952131,CHEMBL52823,CHEMBL203
Brc1cccc(Nc2ncnc3cnc(NCCn4ccnc4)nc23)c1,2.344,CHEMBL952131,CHEMBL271328,CHEMBL203
Brc1cccc(Nc2ncnc3cnc(NCCc4c[nH]cn4)nc23)c1,0.2512,CHEMBL952131,CHEMBL53426,CHEMBL203
Brc1cccc(Nc2ncnc3cnc(NCCCN4CCOCC4)nc23)c1,2.951,CHEMBL952131,CHEMBL417420,CHEMBL203
Brc1cccc(Nc2ncnc3cnc(NCCN4CCOCC4)nc23)c1,0.8128,CHEMBL952131,CHEMBL294475,CHEMBL203
COc1ncc2ncnc(Nc3cccc(Br)c3)c2n1,3.802,CHEMBL952131,CHEMBL51854,CHEMBL203
CN(C)c1ncc2ncnc(Nc3cccc(Br)c3)c2n1,0.955,CHEMBL952131,CHEMBL53777,CHEMBL203
CNc1ncc2ncnc(Nc3cccc(Br)c3)c2n1,0.7762,CHEMBL952131,CHEMBL299622,CHEMBL203
Nc1ncc2ncnc(Nc3cccc(Br)c3)c2n1,1.514,CHEMBL952131,CHEMBL53831,CHEMBL203
Clc1ncc2ncnc(Nc3cccc(Br)c3)c2n1,83.18,CHEMBL952131,CHEMBL53311,CHEMBL203
CNc1ncc2ncnc(Nc3ccccc3)c2n1,13.18,CHEMBL952131,CHEMBL53310,CHEMBL203
COc1ccc2c(Nc3cccc(Br)c3)ncnc2n1,263.03,CHEMBL952131,CHEMBL301549,CHEMBL203
CN(C)c1ccc2c(Nc3cccc(Br)c3)ncnc2n1,331.13,CHEMBL952131,CHEMBL50245,CHEMBL203
CNc1ccc2c(Nc3cccc(Br)c3)ncnc2n1,52.48,CHEMBL952131,CHEMBL298637,CHEMBL203
Fc1ccc2c(Nc3cccc(Br)c3)ncnc2n1,691.83,CHEMBL952131,CHEMBL291701,CHEMBL203
Nc1ccc2c(Nc3cccc(Br)c3)ncnc2n1,954.99,CHEMBL952131,CHEMBL54474,CHEMBL203
Brc1cccc(Nc2ncnc3ncccc23)c1,691.83,CHEMBL952131,CHEMBL54475,CHEMBL203
COc1ccc(CNc2cc3c(Nc4cccc(Br)c4)ncnc3cn2)cc1,2.344,CHEMBL952131,CHEMBL53299,CHEMBL203
COc1cc2c(Nc3cccc(Br)c3)ncnc2cn1,2.63,CHEMBL952131,CHEMBL53062,CHEMBL203
Fc1cc2c(Nc3cccc(Br)c3)ncnc2cn1,125.89,CHEMBL952131,CHEMBL53121,CHEMBL203
Clc1cc2c(Nc3cccc(Br)c3)ncnc2cn1,40.74,CHEMBL952131,CHEMBL296377,CHEMBL203
Brc1cccc(Nc2ncnc3cnccc23)c1,51.29,CHEMBL952131,CHEMBL51265,CHEMBL203
Cc1cccc(Nc2ncnc3ccncc23)c1N,40.74,CHEMBL952131,CHEMBL405772,CHEMBL203
Nc1c(O)cccc1Nc1ncnc2ccncc12,70.79,CHEMBL952131,CHEMBL402452,CHEMBL203
Nc1c(Cl)cccc1Nc1ncnc2ccncc12,120.23,CHEMBL952131,CHEMBL270975,CHEMBL203
Nc1c(F)cccc1Nc1ncnc2ccncc12,851.14,CHEMBL952131,CHEMBL270924,CHEMBL203
CN(C)c1ccc(Nc2ncnc3ccncc23)c(N)c1,4897.79,CHEMBL952131,CHEMBL271540,CHEMBL203
CN(C)c1cccc(Nc2ncnc3ccncc23)c1N,1819.7,CHEMBL952131,CHEMBL406236,CHEMBL203
Nc1cc2ncnc(Nc3ccccc3N)c2cn1,5370.32,CHEMBL952131,CHEMBL124618,CHEMBL203
COc1ccc(Nc2ncnc3ccncc23)c(N)c1,676.08,CHEMBL952131,CHEMBL407591,CHEMBL203
COc1cccc(Nc2ncnc3ccncc23)c1N,131.83,CHEMBL952131,CHEMBL441335,CHEMBL203
COc1cc2ncnc(Nc3ccccc3N)c2cn1,3715.35,CHEMBL952131,CHEMBL408105,CHEMBL203
Nc1cc(C(F)(F)F)ccc1Nc1ncnc2ccncc12,4786.3,CHEMBL952131,CHEMBL408351,CHEMBL203
Nc1cc(Br)ccc1Nc1ncnc2ccncc12,25.7,CHEMBL952131,CHEMBL271617,CHEMBL203
Nc1c(Br)cccc1Nc1ncnc2ccncc12,10.0,CHEMBL952131,CHEMBL258598,CHEMBL203
Nc1ccccc1Nc1ncnc2cc(Br)ncc12,245.47,CHEMBL952131,CHEMBL273116,CHEMBL203
Nc1c(Nc2ncnc3ccncc23)cccc1[N+](=O)[O-],40.74,CHEMBL952131,CHEMBL441332,CHEMBL203
Nc1ccccc1Nc1ncnc2ccncc12,251.19,CHEMBL952131,CHEMBL272258,CHEMBL203
COc1c(Br)cccc1Nc1ncnc2ccncc12,39.81,CHEMBL952131,CHEMBL441333,CHEMBL203
Fc1c(Br)cccc1Nc1ncnc2ccncc12,13.18,CHEMBL952131,CHEMBL269889,CHEMBL203
CC(=O)Nc1c(Br)cccc1Nc1ncnc2ccncc12,29.51,CHEMBL952131,CHEMBL270921,CHEMBL203
Brc1cccc(Nc2ncnc3ccncc23)c1,35.48,CHEMBL952131,CHEMBL52665,CHEMBL203
COc1ccc2ncnc(Nc3cccc(Br)c3)c2n1,4.365,CHEMBL952131,CHEMBL50519,CHEMBL203
CN(C)c1ccc2ncnc(Nc3cccc(Br)c3)c2n1,9.772,CHEMBL952131,CHEMBL53796,CHEMBL203
CNc1ccc2ncnc(Nc3cccc(Br)c3)c2n1,3.162,CHEMBL952131,CHEMBL53156,CHEMBL203
Fc1ccc2ncnc(Nc3cccc(Br)c3)c2n1,44.67,CHEMBL952131,CHEMBL54788,CHEMBL203
Clc1ccc2ncnc(Nc3cccc(Br)c3)c2n1,18.2,CHEMBL952131,CHEMBL291496,CHEMBL203
Nc1ccc2ncnc(Nc3cccc(Br)c3)c2n1,7.762,CHEMBL952131,CHEMBL300217,CHEMBL203
Brc1cccc(Nc2ncnc3cccnc23)c1,34.67,CHEMBL952131,CHEMBL54805,CHEMBL203
COc1cc2ncnc(Nc3ccc(Br)cc3)c2cc1OC,0.07244,CHEMBL952131,CHEMBL328106,CHEMBL203
CCCOc1cc2ncnc(Nc3cccc(Br)c3)c2cc1OCCC,0.1738,CHEMBL952131,CHEMBL418967,CHEMBL203
CCOc1cc2ncnc(Nc3cccc(Br)c3)c2cc1OCC,0.006026,CHEMBL952131,CHEMBL35820,CHEMBL203
O=[N+]([O-])c1cc2c(Nc3cccc(Br)c3)ncnc2cc1Cl,25.12,CHEMBL952131,CHEMBL66409,CHEMBL203
COc1cc2ncnc(Nc3cccc(Br)c3)c2cc1[N+](=O)[O-],15.14,CHEMBL952131,CHEMBL65038,CHEMBL203
CNc1cc2ncnc(Nc3cccc(Br)c3)c2cc1[N+](=O)[O-],69.18,CHEMBL952131,CHEMBL92936,CHEMBL203
Nc1cc2c(Nc3cccc(Br)c3)ncnc2cc1Cl,6.607,CHEMBL952131,CHEMBL63469,CHEMBL203
COc1cc2ncnc(Nc3cccc(Br)c3)c2cc1N,3.802,CHEMBL952131,CHEMBL96780,CHEMBL203
CN(C)c1cc2ncnc(Nc3cccc(Br)c3)c2cc1N,162.18,CHEMBL952131,CHEMBL96489,CHEMBL203
CNc1cc2ncnc(Nc3cccc(Br)c3)c2cc1N,0.6918,CHEMBL952131,CHEMBL92937,CHEMBL203
CN(C)c1ccc2c(Nc3cccc(Br)c3)ncnc2c1,11.22,CHEMBL952131,CHEMBL90013,CHEMBL203
CCNc1ccc2c(Nc3cccc(Br)c3)ncnc2c1,12.02,CHEMBL952131,CHEMBL420254,CHEMBL203
CNc1ccc2c(Nc3cccc(Br)c3)ncnc2c1,7.079,CHEMBL952131,CHEMBL92812,CHEMBL203
CC(=O)Nc1ccc2c(Nc3cccc(Br)c3)ncnc2c1,40.74,CHEMBL952131,CHEMBL93461,CHEMBL203
Oc1ccc2c(Nc3cccc(Br)c3)ncnc2c1,4.786,CHEMBL952131,CHEMBL93302,CHEMBL203
COC(=O)Nc1ccc2ncnc(Nc3cccc(Br)c3)c2c1,12.02,CHEMBL952131,CHEMBL328691,CHEMBL203
CN(C)c1ccc2ncnc(Nc3cccc(Br)c3)c2c1,85.11,CHEMBL952131,CHEMBL52015,CHEMBL203
CNc1ccc2ncnc(Nc3cccc(Br)c3)c2c1,4.074,CHEMBL952131,CHEMBL50344,CHEMBL203
COc1cc2ncnc(Nc3cccc(C(F)(F)F)c3)c2cc1OC,0.2455,CHEMBL952131,CHEMBL316064,CHEMBL203
COc1cc2ncnc(Nc3cccc(I)c3)c2cc1OC,0.8913,CHEMBL952131,CHEMBL96065,CHEMBL203
COc1cc2ncnc(Nc3cccc(Cl)c3)c2cc1OC,0.3162,CHEMBL952131,CHEMBL7917,CHEMBL203
COc1cc2ncnc(Nc3cccc(F)c3)c2cc1OC,3.802,CHEMBL952131,CHEMBL94431,CHEMBL203
COc1cc2ncnc(Nc3ccccc3)c2cc1OC,29.51,CHEMBL952131,CHEMBL94191,CHEMBL203
O=[N+]([O-])c1ccc2c(Nc3cccc(I)c3)ncnc2c1,549.54,CHEMBL952131,CHEMBL93284,CHEMBL203
O=[N+]([O-])c1ccc2c(Nc3cccc(Cl)c3)ncnc2c1,812.83,CHEMBL952131,CHEMBL93635,CHEMBL203
O=[N+]([O-])c1ccc2c(Nc3cccc(F)c3)ncnc2c1,6165.95,CHEMBL952131,CHEMBL329183,CHEMBL203
Nc1ccc2c(Nc3cccc(C(F)(F)F)c3)ncnc2c1,3.311,CHEMBL952131,CHEMBL433205,CHEMBL203
Nc1ccc2c(Nc3ccccc3)ncnc2c1,100.0,CHEMBL952131,CHEMBL330224,CHEMBL203
COc1ccc2ncnc(Nc3ccccc3)c2c1.Cl,120.23,CHEMBL952131,CHEMBL539102,CHEMBL203
Nc1ccc2ncnc(Nc3cccc(C(F)(F)F)c3)c2c1,575.44,CHEMBL952131,CHEMBL328244,CHEMBL203
Nc1ccc2ncnc(Nc3ccccc3)c2c1,776.25,CHEMBL952131,CHEMBL89940,CHEMBL203
COc1ccc2ncnc(Nc3ccccc3)c2c1,56.23,CHEMBL952131,CHEMBL328879,CHEMBL203
Fc1cccc(Nc2ncnc3ccccc23)c1,56.23,CHEMBL952131,CHEMBL92985,CHEMBL203
Nc1cc2ncnc(Nc3cccc(Br)c3)c2cc1N,0.1202,CHEMBL952131,CHEMBL328216,CHEMBL203
Oc1cc2ncnc(Nc3cccc(Br)c3)c2cc1O,0.1738,CHEMBL952131,CHEMBL93032,CHEMBL203
COc1ccc2c(Nc3cccc(Br)c3)ncnc2c1,10.0,CHEMBL952131,CHEMBL93181,CHEMBL203
O=[N+]([O-])c1ccc2c(Nc3cccc(Br)c3)ncnc2c1,1000.0,CHEMBL952131,CHEMBL94275,CHEMBL203
COc1ccc2ncnc(Nc3cccc(Br)c3)c2c1,354.81,CHEMBL952131,CHEMBL52197,CHEMBL203
O=[N+]([O-])c1ccc2ncnc(Nc3cccc(Br)c3)c2c1,912.01,CHEMBL952131,CHEMBL329161,CHEMBL203
FC(F)(F)c1cccc(Nc2ncnc3ccccc23)c1,588.84,CHEMBL952131,CHEMBL92824,CHEMBL203
Ic1cccc(Nc2ncnc3ccccc23)c1,81.28,CHEMBL952131,CHEMBL92825,CHEMBL203
Brc1cccc(Nc2ncnc3ccccc23)c1,27.54,CHEMBL952131,CHEMBL290096,CHEMBL203
Clc1cccc(Nc2ncnc3ccccc23)c1,23.44,CHEMBL952131,CHEMBL329672,CHEMBL203
Cc1cccc(Nc2ncnc3ccccc23)c1,912.01,CHEMBL952131,CHEMBL441083,CHEMBL203
Nc1nccn2c1c(-c1ccc3ccc(-c4ccccc4)nc3c1)nc2[C@H]1C[C@@H](CN2CCC2)C1,9600.0,CHEMBL921277,CHEMBL410659,CHEMBL203
COc1cc(Nc2nn3c(N[C@H](CO)Cc4ccccc4)cc(C4CC4)nc3c2C(N)=O)cc(OC)c1,2400.0,CHEMBL921778,CHEMBL260861,CHEMBL203
O=C(O)/C=C/c1cc(CO)ccc1CO,780.0,CHEMBL939337,CHEMBL407534,CHEMBL203
CC(C)(C)n1nc(-c2ccc(Cl)cc2)c2c(N)ncnc21,480.0,CHEMBL940057,CHEMBL406845,CHEMBL203
CN1CCC(Nc2ncc3ncnc(Nc4ccc(F)c(Cl)c4)c3n2)CC1,3.0,CHEMBL937170,CHEMBL258940,CHEMBL203
CN1CCC(Nc2ncc3ncnc(Nc4ccc(F)c(Cl)c4)c3n2)CC1,3.0,CHEMBL937172,CHEMBL258940,CHEMBL203
O=c1ccc2ccc(O)c(O)c2o1,7670.0,CHEMBL940057,CHEMBL244948,CHEMBL203
Nc1cc2ncnc(Nc3cccc(Br)c3)c2cc1N,0.12,CHEMBL939337,CHEMBL328216,CHEMBL203
O=C(Nc1cccc(Nc2cc(Nc3cccc(C(F)(F)F)c3)ncn2)c1)C1CC1,21.0,CHEMBL939337,CHEMBL387187,CHEMBL203
O=C(Nc1cccc(Nc2cc(Nc3cccc(C(F)(F)F)c3)ncn2)c1)C1CC1,63.0,CHEMBL939338,CHEMBL387187,CHEMBL203
O=C(Nc1cccc(Nc2cc(Nc3cccc(C(F)(F)F)c3)ncn2)c1)C1CC1,4.0,CHEMBL939339,CHEMBL387187,CHEMBL203
CCOc1cc2ncnc(Nc3cccc(Br)c3)c2cc1OCC,0.006,CHEMBL939337,CHEMBL35820,CHEMBL203
O=c1c(-c2ccc(O)cc2)coc2cc(O)cc(O)c12,2600.0,CHEMBL939337,CHEMBL44,CHEMBL203
O=C1Nc2ccccc2/C1=C/c1cc2c([nH]1)CCC(Br)C2,13300.0,CHEMBL937186,CHEMBL408565,CHEMBL203
CN(c1cccnc1)c1cc2c(Nc3ccc(F)c(Cl)c3)c(C#N)cnc2cn1,5000000.0,CHEMBL940057,CHEMBL261238,CHEMBL203
CC(C)(C)c1cc(C=C2C(=O)C=CC2=O)cc(C(C)(C)C)c1O,320000.0,CHEMBL940057,CHEMBL258726,CHEMBL203
Cc1cc(C=C2C(=O)C=CC2=O)cc(C)c1O,440000.0,CHEMBL940057,CHEMBL437612,CHEMBL203
N#CC(C#N)=Cc1ccc(O)c(O)c1,40000.0,CHEMBL921076,CHEMBL76904,CHEMBL203
N#C/C(=C\c1ccc(O)c(O)c1)C(=O)NCc1ccccc1,100.0,CHEMBL921076,CHEMBL56543,CHEMBL203
COc1cc2ncnc(Nc3cccc(Br)c3)c2cc1OC,0.025,CHEMBL940057,CHEMBL29197,CHEMBL203
Cc1nnc(-c2cn3ncnc(Nc4cnc5[nH]ccc5c4)c3c2C(C)C)o1,150.0,CHEMBL929426,CHEMBL258694,CHEMBL203
CO/N=C/c1c(N)ncnc1Nc1ccc2c(cnn2Cc2cccc(F)c2)c1,8.0,CHEMBL934832,CHEMBL255871,CHEMBL203
COCCO/N=C/c1c(N)ncnc1Nc1ccc2c(cnn2Cc2cccc(F)c2)c1,14.0,CHEMBL934832,CHEMBL255237,CHEMBL203
COc1ccccc1CO/N=C/c1c(N)ncnc1Nc1ccc2c(cnn2Cc2cccc(F)c2)c1,47.0,CHEMBL934832,CHEMBL255236,CHEMBL203
Nc1ncnc(Nc2ccc3c(cnn3Cc3cccc(F)c3)c2)c1/C=N/OCc1ccccc1,23.0,CHEMBL934832,CHEMBL255438,CHEMBL203
CC(C)O/N=C/c1c(N)ncnc1Nc1ccc2c(cnn2Cc2cccc(F)c2)c1,14.0,CHEMBL934832,CHEMBL402293,CHEMBL203
CC(C)CO/N=C/c1c(N)ncnc1Nc1ccc2c(cnn2Cc2cccc(F)c2)c1,32.0,CHEMBL934832,CHEMBL430031,CHEMBL203
CCO/N=C/c1c(N)ncnc1Nc1ccc2c(cnn2Cc2cccc(F)c2)c1,5.0,CHEMBL934832,CHEMBL402294,CHEMBL203
Nc1ncnc(Nc2ccc3c(cnn3Cc3cccc(F)c3)c2)c1/C=N/O,12.0,CHEMBL934832,CHEMBL256295,CHEMBL203
CO/N=C/c1c(N)ncnc1Nc1ccc(OCc2cccc(F)c2)c(Cl)c1,12.0,CHEMBL934832,CHEMBL256297,CHEMBL203
CO/N=C/c1c(N)ncnc1Nc1ccc(OCc2ccccc2)c(Cl)c1,16.0,CHEMBL934832,CHEMBL257815,CHEMBL203
CO/N=C/c1c(N)ncnc1Nc1ccc2c(c1)CCN2Cc1cccc(F)c1,57.0,CHEMBL934832,CHEMBL257814,CHEMBL203
CO/N=C/c1c(N)ncnc1Nc1ccc2[nH]c(Cc3cccc(F)c3)nc2c1,48.0,CHEMBL934832,CHEMBL402316,CHEMBL203
CO/N=C/c1c(N)ncnc1Nc1ccc2c(ccn2Cc2cccc(F)c2)c1,13.0,CHEMBL934832,CHEMBL257816,CHEMBL203
CO/N=C/c1c(N)ncnc1Nc1ccc2c(cnn2Cc2ccc(F)cc2)c1,104.0,CHEMBL934832,CHEMBL256527,CHEMBL203
CO/N=C/c1c(N)ncnc1Nc1ccc(OCc2cc(F)cc(F)c2)c(Cl)c1,33.0,CHEMBL934832,CHEMBL256529,CHEMBL203
CO/N=C/c1c(N)ncnc1Nc1ccc2c(cnn2Cc2cccc(OC)c2)c1,267.0,CHEMBL934832,CHEMBL403357,CHEMBL203
CO/N=C/c1c(N)ncnc1Nc1ccc2c(cnn2Cc2cccc(C#N)c2)c1,20.0,CHEMBL934832,CHEMBL255865,CHEMBL203
CO/N=C/c1c(N)ncnc1Nc1ccc2c(cnn2Cc2cccc(Cl)c2)c1,23.0,CHEMBL934832,CHEMBL255656,CHEMBL203
CO/N=C/c1c(N)ncnc1Nc1ccc2c(cnn2Cc2ccccc2)c1,44.0,CHEMBL934832,CHEMBL402113,CHEMBL203
CO/N=C/c1c(N)ncnc1Nc1ccc2[nH]ncc2c1,306.0,CHEMBL934832,CHEMBL255866,CHEMBL203
CO/N=C/c1c(N)ncnc1NCc1ccc(F)c(Cl)c1,1123.0,CHEMBL934832,CHEMBL255291,CHEMBL203
CO/N=C/c1c(N)ncnc1Nc1cccc(Br)c1,24.0,CHEMBL934832,CHEMBL402149,CHEMBL203
CO/N=C/c1c(N)ncnc1Nc1ccc(F)c(Cl)c1,70.0,CHEMBL934832,CHEMBL255490,CHEMBL203
CCC(C)[C@@H]1[C@@](C)(C(=O)/C=C/OC)[C@H]2[C@H](C)C[C@@](C)(O)C[C@]2(O)C(=O)[C@@]1(C)O,10500.0,CHEMBL974188,CHEMBL498247,CHEMBL203
CO[C@H](C)c1c(O)cc2c(c1O)C(=O)c1c(cc(O)c(O)c1O)C2=O,41000.0,CHEMBL974188,CHEMBL498249,CHEMBL203
CO[C@H](C)c1c(O)cc2c(c1O)C(=O)c1c(O)cc(O)cc1C2=O,27500.0,CHEMBL974188,CHEMBL498248,CHEMBL203
C[C@@H](O)c1c(O)cc2c(c1O)C(=O)c1c(O)cc(O)cc1C2=O,37500.0,CHEMBL974188,CHEMBL524820,CHEMBL203
O=C(O)/C=C/c1ccc(O)c(O)c1,1000000.0,CHEMBL941404,CHEMBL145,CHEMBL203
C=CC(=O)Nc1ccc2ncnc(Nc3cccc(Br)c3)c2c1,0.08,CHEMBL978648,CHEMBL285063,CHEMBL203
C#Cc1cccc(Nc2ncnc3cc(OCCOC)c(OCCOC)cc23)c1,3.6,CHEMBL978648,CHEMBL553,CHEMBL203
CCC(=O)Nc1ccc2ncnc(Nc3cccc(Br)c3)c2c1,0.43,CHEMBL978648,CHEMBL188762,CHEMBL203
CN(C)C/C=C/C(=O)Nc1ccc2ncnc(Nc3cccc(Br)c3)c2c1,0.22,CHEMBL978648,CHEMBL94061,CHEMBL203
CCN(CC)CCNC(=O)c1c(C)[nH]c(/C=C2\C(=O)Nc3ccc(Cl)cc32)c1C,3000.0,CHEMBL996040,CHEMBL13485,CHEMBL203
CCOc1cc(/C=C(\C#N)C(N)=O)cc(CSc2ccccc2)c1O,400.0,CHEMBL941412,CHEMBL485070,CHEMBL203
CCOc1cc(/C=C2/CCNC2=O)cc(CSc2ccccc2)c1O,900.0,CHEMBL941412,CHEMBL490780,CHEMBL203
CC(C)c1cc(/C=C2\C(=O)Nc3ccccc32)cc(C(C)C)c1O,400.0,CHEMBL941412,CHEMBL85021,CHEMBL203
CSCc1cc(/C=C2\C(=O)Nc3ccccc32)cc(CSC)c1O,400.0,CHEMBL941412,CHEMBL522116,CHEMBL203
CCOC(=O)C(=O)Oc1ccc(-c2c(C(=O)OCC)oc3cc(O)cc(O)c3c2=O)cc1.O=C(O)C(=O)O,1000.0,CHEMBL941412,CHEMBL1202061,CHEMBL203
N#CC(C#N)=C1C(=O)Nc2ccc(O)cc21,10000.0,CHEMBL941412,CHEMBL55748,CHEMBL203
COc1cc2c(cc1O)NC(=O)C2=C(C#N)C#N,60000.0,CHEMBL941412,CHEMBL56964,CHEMBL203
N#CC(C#N)=C1C(=O)Nc2cc(O)c(O)cc21,3000.0,CHEMBL941412,CHEMBL57462,CHEMBL203
N#CC(C#N)=C1CCc2c1ccc(O)c2O,7000.0,CHEMBL941412,CHEMBL57300,CHEMBL203
N#C/C(=C\c1cc(-c2ccccc2)c(O)c(-c2ccccc2)c1)C(N)=O,400.0,CHEMBL941412,CHEMBL490768,CHEMBL203
N#CC(C#N)=C1CCc2cc(O)c(O)cc21,500.0,CHEMBL941412,CHEMBL293584,CHEMBL203
CC(C)c1cc(/C=C(\C#N)C(N)=O)cc(C(C)C)c1O,1000.0,CHEMBL941412,CHEMBL504173,CHEMBL203
CC(C)(C)c1cc(/C=C(\C#N)C(N)=O)cc(C(C)(C)C)c1O,50000.0,CHEMBL941412,CHEMBL490570,CHEMBL203
N#C/C(=C/c1cc(Cc2ccccc2)c(O)c(Cc2ccccc2)c1)C(N)=O,600.0,CHEMBL941412,CHEMBL538909,CHEMBL203
N#C/C(=C\c1cc(CSc2ccccc2)c(O)c(OCc2ccccc2)c1)C(N)=O,800.0,CHEMBL941412,CHEMBL490569,CHEMBL203
CCOc1cc(/C=C(\C#N)C(N)=O)cc(CSc2cccc(OC)c2)c1O,4000.0,CHEMBL941412,CHEMBL483232,CHEMBL203
CCOc1cc(/C=C(\C#N)C(N)=O)cc(CSc2ccc(O)cc2)c1O,3000.0,CHEMBL941412,CHEMBL483233,CHEMBL203
COc1cc(/C=C(\C#N)C(N)=O)cc(CSc2ccccc2)c1O,500.0,CHEMBL941412,CHEMBL116595,CHEMBL203
CCOc1cc(/C=C(\C#N)C(N)=O)cc(CSc2ccc(C)cc2)c1O,20000.0,CHEMBL941412,CHEMBL520839,CHEMBL203
CC(C)(C)OC(=O)NCCNC(=O)c1ccc(S(=O)(=O)Oc2ccc(/C=C/[N+](=O)[O-])cc2)cc1,1000.0,CHEMBL941404,CHEMBL418906,CHEMBL203
CC(C)NC(=O)c1ccc(S(=O)(=O)Oc2ccc(/C=C/[N+](=O)[O-])cc2)cc1,1000.0,CHEMBL941404,CHEMBL490987,CHEMBL203
O=C(O)c1ccc(S(=O)(=O)Oc2ccc(/C=C/[N+](=O)[O-])cc2)cc1,1000.0,CHEMBL941404,CHEMBL76958,CHEMBL203
O=[N+]([O-])/C=C/c1ccc(O)cc1,10000.0,CHEMBL941404,CHEMBL307481,CHEMBL203
N#C/C(=C\c1ccc(O)c(O)c1)C(=O)c1ccccc1,1000.0,CHEMBL941404,CHEMBL56132,CHEMBL203
N#C/C(=C/c1ccc(O)c(O)c1)C(=O)Nc1ccccc1Cl,10000.0,CHEMBL941404,CHEMBL520493,CHEMBL203
N#C/C(=C/c1ccc(O)c(O)c1)C(=O)NCCCCc1ccccc1,100.0,CHEMBL941404,CHEMBL490577,CHEMBL203
N#C/C(=C\c1ccc(O)c(O)c1)C(N)=O,10000.0,CHEMBL941404,CHEMBL296407,CHEMBL203
N#CC(C#N)=C(N)/C(C#N)=C/c1ccc(O)cc1,100.0,CHEMBL941404,CHEMBL76589,CHEMBL203
COc1cc(/C=C(\C#N)C(N)=C(C#N)C#N)cc(O)c1O,1000.0,CHEMBL941404,CHEMBL80745,CHEMBL203
N#CC(C#N)=C(O)c1cc(O)c(O)c(O)c1,10000.0,CHEMBL941404,CHEMBL309598,CHEMBL203
N#CC(C#N)=C(C#N)c1cc(O)cc(O)c1,10000.0,CHEMBL941404,CHEMBL454002,CHEMBL203
N#CC(C#N)=C(C#N)c1ccc(O)c(O)c1,10000.0,CHEMBL941404,CHEMBL474267,CHEMBL203
O=P(O)(O)C(O)c1ccc2ccccc2c1,200000.0,CHEMBL941404,CHEMBL26001,CHEMBL203
C[C@H](NC(=O)c1ccc(S(=O)(=O)Oc2ccc(/C=C/[N+](=O)[O-])cc2)cc1)C(=O)N[C@@H](C)C(=O)NCCN.Cl,20000.0,CHEMBL941404,CHEMBL488101,CHEMBL203
COC(=O)c1ccc(S(=O)(=O)Oc2ccc(/C=C/[N+](=O)[O-])cc2)cc1O,2000.0,CHEMBL941404,CHEMBL76929,CHEMBL203
COC(=O)c1ccc(S(=O)(=O)Oc2ccc(/C=C/[N+](=O)[O-])cc2)cc1,2000.0,CHEMBL941404,CHEMBL77401,CHEMBL203
N#C/C(=C\c1ccc(O)c(O)c1)C(=O)c1ccc([N+](=O)[O-])cc1,2000.0,CHEMBL941404,CHEMBL56879,CHEMBL203
N#C/C(=C\c1ccc(O)c(O)c1)C(=O)c1ccccc1Cl,2000.0,CHEMBL941404,CHEMBL59145,CHEMBL203
N#C/C(=C/c1ccc(O)c(O)c1)C(=O)NC1CCCCC1,2000.0,CHEMBL941404,CHEMBL490774,CHEMBL203
N#C/C(=C\c1ccc(O)c(O)c1)C(=O)NCc1ccccc1,2000.0,CHEMBL941404,CHEMBL56543,CHEMBL203
N#C/C(=C\c1cc(O)ccc1O)C(=O)O,20000.0,CHEMBL941404,CHEMBL501368,CHEMBL203
N#C/C(=C\c1ccc(O)cc1)C(=O)O,200000.0,CHEMBL941404,CHEMBL76602,CHEMBL203
COc1cc(/C=C(\C)[N+](=O)[O-])ccc1OS(=O)(=O)c1ccc(C(=O)O)cc1,3000.0,CHEMBL941404,CHEMBL77397,CHEMBL203
O=C(O)c1ccc(S(=O)(=O)Oc2ccc(/C=C/[N+](=O)[O-])cc2)c(O)c1,300.0,CHEMBL941404,CHEMBL77688,CHEMBL203
N#CC(C#N)=C(N)/C(C#N)=C/c1ccc(O)c(O)c1,3000.0,CHEMBL941404,CHEMBL309334,CHEMBL203
COc1cc(/C=C/[N+](=O)[O-])ccc1OS(=O)(=O)c1ccc(C(=O)O)cc1,3000.0,CHEMBL941404,CHEMBL418907,CHEMBL203
N#C/C(=C\c1ccc(O)c(O)c1)C(=O)O,30000.0,CHEMBL941404,CHEMBL73820,CHEMBL203
N#C/C(=C\c1ccc(O)c(O)c1)C(N)=S,3000.0,CHEMBL941404,CHEMBL77030,CHEMBL203
N#CC(C#N)=C(C#N)c1cc(O)c(O)c(O)c1,3000.0,CHEMBL941404,CHEMBL492199,CHEMBL203
C[C@H](NC(=O)c1ccc(S(=O)(=O)Oc2ccc(/C=C/[N+](=O)[O-])cc2)cc1)C(=O)N[C@@H](C)C(=O)OC(C)(C)C,40000.0,CHEMBL941404,CHEMBL483234,CHEMBL203
CNC(=O)c1ccc(S(=O)(=O)Oc2ccc(/C=C(\C)[N+](=O)[O-])cc2OC)cc1,4000.0,CHEMBL941404,CHEMBL78280,CHEMBL203
CNC(=O)c1ccc(S(=O)(=O)Oc2ccc(/C=C/[N+](=O)[O-])cc2)cc1,400.0,CHEMBL941404,CHEMBL74432,CHEMBL203
N#C/C(=C\c1ccc(O)c(O)c1)C(=O)c1ccc(O)c(O)c1,400.0,CHEMBL941404,CHEMBL56393,CHEMBL203
N#CC(C#N)=C(C#N)c1cccc(O)c1,400000.0,CHEMBL941404,CHEMBL449114,CHEMBL203
Cl.NCCNC(=O)c1ccc(S(=O)(=O)Oc2ccc(/C=C/[N+](=O)[O-])cc2)cc1,5000.0,CHEMBL941404,CHEMBL485065,CHEMBL203
CCCCNC(=O)c1ccc(S(=O)(=O)Oc2ccc(/C=C/[N+](=O)[O-])cc2)cc1,5000.0,CHEMBL941404,CHEMBL77100,CHEMBL203
COc1cc(/C=C/[N+](=O)[O-])ccc1OS(=O)(=O)c1ccc(C(=O)OC[C@H]2O[C@@H](n3cnc4c(N)ncnc43)[C@H](O)[C@@H]2O)cc1,500.0,CHEMBL941404,CHEMBL453502,CHEMBL203
O=C(O)c1ccc(S(=O)(=O)Oc2ccc(/C=C/[N+](=O)[O-])cc2)cc1O,50.0,CHEMBL941404,CHEMBL449093,CHEMBL203
N#CC(C#N)=C(O)c1ccc(O)cc1,500000.0,CHEMBL941404,CHEMBL79064,CHEMBL203
N#CC(C#N)=C(N)/C(C#N)=C/c1cc(O)c(O)c(Br)c1,500.0,CHEMBL941404,CHEMBL77803,CHEMBL203
Nc1ncnc2c1ncn2[C@@H]1O[C@H](COC(=O)c2ccc(S(=O)(=O)Oc3ccc(/C=C/[N+](=O)[O-])cc3)cc2)[C@@H](O)[C@H]1O,600.0,CHEMBL941404,CHEMBL505705,CHEMBL203
N#C/C(=C\c1ccc(O)c(O)c1)C(=O)c1ccc(F)cc1,600.0,CHEMBL941404,CHEMBL55204,CHEMBL203
N#CC(C#N)=C(C#N)c1ccc(C=O)cc1,600000.0,CHEMBL941404,CHEMBL489349,CHEMBL203
N#CC(C#N)=C(C#N)c1ccc(O)cc1,600000.0,CHEMBL941404,CHEMBL450319,CHEMBL203
COc1cc(C(C#N)=C(C#N)C#N)cc(O)c1O,6000.0,CHEMBL941404,CHEMBL489147,CHEMBL203
C[C@H](NC(=O)[C@H](C)NC(=O)c1ccc(S(=O)(=O)Oc2ccc(/C=C/[N+](=O)[O-])cc2)cc1)C(=O)O,7000.0,CHEMBL941404,CHEMBL490775,CHEMBL203
N#C/C(=C\c1ccc(O)c(O)c1)C(=O)NCCCc1ccccc1,700.0,CHEMBL941404,CHEMBL53898,CHEMBL203
N#C/C(=C\c1ccc(O)c(O)c1)C(=O)Nc1ccccc1,700.0,CHEMBL941404,CHEMBL56731,CHEMBL203
COc1cc(/C=C/[N+](=O)[O-])ccc1O,8000.0,CHEMBL941404,CHEMBL309016,CHEMBL203
N#C/C(=C\c1ccc(O)cc1)C(N)=O,800000.0,CHEMBL941404,CHEMBL308048,CHEMBL203
N#CC(C#N)=C(N)/C(C#N)=C/c1cc(O)c(O)c(O)c1,800.0,CHEMBL941404,CHEMBL78257,CHEMBL203
C/C(=C\c1ccc(O)c(O)c1)[N+](=O)[O-],9000.0,CHEMBL941404,CHEMBL78049,CHEMBL203
O=[N+]([O-])/C=C/c1ccc(O)c(O)c1,9000.0,CHEMBL941404,CHEMBL78224,CHEMBL203
Cc1ccc(C(=O)/C(C#N)=C/c2ccc(O)c(O)c2)cc1,900.0,CHEMBL941404,CHEMBL54471,CHEMBL203
N#C/C(=C\c1ccc(O)c(O)c1)C(=O)NCCc1ccccc1,900.0,CHEMBL941404,CHEMBL293749,CHEMBL203
COc1cc(C(C#N)=C(C#N)C#N)cc(OC)c1O,900000.0,CHEMBL941404,CHEMBL489148,CHEMBL203
C#Cc1cccc(Nc2ncnc3cc(OCCOC)c(OCCOC)cc23)c1,0.4,CHEMBL976899,CHEMBL553,CHEMBL203
Cc1[nH]c(/C=C2\C(=O)Nc3ccc(S(=O)(=O)Cc4c(Cl)cccc4Cl)cc32)c(C)c1C(=O)N1CCC[C@@H]1CN1CCCC1,3800.0,CHEMBL976899,CHEMBL450786,CHEMBL203
CCOc1cc2ncc(C#N)c(Nc3ccc(OCc4ccccn4)c(Cl)c3)c2cc1NC(=O)/C=C/CN(C)C,92.0,CHEMBL976899,CHEMBL180022,CHEMBL203
CN1CCN(CCOc2cc(OC3CCOCC3)c3c(Nc4c(Cl)ccc5c4OCO5)ncnc3c2)CC1,2590.0,CHEMBL976899,CHEMBL217092,CHEMBL203
O=C(/C=C/c1ccc(O)c(O)c1)c1ccc(O)cc1O,16000.0,CHEMBL1003093,CHEMBL128000,CHEMBL203
CCOc1cc2ncc(C#N)c(Nc3ccc(F)c(Cl)c3)c2cc1NC(=O)/C=C/CN(C)C,38.5,CHEMBL1003097,CHEMBL607707,CHEMBL203
Nc1ncnc(Nc2ccc(OCc3ccccc3)c(Cl)c2)c1C=O,76.0,CHEMBL971642,CHEMBL461311,CHEMBL203
Nc1ncnc(Nc2ccc(OCc3ccccc3)c(Cl)c2)c1-c1nnc(CCN2CCOCC2)o1,30.0,CHEMBL971642,CHEMBL472545,CHEMBL203
Nc1ncnc(Nc2ccc(OCc3ccccc3)c(Cl)c2)c1C(=O)NNC(=O)CCN1CCOCC1,620.0,CHEMBL971642,CHEMBL472544,CHEMBL203
NNC(=O)c1c(N)ncnc1Nc1ccc(OCc2ccccc2)c(Cl)c1,458.0,CHEMBL971642,CHEMBL511478,CHEMBL203
N#Cc1c(N)ncnc1Nc1ccc(OCc2ccccc2)c(Cl)c1,27.0,CHEMBL971642,CHEMBL500591,CHEMBL203
Nc1ncnc(Nc2ccc(OCc3ccccc3)c(Cl)c2)c1C(=O)Nc1ccccc1,76.0,CHEMBL971642,CHEMBL461114,CHEMBL203
Nc1ncnc(Nc2ccc(OCc3ccccc3)c(Cl)c2)c1C(=O)OCCN1CCOCC1,150.0,CHEMBL971642,CHEMBL461113,CHEMBL203
COC(=O)c1c(N)ncnc1Nc1ccc(OCc2ccccc2)c(Cl)c1,54.0,CHEMBL971642,CHEMBL516487,CHEMBL203
Nc1ncnc(Nc2ccc(OCc3ccccc3)c(Cl)c2)c1C(=O)O,41.0,CHEMBL971642,CHEMBL512391,CHEMBL203
NC(=O)O[C@H]1CN[C@H](C#Cc2cc3ncnc(Nc4ccc(OCc5cccc(F)c5)c(Cl)c4)c3s2)C1,40.0,CHEMBL1009318,CHEMBL461426,CHEMBL203
CNC(=O)O[C@H]1CN[C@H](C#Cc2cc3ncnc(Nc4ccc(OCc5cccc(F)c5)c(Cl)c4)c3s2)C1,50.0,CHEMBL1009318,CHEMBL466586,CHEMBL203
CCNC(=O)O[C@H]1CN[C@H](C#Cc2cc3ncnc(Nc4ccc(OCc5cccc(F)c5)c(Cl)c4)c3s2)C1,32.0,CHEMBL1009318,CHEMBL512076,CHEMBL203
CN(C)C(=O)O[C@H]1CN[C@H](C#Cc2cc3ncnc(Nc4ccc(OCc5cccc(F)c5)c(Cl)c4)c3s2)C1,28.0,CHEMBL1009318,CHEMBL517123,CHEMBL203
CCN(C)C(=O)O[C@H]1CN[C@H](C#Cc2cc3ncnc(Nc4ccc(OCc5cccc(F)c5)c(Cl)c4)c3s2)C1,50.0,CHEMBL1009318,CHEMBL517585,CHEMBL203
O=C(O[C@H]1CN[C@H](C#Cc2cc3ncnc(Nc4ccc(OCc5cccc(F)c5)c(Cl)c4)c3s2)C1)N1CCOCC1,65.0,CHEMBL1009318,CHEMBL507329,CHEMBL203
O=C(O[C@H]1CN[C@H](C#Cc2cc3ncnc(Nc4ccc(OCc5cccc(F)c5)c(Cl)c4)c3s2)C1)N1CCNCC1,63.0,CHEMBL1009318,CHEMBL499534,CHEMBL203
CS(=O)(=O)CCNC(=O)O[C@H]1CN[C@H](C#Cc2cc3ncnc(Nc4ccc(OCc5cccc(F)c5)c(Cl)c4)c3s2)C1,40.0,CHEMBL1009318,CHEMBL504034,CHEMBL203
CCNC(=O)O[C@@H]1CN[C@@H](C#Cc2cc3ncnc(Nc4ccc(OCc5cccc(F)c5)c(Cl)c4)c3s2)C1,50.0,CHEMBL1009318,CHEMBL461869,CHEMBL203
CN(C)C(=O)O[C@@H]1CN[C@@H](C#Cc2cc3ncnc(Nc4ccc(OCc5cccc(F)c5)c(Cl)c4)c3s2)C1,40.0,CHEMBL1009318,CHEMBL466412,CHEMBL203
O=C(O[C@@H]1CN[C@@H](C#Cc2cc3ncnc(Nc4ccc(OCc5cccc(F)c5)c(Cl)c4)c3s2)C1)N1CCOCC1,40.0,CHEMBL1009318,CHEMBL450109,CHEMBL203
CCNC(=O)O[C@@H]1CN[C@H](C#Cc2cc3ncnc(Nc4ccc(OCc5cccc(F)c5)c(Cl)c4)c3s2)C1,125.0,CHEMBL1009318,CHEMBL466614,CHEMBL203
CN(C)C(=O)O[C@@H]1CN[C@H](C#Cc2cc3ncnc(Nc4ccc(OCc5cccc(F)c5)c(Cl)c4)c3s2)C1,79.0,CHEMBL1009318,CHEMBL466615,CHEMBL203
O=C(O[C@@H]1CN[C@H](C#Cc2cc3ncnc(Nc4ccc(OCc5cccc(F)c5)c(Cl)c4)c3s2)C1)N1CCOCC1,79.0,CHEMBL1009318,CHEMBL447365,CHEMBL203
CCNC(=O)O[C@H]1CN[C@@H](C#Cc2cc3ncnc(Nc4ccc(OCc5cccc(F)c5)c(Cl)c4)c3s2)C1,32.0,CHEMBL1009318,CHEMBL466174,CHEMBL203
CN(C)C(=O)O[C@H]1CN[C@@H](C#Cc2cc3ncnc(Nc4ccc(OCc5cccc(F)c5)c(Cl)c4)c3s2)C1,79.0,CHEMBL1009318,CHEMBL466175,CHEMBL203
O=C(O[C@H]1CN[C@@H](C#Cc2cc3ncnc(Nc4ccc(OCc5cccc(F)c5)c(Cl)c4)c3s2)C1)N1CCOCC1,50.0,CHEMBL1009318,CHEMBL450396,CHEMBL203
COc1cc2ncnc(Nc3ccc(F)c(Cl)c3)c2cc1OCCCN1CCOCC1,33.0,CHEMBL1009318,CHEMBL939,CHEMBL203
C#Cc1cccc(Nc2ncnc3cc(OCCOC)c(OCCOC)cc23)c1,20.0,CHEMBL1009318,CHEMBL553,CHEMBL203
CS(=O)(=O)CCNCc1ccc(-c2ccc3ncnc(Nc4ccc(OCc5cccc(F)c5)c(Cl)c4)c3c2)o1.Cc1ccc(S(=O)(=O)O)cc1.Cc1ccc(S(=O)(=O)O)cc1.O,5.0,CHEMBL1009318,CHEMBL1201179,CHEMBL203
C=CC(=O)Nc1cc2c(Nc3ccc(F)c(Cl)c3)ncnc2cc1OCCCN1CCOCC1,5.0,CHEMBL1009318,CHEMBL31965,CHEMBL203
CCOc1cc2ncc(C#N)c(Nc3ccc(OCc4ccccn4)c(Cl)c3)c2cc1NC(=O)/C=C/CN(C)C,1.0,CHEMBL1009318,CHEMBL180022,CHEMBL203
CN(C)C/C=C/C(=O)Nc1cc2c(Nc3ccc(F)c(Cl)c3)ncnc2cc1O[C@H]1CCOC1,6.0,CHEMBL1009318,CHEMBL1173655,CHEMBL203
CCN(CC)C(=O)O[C@H]1CN[C@H](C#Cc2cc3ncnc(Nc4ccc(OCc5cccc(F)c5)c(Cl)c4)c3s2)C1,63.0,CHEMBL1009326,CHEMBL505626,CHEMBL203
O=C(O[C@H]1CN[C@H](C#Cc2cc3ncnc(Nc4ccc(OCc5cccc(F)c5)c(Cl)c4)c3s2)C1)N1CCCC1,99.0,CHEMBL1009326,CHEMBL451513,CHEMBL203
Cc1ccc(NC(=O)c2ccc(CN3CCN(C)CC3)cc2)cc1-c1ccc2ccncc2c1,700.0,CHEMBL998566,CHEMBL521887,CHEMBL203
Fc1cccc(COc2ccc(Nc3ncnc4cc(C#C[C@@H]5CCCN5)sc34)cc2Cl)c1,109.0,CHEMBL995846,CHEMBL495979,CHEMBL203
Fc1cccc(COc2ccc(Nc3ncnc4cc(C#C[C@H]5CCCN5)sc34)cc2Cl)c1,7.0,CHEMBL995846,CHEMBL496174,CHEMBL203
COCCN1CCC[C@@H]1C#Cc1cc2ncnc(Nc3ccc(OCc4cccc(F)c4)c(Cl)c3)c2s1,130.0,CHEMBL995846,CHEMBL523573,CHEMBL203
CS(=O)(=O)N1CCC[C@@H]1C#Cc1cc2ncnc(Nc3ccc(OCc4cccc(F)c4)c(Cl)c3)c2s1,120.0,CHEMBL995846,CHEMBL495733,CHEMBL203
CC(=O)N1CCC[C@@H]1C#Cc1cc2ncnc(Nc3ccc(OCc4cccc(F)c4)c(Cl)c3)c2s1,58.0,CHEMBL995846,CHEMBL495734,CHEMBL203
COC(=O)N1CCC[C@@H]1C#Cc1cc2ncnc(Nc3ccc(OCc4cccc(F)c4)c(Cl)c3)c2s1,140.0,CHEMBL995846,CHEMBL497803,CHEMBL203
O[C@H]1CN[C@H](C#Cc2cc3ncnc(Nc4ccc(OCc5cccc(F)c5)c(Cl)c4)c3s2)C1,14.0,CHEMBL995846,CHEMBL497804,CHEMBL203
CCO[C@H]1CN[C@H](C#Cc2cc3ncnc(Nc4ccc(OCc5cccc(F)c5)c(Cl)c4)c3s2)C1,115.0,CHEMBL995846,CHEMBL497184,CHEMBL203
CS(=O)(=O)O[C@H]1CN[C@H](C#Cc2cc3ncnc(Nc4ccc(OCc5cccc(F)c5)c(Cl)c4)c3s2)C1,81.0,CHEMBL995846,CHEMBL500115,CHEMBL203
CCC(=O)O[C@H]1CN[C@H](C#Cc2cc3ncnc(Nc4ccc(OCc5cccc(F)c5)c(Cl)c4)c3s2)C1,63.0,CHEMBL995846,CHEMBL500381,CHEMBL203
CCOC(=O)O[C@H]1CN[C@H](C#Cc2cc3ncnc(Nc4ccc(OCc5cccc(F)c5)c(Cl)c4)c3s2)C1,141.0,CHEMBL995846,CHEMBL500640,CHEMBL203
CNC(=O)O[C@H]1CN[C@H](C#Cc2cc3ncnc(Nc4ccc(OCc5cccc(F)c5)c(Cl)c4)c3s2)C1,50.0,CHEMBL995846,CHEMBL466586,CHEMBL203
CCNC(=O)O[C@H]1CN[C@H](C#Cc2cc3ncnc(Nc4ccc(OCc5cccc(F)c5)c(Cl)c4)c3s2)C1,32.0,CHEMBL995846,CHEMBL512076,CHEMBL203
CN(C)C(=O)O[C@H]1CN[C@H](C#Cc2cc3ncnc(Nc4ccc(OCc5cccc(F)c5)c(Cl)c4)c3s2)C1,28.0,CHEMBL995846,CHEMBL517123,CHEMBL203
O=C(O[C@H]1CN[C@H](C#Cc2cc3ncnc(Nc4ccc(OCc5cccc(F)c5)c(Cl)c4)c3s2)C1)N1CCOCC1,65.0,CHEMBL995846,CHEMBL507329,CHEMBL203
CCOC(=O)N[C@H]1CN[C@H](C#Cc2cc3ncnc(Nc4ccc(OCc5cccc(F)c5)c(Cl)c4)c3s2)C1,60.0,CHEMBL995846,CHEMBL525805,CHEMBL203
CCS(=O)(=O)N[C@H]1CN[C@H](C#Cc2cc3ncnc(Nc4ccc(OCc5cccc(F)c5)c(Cl)c4)c3s2)C1,50.0,CHEMBL995846,CHEMBL501705,CHEMBL203
Fc1ccc(-c2nn3ccccc3c2-c2ccncc2)cc1,6300.0,CHEMBL1001226,CHEMBL485745,CHEMBL203
O=C(O[C@H]1CN[C@H](C#Cc2cc3ncnc(Nc4ccc(OCc5cccc(F)c5)c(Cl)c4)c3s2)C1)N1CCOCC1,80.0,CHEMBL964194,CHEMBL507329,CHEMBL203
O=C(O[C@H]1CN[C@H](C#Cc2cc3ncnc(Nc4ccc(OCc5ccccn5)c(Cl)c4)c3s2)C1)N1CCOCC1,50.0,CHEMBL964195,CHEMBL504117,CHEMBL203
O=C(O[C@H]1CN[C@H](C#Cc2cc3ncnc(Nc4ccc(OCc5cscn5)c(Cl)c4)c3s2)C1)N1CCOCC1,120.0,CHEMBL964194,CHEMBL508760,CHEMBL203
O=C(O[C@H]1CN[C@H](C#Cc2cc3ncnc(Nc4ccc(OCc5cccc(F)c5)nc4)c3s2)C1)N1CCOCC1,2600.0,CHEMBL964194,CHEMBL449949,CHEMBL203
O=C(O[C@H]1CN[C@H](C#Cc2cc3ncnc(Nc4ccc5c(Oc6ccccn6)cccc5c4)c3s2)C1)N1CCOCC1,1050.0,CHEMBL964194,CHEMBL452716,CHEMBL203
Cc1cc(Oc2ccc(Nc3ncnc4cc(C#C[C@@H]5C[C@@H](OC(=O)N6CCOCC6)CN5)sc34)cc2Cl)no1,400.0,CHEMBL964194,CHEMBL461811,CHEMBL203
O=C(O[C@H]1CN[C@H](C#Cc2cc3ncnc(Nc4ccc(Oc5ccnc6ccc(F)cc56)c(Cl)c4)c3s2)C1)N1CCOCC1,280.0,CHEMBL964194,CHEMBL505463,CHEMBL203
O=C(O[C@H]1CN[C@H](C#Cc2cc3ncnc(NCc4cccc(Oc5ccccc5)c4)c3s2)C1)N1CCOCC1,180.0,CHEMBL964194,CHEMBL455433,CHEMBL203
O=C(O[C@H]1CN[C@H](C#Cc2cc3ncnc(Nc4ccc(Cc5ccccc5)cc4)c3s2)C1)N1CCOCC1,240.0,CHEMBL964194,CHEMBL455434,CHEMBL203
O=C(O[C@H]1CN[C@H](C#Cc2cc3ncnc(Nc4ccc(Sc5ccccn5)cc4)c3s2)C1)N1CCOCC1,1650.0,CHEMBL964194,CHEMBL457250,CHEMBL203
O=C(O[C@H]1CN[C@H](C#Cc2cc3ncnc(Nc4ccc(Sc5cccc(F)c5)c(Cl)c4)c3s2)C1)N1CCOCC1,630.0,CHEMBL964194,CHEMBL501050,CHEMBL203
O=C(O[C@H]1CN[C@H](C#Cc2cc3ncnc(Nc4ccc5c(cnn5Cc5ccccc5)c4)c3s2)C1)N1CCOCC1,80.0,CHEMBL964194,CHEMBL507821,CHEMBL203
O=C(O[C@H]1CN[C@H](C#Cc2cc3ncnc(Nc4ccc5c(cnn5Cc5cccc(F)c5)c4)c3s2)C1)N1CCOCC1,30.0,CHEMBL964194,CHEMBL510845,CHEMBL203
O=C(O[C@H]1CN[C@H](C#Cc2cc3ncnc(Nc4ccc5c(cnn5Cc5cc(F)ccc5F)c4)c3s2)C1)N1CCOCC1,33.0,CHEMBL964194,CHEMBL500072,CHEMBL203
CC(c1cccc(F)c1)n1ncc2cc(Nc3ncnc4cc(C#C[C@@H]5C[C@@H](OC(=O)N6CCOCC6)CN5)sc34)ccc21,120.0,CHEMBL964194,CHEMBL503253,CHEMBL203
O=C(O[C@H]1CN[C@H](C#Cc2cc3ncnc(Nc4ccc5c(cnn5S(=O)(=O)c5cccc(F)c5)c4)c3s2)C1)N1CCOCC1,230.0,CHEMBL964194,CHEMBL451074,CHEMBL203
O=C(O[C@H]1CN[C@H](C#Cc2cc3ncnc(Nc4ccc5c(ccn5Cc5ccccc5)c4)c3s2)C1)N1CCOCC1,90.0,CHEMBL964194,CHEMBL500217,CHEMBL203
O=C(O[C@H]1CN[C@H](C#Cc2cc3ncnc(Nc4ccc5c(ccn5CCc5ccccc5)c4)c3s2)C1)N1CCOCC1,3160.0,CHEMBL964195,CHEMBL447720,CHEMBL203
O=C(O[C@H]1CN[C@H](C#Cc2cc3ncnc(Nc4ccc5c(ccn5Cc5cscn5)c4)c3s2)C1)N1CCOCC1,680.0,CHEMBL964194,CHEMBL451347,CHEMBL203
O=C(O[C@H]1CN[C@H](C#Cc2cc3ncnc(Nc4ccc5c(c4)c(F)cn5Cc4ccccc4)c3s2)C1)N1CCOCC1,240.0,CHEMBL964194,CHEMBL452980,CHEMBL203
O=C(O[C@H]1CN[C@H](C#Cc2cc3ncnc(Nc4ccc5c(ccn5S(=O)(=O)c5ccsc5)c4)c3s2)C1)N1CCOCC1,150.0,CHEMBL964195,CHEMBL452768,CHEMBL203
O=C(O[C@H]1CN[C@H](C#Cc2cc3ncnc(Nc4ccc(Oc5ccccn5)c(Cl)c4)c3s2)C1)N1CCOCC1,190.0,CHEMBL964195,CHEMBL453398,CHEMBL203
c1ccc2sc(-c3ccc(Nc4ncnc5[nH]cnc45)cc3)nc2c1,7800.0,CHEMBL964945,CHEMBL515598,CHEMBL203
COc1nc(Nc2ccc(-c3nc4ccccc4s3)cc2)c2cc[nH]c2n1,7700.0,CHEMBL964945,CHEMBL462338,CHEMBL203
Clc1ccc2c(Nc3ccc(-c4nc5ccccc5s4)cc3)ccnc2c1,5300.0,CHEMBL964945,CHEMBL474543,CHEMBL203
COc1nc(Nc2ccc(-c3nc4ccccc4s3)c(OC)c2)c2cc[nH]c2n1,5100.0,CHEMBL964945,CHEMBL475351,CHEMBL203
COc1cc2nc(Nc3cc(C)[nH]n3)nc(Nc3cccc(-c4nc5ccccc5s4)c3)c2cc1OC,3300.0,CHEMBL964945,CHEMBL522785,CHEMBL203
COc1cc(Nc2ncnc3[nH]cnc23)ccc1-c1nc2ccccc2s1,2600.0,CHEMBL964945,CHEMBL475352,CHEMBL203
COc1cc2ncnc(Nc3ccc(-c4nc5ccccc5s4)c(O)c3)c2cc1OC,2200.0,CHEMBL964945,CHEMBL473351,CHEMBL203
CNC(=O)c1cc(Nc2ccc(-c3nc4ccccc4s3)cc2)ccn1,2000.0,CHEMBL964945,CHEMBL464210,CHEMBL203
Cc1cc(Nc2ccnc(Nc3cccc(-c4nc5ccccc5s4)c3)n2)n[nH]1,1900.0,CHEMBL964945,CHEMBL491686,CHEMBL203
c1cc(Nc2ncnc3[nH]cnc23)cc(-c2nc3ccccc3s2)c1,1700.0,CHEMBL964945,CHEMBL443906,CHEMBL203
COc1cc2ncnc(Nc3ccc(N4Cc5ccccc5C4)cc3)c2cc1OC,1600.0,CHEMBL964945,CHEMBL491677,CHEMBL203
COc1cc2ncnc(Nc3ccc(-c4nc5ccccc5s4)cc3)c2cc1OC,1500.0,CHEMBL964945,CHEMBL473556,CHEMBL203
c1ccc2sc(-c3ccc(Nc4ncnc5[nH]ccc45)cc3)nc2c1,1300.0,CHEMBL964945,CHEMBL518803,CHEMBL203
Clc1ccc2c(Nc3ccc(-c4nc5ccccc5s4)c(Cl)c3)ncnc2c1,800.0,CHEMBL964945,CHEMBL514016,CHEMBL203
COc1cc(Nc2ncnc3[nH]ccc23)ccc1-c1nc2ccccc2s1,720.0,CHEMBL964945,CHEMBL462162,CHEMBL203
O=C(NC(=S)Nc1ccc(O)c(-c2nc3ccccc3s2)c1)c1ccc([N+](=O)[O-])cc1,280.0,CHEMBL964945,CHEMBL460746,CHEMBL203
COc1cc2ncnc(Nc3ccc(-c4nc5ccccc5s4)cc3C)c2cc1OC,240.0,CHEMBL964945,CHEMBL514942,CHEMBL203
COc1cc2ncnc(Nc3ccc(-c4nc5ccccc5s4)c(OC)c3)c2cc1OC,63.0,CHEMBL964945,CHEMBL473553,CHEMBL203
COc1cc2ncnc(Nc3ccc(F)c(Cl)c3)c2cc1OC,1.0,CHEMBL964945,CHEMBL301018,CHEMBL203
Nc1ncnc2c1c(-c1ccc3nc(Cc4ccccc4)[nH]c3c1)nn2[C@H]1CC[C@H](N2CCOCC2)CC1,270.0,CHEMBL964130,CHEMBL249496,CHEMBL203
Nc1ncnc2c1c(-c1ccc3nc(Cc4cccs4)[nH]c3c1)nn2[C@H]1CC[C@H](N2CCOCC2)CC1,361.0,CHEMBL964130,CHEMBL248877,CHEMBL203
Nc1ncnc2c1c(-c1ccc3nc(Cc4ccccc4Cl)[nH]c3c1)nn2[C@H]1CC[C@H](N2CCOCC2)CC1,65.0,CHEMBL964130,CHEMBL251732,CHEMBL203
COc1ccccc1Cc1nc2ccc(-c3nn([C@H]4CC[C@H](N5CCOCC5)CC4)c4ncnc(N)c34)cc2[nH]1,58.0,CHEMBL964130,CHEMBL437584,CHEMBL203
COc1ccccc1Cc1nc2ccc(-c3nn([C@H]4CC[C@H](N5CCNCC5)CC4)c4ncnc(N)c34)cc2[nH]1,30.0,CHEMBL964130,CHEMBL455208,CHEMBL203
COc1ccccc1Cc1nc2ccc(-c3nn([C@H]4CC[C@H](N5CCN(C(C)=O)CC5)CC4)c4ncnc(N)c34)cc2[nH]1,130.0,CHEMBL964130,CHEMBL452717,CHEMBL203
CCOC(=O)N1CCN([C@H]2CC[C@H](n3nc(-c4ccc5nc(Cc6ccccc6OC)[nH]c5c4)c4c(N)ncnc43)CC2)CC1,30.0,CHEMBL964130,CHEMBL503638,CHEMBL203
COc1ccccc1Cc1nc2ccc(-c3nn([C@H]4CC[C@H](N5CCN(C(=O)N(C)C)CC5)CC4)c4ncnc(N)c34)cc2[nH]1,25.0,CHEMBL964130,CHEMBL448628,CHEMBL203
COCCCN1CCN([C@H]2CC[C@H](n3nc(-c4ccc5nc(Cc6ccccc6OC)[nH]c5c4)c4c(N)ncnc43)CC2)CC1,58.0,CHEMBL964130,CHEMBL443098,CHEMBL203
COc1ccccc1Cc1nc2ccc(-c3nn([C@H]4CC[C@H](N5CCN(CC6CC6)CC5)CC4)c4ncnc(N)c34)cc2[nH]1,3.0,CHEMBL964130,CHEMBL446250,CHEMBL203
Nc1ncnc2c1ncn2CC(=O)c1cccnc1,93000.0,CHEMBL949877,CHEMBL501256,CHEMBL203
Nc1ncnc2c1ncn2CC(=O)c1ccccn1,89000.0,CHEMBL949877,CHEMBL504135,CHEMBL203
Nc1ncnc2c1ncn2CC(=O)c1ccccc1,75000.0,CHEMBL949877,CHEMBL520515,CHEMBL203
Nc1ncnc2ncn(CC(=O)c3c[nH]c4ccccc34)c12,82000.0,CHEMBL949877,CHEMBL485246,CHEMBL203
Nc1ncnc2c1ncn2CC(=O)c1c[nH]c2ccccc12,35000.0,CHEMBL949877,CHEMBL521155,CHEMBL203
CCC(C)/C=C/C(=O)C(=O)/C=C/C=C/C=C/C=C/C=C/C=C/[C@@H]1C[C@@H](O)[C@H](C(=O)O)O1,1600.0,CHEMBL1005068,CHEMBL464721,CHEMBL203
Nc1nc(Nc2cccc(Br)c2)c2cc(CCc3ccccc3)[nH]c2n1,300.0,CHEMBL957461,CHEMBL485320,CHEMBL203
Nc1nc(Nc2ccc(F)c(C(F)(F)F)c2)c2cc(CCc3ccccc3)[nH]c2n1,122000.0,CHEMBL957461,CHEMBL482715,CHEMBL203
Nc1nc(Nc2ccc(Cl)cc2)c2cc(CCc3ccccc3)[nH]c2n1,3180.0,CHEMBL957461,CHEMBL519147,CHEMBL203
Nc1nc(Nc2ccc(Cl)cc2F)c2cc(CCc3ccccc3)[nH]c2n1,1320.0,CHEMBL957461,CHEMBL483313,CHEMBL203
Nc1nc(Nc2ccc(F)c(Cl)c2)c2cc(CCc3ccccc3)[nH]c2n1,22800.0,CHEMBL957461,CHEMBL504416,CHEMBL203
COc1cc2ncnc(Nc3cccc(Br)c3)c2cc1OC,200.0,CHEMBL957461,CHEMBL29197,CHEMBL203
Nc1nc(Nc2cccc(Br)c2)c2cc(CCc3ccc4ccccc4c3)[nH]c2n1,4700.0,CHEMBL957461,CHEMBL484109,CHEMBL203
Nc1nc(Nc2cccc(Br)c2)c2cc(CCc3cccc4ccccc34)[nH]c2n1,4800.0,CHEMBL957461,CHEMBL484108,CHEMBL203
Nc1nc(Nc2cccc(Br)c2)c2cc(CCc3ccccc3Cl)[nH]c2n1,3400.0,CHEMBL957461,CHEMBL482489,CHEMBL203
COc1ccc(CCc2cc3c(Nc4cccc(Br)c4)nc(N)nc3[nH]2)cc1,2200.0,CHEMBL957461,CHEMBL485321,CHEMBL203
Nc1nc(Nc2cccc(Br)c2)c2cc(Cc3ccc4ccccc4c3)[nH]c2n1,1240.0,CHEMBL957461,CHEMBL502015,CHEMBL203
Nc1nc(Nc2cccc(Br)c2)c2cc(Cc3ccccc3Cl)[nH]c2n1,4310.0,CHEMBL957461,CHEMBL499345,CHEMBL203
Nc1nc(Nc2cccc(Br)c2)c2cc(Cc3ccccc3)[nH]c2n1,1670.0,CHEMBL957461,CHEMBL499344,CHEMBL203
COc1cc2c(Oc3ccc(-c4cnc(Cc5ccccc5)n(C)c4=O)cc3F)ccnc2cc1OCCCN1CCOCC1,1700.0,CHEMBL970655,CHEMBL505896,CHEMBL203
COc1cc2c(Oc3ccc(-c4cnc(Nc5ccc(F)cc5)n(C)c4=O)cc3F)ccnc2cc1OCCCN1CCOCC1,1700.0,CHEMBL970655,CHEMBL453737,CHEMBL203
Cc1cc(C2CCN(CCCF)CC2)cc2[nH]c(-c3c(NCCn4cc(Cl)cn4)cc[nH]c3=O)nc12,21000.0,CHEMBL980904,CHEMBL459729,CHEMBL203
Cc1c(C(=O)c2ccc(Cl)cc2)c2ccc(OC(F)(F)F)cc2n1Cc1cccc(O[C@H](C)C(=O)O)c1,2240.0,CHEMBL980757,CHEMBL461571,CHEMBL203
CS(=O)(=O)CCNCc1nc(-c2ccc3ncnc(Nc4ccc(F)c(Cl)c4)c3c2)cs1,34.67,CHEMBL944276,CHEMBL516375,CHEMBL203
CS(=O)(=O)CCNCc1nc(-c2ccc3ncnc(Nc4ccc(OCc5ccccc5)cc4)c3c2)cs1,81.28,CHEMBL944276,CHEMBL473543,CHEMBL203
CS(=O)(=O)CCNCc1nc(-c2ccc3ncnc(Nc4ccc5c(cnn5Cc5ccccc5)c4)c3c2)cs1,70.79,CHEMBL944276,CHEMBL472581,CHEMBL203
CS(=O)(=O)CCNCc1nc(-c2ccc3ncnc(Nc4ccc(OCc5cccc(C(F)(F)F)c5)cc4)c3c2)cs1,537.03,CHEMBL944276,CHEMBL505970,CHEMBL203
CS(=O)(=O)CCNCc1nc(-c2ccc3ncnc(Nc4ccc(OCc5ccccc5)c(Cl)c4)c3c2)cs1,7.943,CHEMBL944276,CHEMBL515082,CHEMBL203
CS(=O)(=O)CCNCc1nc(-c2ccc3ncnc(Nc4ccc(OCc5cccc(F)c5)c(Cl)c4)c3c2)cs1,10.0,CHEMBL944276,CHEMBL453376,CHEMBL203
Oc1ccc2ncnc(Nc3ccc(OCc4ccccc4)cc3)c2c1,97.72,CHEMBL944276,CHEMBL14932,CHEMBL203
CS(=O)(=O)CCN(CCCCOc1ccc2ncnc(Nc3ccc(OCc4ccccc4)cc3)c2c1)C(=O)C(F)(F)F,234.42,CHEMBL944276,CHEMBL273789,CHEMBL203
CS(=O)(=O)CCNCCCCOc1ccc2ncnc(Nc3ccc(OCc4ccccc4)cc3)c2c1,74.13,CHEMBL944276,CHEMBL15346,CHEMBL203
COc1ccc2ncnc(Nc3ccc(OCc4ccccc4)cc3)c2c1,67.61,CHEMBL944276,CHEMBL15202,CHEMBL203
C=CCOc1ccc2ncnc(Nc3ccc(OCc4ccccc4)cc3)c2c1,79.43,CHEMBL944276,CHEMBL540701,CHEMBL203
CS(=O)(=O)CCNCCCOc1ccc2ncnc(Nc3ccc(OCc4ccccc4)cc3)c2c1,104.71,CHEMBL944276,CHEMBL14952,CHEMBL203
CN(CCCOc1ccc2ncnc(Nc3ccc(OCc4ccccc4)cc3)c2c1)CCS(C)(=O)=O,831.76,CHEMBL944276,CHEMBL14874,CHEMBL203
O=C(NCCCCOc1ccc2ncnc(Nc3ccc(OCc4ccccc4)cc3)c2c1)C(F)(F)F,74.13,CHEMBL944276,CHEMBL14627,CHEMBL203
C#Cc1cccc(Nc2ncnc3ccc(OCCCCNCCS(C)(=O)=O)cc23)c1,10.96,CHEMBL944276,CHEMBL517907,CHEMBL203
CS(=O)(=O)CCNCCCCOc1ccc2ncnc(Nc3ccc(F)c(Cl)c3)c2c1,19.95,CHEMBL944276,CHEMBL460731,CHEMBL203
CS(=O)(=O)CCNCCCCOc1ccc2ncnc(Nc3ccc(S(=O)(=O)c4ccccc4)cc3)c2c1,93.33,CHEMBL944276,CHEMBL460732,CHEMBL203
CS(=O)(=O)CCNCCCCOc1ccc2ncnc(Nc3ccc(OCc4cccc(F)c4)c(Cl)c3)c2c1,26.92,CHEMBL944276,CHEMBL514436,CHEMBL203
CS(=O)(=O)CCNCCCCOc1ccc2ncnc(Nc3ccc4c(cnn4Cc4cccc(F)c4)c3)c2c1,23.99,CHEMBL944276,CHEMBL493428,CHEMBL203
Nc1ncnc2nn3ccccc3c12,10000.0,CHEMBL944276,CHEMBL368891,CHEMBL203
Fc1ccc(Nc2ncnc3nn4ccccc4c23)cc1Cl,199.53,CHEMBL944276,CHEMBL181275,CHEMBL203
Fc1cccc(COc2ccc(Nc3ncnc4nn5ccccc5c34)cc2Cl)c1,31.62,CHEMBL944276,CHEMBL182254,CHEMBL203
Clc1cc(Nc2ncnc3nn4ccccc4c23)ccc1OCc1ccccc1,50.12,CHEMBL944276,CHEMBL181742,CHEMBL203
c1ccc(Cc2nc3cc(Nc4ncnc5nn6ccccc6c45)ccc3[nH]2)cc1,5011.87,CHEMBL944276,CHEMBL361322,CHEMBL203
N#Cc1cccc(NC(=O)Nc2ncnc3nn4ccccc4c23)c1,10000.0,CHEMBL944276,CHEMBL178953,CHEMBL203
O=C(Nc1cccc(C(F)(F)F)c1)Nc1ncnc2nn3ccccc3c12,10000.0,CHEMBL944276,CHEMBL178306,CHEMBL203
O=C(Nc1cccc([N+](=O)[O-])c1)Nc1ncnc2nn3ccccc3c12,10000.0,CHEMBL944276,CHEMBL181029,CHEMBL203
O=C(Nc1ccc(Br)cc1)Nc1ncnc2nn3ccccc3c12,10000.0,CHEMBL944276,CHEMBL178488,CHEMBL203
O=C(Nc1ccc(C(F)(F)F)cc1)Nc1ncnc2nn3ccccc3c12,10000.0,CHEMBL944276,CHEMBL179224,CHEMBL203
O=C(Nc1ccc(F)cc1)Nc1ncnc2nn3ccccc3c12,10000.0,CHEMBL944276,CHEMBL359830,CHEMBL203
C=CC(=O)Nc1ccc2ncnc(Cc3cccc(Br)c3)c2c1,0.7079,CHEMBL944276,CHEMBL454383,CHEMBL203
C=CC(=O)Nc1ccc2ncnc(Cc3ccc(CN(C)C)c(Br)c3)c2c1,44.67,CHEMBL944276,CHEMBL510155,CHEMBL203
C=CC(=O)Nc1ccc2ncnc(Cc3ccc(OCCN(C)C)c(Br)c3)c2c1,26.92,CHEMBL944276,CHEMBL510357,CHEMBL203
C=CC(=O)Nc1cc2c(Cc3cccc(Br)c3)ncnc2cc1OCCCN1CCC(C)CC1,1.698,CHEMBL944276,CHEMBL516365,CHEMBL203
C=CC(=O)Nc1cc2c(Cc3cccc(Br)c3)ncnc2cc1OCCCN1CCOCC1,3.631,CHEMBL944276,CHEMBL473747,CHEMBL203
C=CC(=O)Nc1cc2c(Cc3cccc(Br)c3)ncnc2cc1OCCCCN(C)C,3.89,CHEMBL944276,CHEMBL473748,CHEMBL203
C=CC(=O)Nc1cc2c(Cc3cccc(Br)c3)ncnc2cc1OCCCn1ccnc1,3.02,CHEMBL944276,CHEMBL473944,CHEMBL203
C=CC(=O)Nc1cc2c(Cc3cccc(Br)c3)ncnc2cc1SCCCN(CC)CC,0.7762,CHEMBL944276,CHEMBL491676,CHEMBL203
C=CC(=O)Nc1ccc2ncnc(Cc3cccc(C)c3)c2c1,0.4169,CHEMBL944276,CHEMBL522134,CHEMBL203
C=CC(=O)Nc1cc2c(Cc3cccc(C)c3)ncnc2cc1OCCCN1CCC(C)CC1,1.995,CHEMBL944276,CHEMBL492077,CHEMBL203
C=CC(=O)Nc1cc2c(Cc3cccc(C)c3)ncnc2cc1OCCCN1CCOCC1,1.514,CHEMBL944276,CHEMBL489111,CHEMBL203
C=CC(=O)Nc1ccc2ncnc(Cc3ccc(F)c(Br)c3)c2c1,0.6918,CHEMBL944276,CHEMBL521571,CHEMBL203
C=CC(=O)Nc1cc2c(Cc3ccc(F)c(Br)c3)ncnc2cc1OCCCN1CCOCC1,1.82,CHEMBL944276,CHEMBL489107,CHEMBL203
C=CC(=O)Nc1ccc2ncnc(Cc3ccc(F)c(Cl)c3)c2c1,0.7586,CHEMBL944276,CHEMBL447223,CHEMBL203
C=CC(=O)Nc1cc2c(Cc3ccc(F)c(Cl)c3)ncnc2cc1OCCCN1CCOCC1,1.514,CHEMBL944276,CHEMBL489306,CHEMBL203
C=CC(=O)Nc1cc2c(Cc3ccc(F)c(Cl)c3)ncnc2cc1OCCOCCCCO,1.698,CHEMBL944276,CHEMBL522928,CHEMBL203
C=CC(=O)Nc1ccc2ncnc(Cc3ccc(F)c(Cl)c3)c2n1,0.7586,CHEMBL944276,CHEMBL524117,CHEMBL203
C=CC(=O)Nc1nc2c(Cc3ccc(F)c(Cl)c3)ncnc2cc1/C=C/CCN1CCOCC1,0.1585,CHEMBL944276,CHEMBL490496,CHEMBL203
C=CC(=O)Nc1nc2c(Cc3ccc(F)c(Cl)c3)ncnc2cc1CCCCN1CCOCC1,2.692,CHEMBL944276,CHEMBL521601,CHEMBL203
C=CC(=O)Nc1nc2c(Cc3ccc(F)c(Cl)c3)ncnc2cc1OC,0.955,CHEMBL944276,CHEMBL490497,CHEMBL203
C=CC(=O)Nc1nc2c(Cc3ccc(F)c(Cl)c3)ncnc2cc1OCCOC,0.9772,CHEMBL944276,CHEMBL490498,CHEMBL203
C=CC(=O)Nc1nc2c(Cc3ccc(F)c(Cl)c3)ncnc2cc1OCCCN1CCOCC1,1.514,CHEMBL944276,CHEMBL489897,CHEMBL203
C=CC(=O)N(C)c1nc2c(Cc3ccc(F)c(Cl)c3)ncnc2cc1OCCCN1CCOCC1,19.95,CHEMBL944276,CHEMBL490093,CHEMBL203
C=CC(=O)Nc1nc2c(Cc3ccc(F)c(Cl)c3)ncnc2cc1OCCCN1CCC(C)CC1,6.607,CHEMBL944276,CHEMBL448172,CHEMBL203
C=CC(=O)Cc1cc2c(Nc3cccc(Br)c3)ncnc2cn1,0.912,CHEMBL944276,CHEMBL524115,CHEMBL203
C=CC(=O)C(C)c1cc2c(Nc3cccc(Br)c3)ncnc2cn1,0.1698,CHEMBL944276,CHEMBL491083,CHEMBL203
C=C(C)C(=O)Cc1cc2c(Nc3cccc(Br)c3)ncnc2cn1,1.585,CHEMBL944276,CHEMBL508481,CHEMBL203
C=C(C)C(=O)Cc1ccc2ncnc(Nc3cccc(Br)c3)c2c1,1.202,CHEMBL944276,CHEMBL524132,CHEMBL203
C/C=C/C(=O)Cc1cc2c(Nc3cccc(Br)c3)ncnc2cn1,0.5012,CHEMBL944276,CHEMBL501618,CHEMBL203
C/C=C/C(=O)Cc1ccc2ncnc(Nc3cccc(Br)c3)c2c1,0.5495,CHEMBL944276,CHEMBL491085,CHEMBL203
O=C(/C=C\Cl)Cc1cc2c(Nc3cccc(Br)c3)ncnc2cn1,0.6918,CHEMBL944276,CHEMBL522623,CHEMBL203
O=C(/C=C/C(F)(F)F)Cc1ccc2ncnc(Nc3cccc(Br)c3)c2c1,1.738,CHEMBL944276,CHEMBL507827,CHEMBL203
C=C/C=C/C(=O)Cc1cc2c(Nc3cccc(Br)c3)ncnc2cn1,1.096,CHEMBL944276,CHEMBL454370,CHEMBL203
C=C=CC(=O)Cc1ccc2ncnc(Nc3cccc(Br)c3)c2c1,1.585,CHEMBL944276,CHEMBL454371,CHEMBL203
O=C(/C=C/c1ccccc1)Cc1cc2c(Nc3cccc(Br)c3)ncnc2cn1,9.12,CHEMBL944276,CHEMBL509914,CHEMBL203
CC(=O)/C=C/C(=O)Cc1ccc2ncnc(Nc3cccc(Br)c3)c2c1,1.202,CHEMBL944276,CHEMBL455174,CHEMBL203
O=C(O)/C=C/C(=O)Cc1ccc2ncnc(Nc3cccc(Br)c3)c2c1,0.3715,CHEMBL944276,CHEMBL510396,CHEMBL203
CCOC(=O)/C=C/C(=O)Cc1ccc2ncnc(Nc3cccc(Br)c3)c2c1,2.692,CHEMBL944276,CHEMBL454384,CHEMBL203
CCOC(=O)/C=C/C(=O)Cc1cc2c(Nc3cccc(Br)c3)ncnc2cn1,1.514,CHEMBL944276,CHEMBL453378,CHEMBL203
C=CC(=O)C(CCN(C)C)c1cc2c(Nc3cccc(Br)c3)ncnc2cn1,4.169,CHEMBL944276,CHEMBL453379,CHEMBL203
C=CC(=O)C(CCCN1CCOCC1)c1cc2c(Nc3cccc(Br)c3)ncnc2cn1,2.692,CHEMBL944276,CHEMBL510597,CHEMBL203
C=CC(=O)C(CCCN1CCOCC1)c1ccc2ncnc(Nc3cccc(Br)c3)c2c1,3.311,CHEMBL944276,CHEMBL517127,CHEMBL203
CN(C)CCCOC(=O)/C=C/C(=O)Cc1ccc2ncnc(Nc3cccc(Br)c3)c2c1,2.399,CHEMBL944276,CHEMBL461796,CHEMBL203
CN(C)CCCNC(=O)/C=C/C(=O)Cc1ccc2ncnc(Nc3cccc(Br)c3)c2c1,0.4365,CHEMBL944276,CHEMBL461797,CHEMBL203
CN(C)CCCNC(=O)/C=C/C(=O)Cc1cc2c(Nc3cccc(Br)c3)ncnc2cn1,1.096,CHEMBL944276,CHEMBL460743,CHEMBL203
CCN(CC)CCCNC(=O)/C=C/C(=O)Cc1cc2c(Nc3cccc(Br)c3)ncnc2cn1,0.7244,CHEMBL944276,CHEMBL460721,CHEMBL203
O=C(/C=C/C(=O)NCCCN1CCOCC1)Cc1cc2c(Nc3cccc(Br)c3)ncnc2cn1,0.8128,CHEMBL944276,CHEMBL460722,CHEMBL203
O=C(/C=C/C(=O)NCCCn1ccnc1)Cc1cc2c(Nc3cccc(Br)c3)ncnc2cn1,0.5623,CHEMBL944276,CHEMBL460723,CHEMBL203
CC(C(=O)/C=C/C(=O)NCCCN(C)C)c1cc2c(Nc3cccc(Br)c3)ncnc2cn1,1.445,CHEMBL944276,CHEMBL460894,CHEMBL203
O=C(/C=C/C(=O)Nc1cc2c(Nc3ccc(F)c(Cl)c3)ncnc2cn1)NCCCN1CCOCC1,0.6026,CHEMBL944276,CHEMBL138940,CHEMBL203
C=CS(=O)(=O)Nc1cc2c(Nc3cccc(Br)c3)ncnc2cn1,0.7586,CHEMBL944276,CHEMBL139095,CHEMBL203
C=CS(=O)(=O)Nc1ccc2ncnc(Nc3cccc(Br)c3)c2c1,1.413,CHEMBL944276,CHEMBL136511,CHEMBL203
O=S(=O)(CO)Nc1cc2c(Nc3cccc(Br)c3)ncnc2cn1,93.33,CHEMBL944276,CHEMBL503755,CHEMBL203
C=CS(=O)(=O)c1cc2c(Nc3cccc(Br)c3)ncnc2cn1,0.4266,CHEMBL944276,CHEMBL336264,CHEMBL203
C=C[S+]([O-])c1cc2c(Nc3cccc(Br)c3)ncnc2cn1,4.571,CHEMBL944276,CHEMBL345077,CHEMBL203
C=CC(=O)Nc1ccc2c(Nc3cccc(Br)c3)ncnc2c1,0.4467,CHEMBL944276,CHEMBL443523,CHEMBL203
C/C=C/C(=O)Nc1ccc2c(Nc3cccc(Br)c3)ncnc2c1,0.6761,CHEMBL944276,CHEMBL511874,CHEMBL203
O=C(/C=C/CC(=O)Nc1ccc2ncnc(Nc3cccc(Br)c3)c2c1)Nc1ccc2c(Nc3cccc(Br)c3)ncnc2c1,0.4467,CHEMBL944276,CHEMBL447850,CHEMBL203
C=CC(=O)Nc1ccc2c(Nc3cccc(Br)c3)ncnc2c1,0.2512,CHEMBL944276,CHEMBL443523,CHEMBL203
C=CC(=O)Nc1cc2ncnc(Nc3cccc(Cl)c3)c2cn1,0.537,CHEMBL944276,CHEMBL446019,CHEMBL203
C=CC(=O)NC1=CC=C2N=CN=C(Nc3cccc(Cl)c3)C21,1.585,CHEMBL944276,CHEMBL460735,CHEMBL203
C=CC(=O)NC1=CC=C2N=CN=C(Nc3cccc(C)c3)C21,0.4169,CHEMBL944276,CHEMBL474147,CHEMBL203
C=CC(=O)NC1=CC=C2N=CN=C(Nc3cccc(C(F)(F)F)c3)C21,0.912,CHEMBL944276,CHEMBL474342,CHEMBL203
C=CC(=O)NC1=CC=C2N=CN=C(Nc3ccc(Oc4ccccc4)cc3)C21,5.754,CHEMBL944276,CHEMBL474343,CHEMBL203
C=CC(=O)NC1=CC=C2N=CN=C(Nc3ccc(OCc4ccccc4)cc3)C21,3.631,CHEMBL944276,CHEMBL472746,CHEMBL203
C=CC(=O)NC1=NC=C2N=CN=C(Nc3cccc(C)c3)C21,0.4786,CHEMBL944276,CHEMBL516022,CHEMBL203
C=CC(=O)NC1=NC=C2N=CN=C(Nc3ccc(F)c(Br)c3)C21,0.7244,CHEMBL944276,CHEMBL474141,CHEMBL203
C=CC(=O)NC1=NC=C2N=CN=C(Nc3ccc(F)c(Cl)c3)C21,0.7762,CHEMBL944276,CHEMBL516373,CHEMBL203
C=CC(=O)Nc1cc2ncnc(Nc3cccc(Br)c3)c2[nH]1,1.096,CHEMBL944276,CHEMBL474142,CHEMBL203
C=CC(=O)Nc1cc2ncnc(Nc3ccc(F)c(Br)c3)c2[nH]1,1.202,CHEMBL944276,CHEMBL474143,CHEMBL203
Brc1cccc(Nc2ncnc3cc4[nH]ncc4cc23)c1,0.4365,CHEMBL944276,CHEMBL39337,CHEMBL203
Cn1ncc2cc3c(Nc4cccc(Br)c4)ncnc3cc21,0.3715,CHEMBL944276,CHEMBL39320,CHEMBL203
OCC(O)Cn1ncc2cc3c(Nc4cccc(Br)c4)ncnc3cc21,12.02,CHEMBL944276,CHEMBL37543,CHEMBL203
CN(C)CCn1ncc2cc3c(Nc4cccc(Br)c4)ncnc3cc21,39.81,CHEMBL944276,CHEMBL287832,CHEMBL203
O=C(CCn1ncc2cc3c(Nc4cccc(Br)c4)ncnc3cc21)N1CCOCC1,3.715,CHEMBL944276,CHEMBL474341,CHEMBL203
O=C(O)Cn1ncc2cc3c(Nc4cccc(Br)c4)ncnc3cc21,52.48,CHEMBL944276,CHEMBL36819,CHEMBL203
Brc1cccc(Nc2ncnc3cc4c(cc23)CN4)c1,0.4365,CHEMBL944276,CHEMBL447331,CHEMBL203
CN1Cc2cc3c(Nc4cccc(Br)c4)ncnc3cc21,0.7943,CHEMBL944276,CHEMBL489112,CHEMBL203
OCC(O)CN1Cc2cc3c(Nc4cccc(Br)c4)ncnc3cc21,1.585,CHEMBL944276,CHEMBL521572,CHEMBL203
CN(C)CCN1Cc2cc3c(Nc4cccc(Br)c4)ncnc3cc21,40.74,CHEMBL944276,CHEMBL489117,CHEMBL203
CN(C)CCCN1Cc2cc3c(Nc4cccc(Br)c4)ncnc3cc21,20.89,CHEMBL944276,CHEMBL489312,CHEMBL203
O=C(CCN1Cc2cc3c(Nc4cccc(Br)c4)ncnc3cc21)N1CCOCC1,3.715,CHEMBL944276,CHEMBL489313,CHEMBL203
O=C(CCCN1Cc2cc3c(Nc4cccc(Br)c4)ncnc3cc21)N1CCOCC1,8.71,CHEMBL944276,CHEMBL489307,CHEMBL203
O=C(O)CN1Cc2cc3c(Nc4cccc(Br)c4)ncnc3cc21,5.129,CHEMBL944276,CHEMBL489308,CHEMBL203
OCCN(CCO)Cc1c[nH]c2cc3ncnc(Nc4cccc(Br)c4)c3cc12,3.467,CHEMBL944276,CHEMBL36164,CHEMBL203
CN(C)Cc1c[nH]c2cc3ncnc(Nc4cccc(Br)c4)c3cc12,2.57,CHEMBL944276,CHEMBL287007,CHEMBL203
O=C(Cc1c[nH]c2cc3ncnc(Nc4cccc(Br)c4)c3cc12)N1CCOCC1,4.786,CHEMBL944276,CHEMBL489501,CHEMBL203
CN(C)CCN(C)Cc1c[nH]c2cc3ncnc(Nc4cccc(Br)c4)c3cc12,7.586,CHEMBL944276,CHEMBL39811,CHEMBL203
COC(=O)CN(C)Cc1c[nH]c2cc3ncnc(Nc4cccc(Br)c4)c3cc12,3.388,CHEMBL944276,CHEMBL39715,CHEMBL203
CN(CC(=O)O)Cc1c[nH]c2cc3ncnc(Nc4cccc(Br)c4)c3cc12,0.7244,CHEMBL944276,CHEMBL289213,CHEMBL203
Nc1cc2ncnc(Nc3cccc(Br)c3)c2cn1,10.0,CHEMBL944276,CHEMBL52076,CHEMBL203
CNc1cc2ncnc(Nc3cccc(Br)c3)c2cn1,0.1288,CHEMBL944276,CHEMBL54400,CHEMBL203
CN(C)c1cc2ncnc(Nc3cccc(Br)c3)c2cn1,0.08913,CHEMBL944276,CHEMBL53428,CHEMBL203
OCCNc1cc2ncnc(Nc3cccc(Br)c3)c2cn1,0.2399,CHEMBL944276,CHEMBL127041,CHEMBL203
CN(CCO)c1cc2ncnc(Nc3cccc(Br)c3)c2cn1,2.57,CHEMBL944276,CHEMBL341319,CHEMBL203
OCC(O)CNc1cc2ncnc(Nc3cccc(Br)c3)c2cn1,0.912,CHEMBL944276,CHEMBL126372,CHEMBL203
CN(CC(O)CO)c1cc2ncnc(Nc3cccc(Br)c3)c2cn1,3.236,CHEMBL944276,CHEMBL340700,CHEMBL203
OCC(CO)Nc1cc2ncnc(Nc3cccc(Br)c3)c2cn1,14.13,CHEMBL944276,CHEMBL125568,CHEMBL203
OCCN(CCO)c1cc2ncnc(Nc3cccc(Br)c3)c2cn1,12.02,CHEMBL944276,CHEMBL128759,CHEMBL203
OCC(O)C(O)C(O)C(O)CNc1cc2ncnc(Nc3cccc(Br)c3)c2cn1,4.786,CHEMBL944276,CHEMBL129579,CHEMBL203
CN(CC(O)C(O)C(O)C(O)CO)c1cc2ncnc(Nc3cccc(Br)c3)c2cn1,3.236,CHEMBL944276,CHEMBL127611,CHEMBL203
CN(C)CCNc1cc2ncnc(Nc3cccc(Br)c3)c2cn1,44.67,CHEMBL944276,CHEMBL128432,CHEMBL203
CN(C)CCCNc1cc2ncnc(Nc3cccc(Br)c3)c2cn1,8.71,CHEMBL944276,CHEMBL126893,CHEMBL203
CN(C)CCCCNc1cc2ncnc(Nc3cccc(Br)c3)c2cn1,7.413,CHEMBL944276,CHEMBL129825,CHEMBL203
CN(C)CCCCCNc1cc2ncnc(Nc3cccc(Br)c3)c2cn1,8.318,CHEMBL944276,CHEMBL129824,CHEMBL203
CN(C)CCN(C)c1cc2ncnc(Nc3cccc(Br)c3)c2cn1,39.81,CHEMBL944276,CHEMBL126137,CHEMBL203
Brc1cccc(Nc2ncnc3cc(NCCN4CCOCC4)ncc23)c1,3.236,CHEMBL944276,CHEMBL128987,CHEMBL203
Brc1cccc(Nc2ncnc3cc(NCCCN4CCOCC4)ncc23)c1,1.905,CHEMBL944276,CHEMBL126623,CHEMBL203
Brc1cccc(Nc2ncnc3cc(NCCCCN4CCOCC4)ncc23)c1,5.37,CHEMBL944276,CHEMBL126384,CHEMBL203
[O-][N+]1(CCCNc2cc3ncnc(Nc4cccc(Br)c4)c3cn2)CCOCC1,0.7413,CHEMBL944276,CHEMBL339416,CHEMBL203
CN1CCN(CCCNc2cc3ncnc(Nc4cccc(Br)c4)c3cn2)CC1,4.898,CHEMBL944276,CHEMBL340484,CHEMBL203
OCCN(CCO)CCNc1cc2ncnc(Nc3cccc(Br)c3)c2cn1,9.12,CHEMBL944276,CHEMBL435993,CHEMBL203
OCCN(CCO)CCCNc1cc2ncnc(Nc3cccc(Br)c3)c2cn1,1.202,CHEMBL944276,CHEMBL127058,CHEMBL203
NNc1cc2ncnc(Nc3cccc(Br)c3)c2cn1,7.079,CHEMBL944276,CHEMBL340508,CHEMBL203
Brc1cccc(Nc2ncnc3cc(NCCCn4ccnc4)ncc23)c1,0.5129,CHEMBL944276,CHEMBL126791,CHEMBL203
Brc1cccc(Nc2ncnc3cc(NCCc4c[nH]cn4)ncc23)c1,0.912,CHEMBL944276,CHEMBL338114,CHEMBL203
O=C(O)CNc1cc2ncnc(Nc3cccc(Br)c3)c2cn1,1.514,CHEMBL944276,CHEMBL338175,CHEMBL203
O=C(O)CCNc1cc2ncnc(Nc3cccc(Br)c3)c2cn1,0.6026,CHEMBL944276,CHEMBL127086,CHEMBL203
O=C(O)CCCNc1cc2ncnc(Nc3cccc(Br)c3)c2cn1,0.2818,CHEMBL944276,CHEMBL128468,CHEMBL203
CN(CC(=O)O)c1cc2ncnc(Nc3cccc(Br)c3)c2cn1,15.85,CHEMBL944276,CHEMBL126903,CHEMBL203
O=S(=O)(O)CCNc1cc2ncnc(Nc3cccc(Br)c3)c2cn1,1.413,CHEMBL944276,CHEMBL128467,CHEMBL203
CNc1cc2ncnc(Nc3cccc(C)c3)c2cn1,1.413,CHEMBL944276,CHEMBL127082,CHEMBL203
Cc1cccc(Nc2ncnc3cc(NCCCCN(C)C)ncc23)c1,5.37,CHEMBL944276,CHEMBL338215,CHEMBL203
Cc1cccc(Nc2ncnc3cc(NCCCN4CCOCC4)ncc23)c1,9.333,CHEMBL944276,CHEMBL129509,CHEMBL203
Cc1cccc(Nc2ncnc3cc(NCCCN4CCN(C)CC4)ncc23)c1,5.623,CHEMBL944276,CHEMBL341522,CHEMBL203
Cc1cccc(Nc2ncnc3cc(NCCCn4ccnc4)ncc23)c1,3.467,CHEMBL944276,CHEMBL340898,CHEMBL203
Cc1cccc(Nc2ncnc3cc(NCCc4c[nH]cn4)ncc23)c1,7.244,CHEMBL944276,CHEMBL340399,CHEMBL203
COC[C@H]1Oc2cc3ncnc(Nc4cccc(Cl)c4)c3cc2O[C@@H]1COC,10.08,CHEMBL944276,CHEMBL461792,CHEMBL203
COC[C@H]1Oc2cc3ncnc(Nc4cccc(I)c4)c3cc2O[C@@H]1COC,1.66,CHEMBL944276,CHEMBL516979,CHEMBL203
CN(N)C/C=C/C(=O)Nc1cc2c(Nc3cccc(Br)c3)ccnc2cn1,8.6,CHEMBL944276,CHEMBL460736,CHEMBL203
COc1cc2ncnc(Nc3ccc(F)c(Cl)c3)c2cc1CN1CC[C@@H](C(N)=O)C1,6.0,CHEMBL944276,CHEMBL461795,CHEMBL203
COc1cc2ncnc(Nc3ccc(F)c(Cl)c3)c2cc1CNC(=O)[C@H]1CCCCN1C,8.0,CHEMBL944276,CHEMBL461967,CHEMBL203
COc1cc2ncnc(Nc3ccc(F)c(Cl)c3)c2cc1CN(C)[C@H](C)C(N)=O,9.0,CHEMBL944276,CHEMBL517130,CHEMBL203
COc1cc2ncnc(Nc3ccc(F)c(Cl)c3)c2cc1CN(C)[C@@H](C)C(N)=O,8.0,CHEMBL944276,CHEMBL461968,CHEMBL203
CC#CC(=O)Nc1ccc2ncnc(Nc3cccc(Br)c3)c2c1,8.0,CHEMBL944276,CHEMBL91867,CHEMBL203
CN(C)CC#CC(=O)Nc1ccc2ncnc(Nc3cccc(Br)c3)c2c1,6.0,CHEMBL944276,CHEMBL329856,CHEMBL203
C=CC(=O)Nc1ccc2ncnc(Nc3cccc(Br)c3)c2c1,2.0,CHEMBL944276,CHEMBL285063,CHEMBL203
CCOc1cc2nccc(Nc3cccc(Br)c3)c2cc1NC(=O)/C=C/CN1CCOCC1,10320.0,CHEMBL944276,CHEMBL473141,CHEMBL203
COc1cc(NC(=O)/C=C/CN2CCOCC2)cc2c(Nc3cccc(Br)c3)ccnc12,5390.0,CHEMBL944276,CHEMBL472743,CHEMBL203
COc1cc2nccc(Nc3ccc(F)c(Cl)c3)c2cc1NC(=O)/C=C/CN1CCOCC1,13570.0,CHEMBL944276,CHEMBL472942,CHEMBL203
COc1cc2nccc(Nc3ccc(F)c(Cl)c3)c2cc1NC(=O)/C=C/C(C)N(C)C,5220.0,CHEMBL944276,CHEMBL472943,CHEMBL203
COc1cc2nccc(Nc3ccc(F)c(Cl)c3)c2cc1NC(=O)/C=C/C(C)N1CCOCC1,10590.0,CHEMBL944276,CHEMBL514771,CHEMBL203
C/C=C/C(=O)Nc1cc2c(Nc3ccc(F)c(Cl)c3)ccnc2cc1CC,7500.0,CHEMBL944276,CHEMBL490687,CHEMBL203
FC(F)(F)c1ccc(-n2cnnc2SCc2nc(COc3c(Cl)cccc3Cl)no2)cc1,6300.0,CHEMBL944276,CHEMBL461781,CHEMBL203
CS(=O)(=O)CCNCc1ccc(-c2ccc3ncnc(Nc4ccc(OCc5cccc(F)c5)c(Cl)c4)c3c2)o1,17.0,CHEMBL944276,CHEMBL554,CHEMBL203
COc1cc2ncnc(Nc3ccc(F)c(Cl)c3)c2cc1OCCCN1CCOCC1,22.0,CHEMBL944276,CHEMBL939,CHEMBL203
COc1cc2ncnc(Nc3cccc(C)c3)c2cc1OC,4.6,CHEMBL944276,CHEMBL56802,CHEMBL203
CCOC(=O)c1ccc(N2CCOCC2)c(NS(=O)(=O)c2cc(Br)c(Cl)s2)c1,11100.0,CHEMBL944276,CHEMBL461782,CHEMBL203
NC[C@H](Cc1cccc(F)c1)NC(=O)c1cc(Br)c(-c2ccnc3[nH]ccc23)s1,10000.0,CHEMBL959256,CHEMBL523586,CHEMBL203
Fc1ccc(Nc2ncnc3nc(Nc4ccc(CN5CCCC5)cc4)sc23)cc1Cl,4.0,CHEMBL987693,CHEMBL470219,CHEMBL203
CCc1nccn1Cc1ccc(Nc2nc3ncnc(Nc4ccc(F)c(Cl)c4)c3s2)cc1,6.0,CHEMBL987693,CHEMBL471058,CHEMBL203
NS(=O)(=O)c1ccc(Nc2nc3ncnc(Nc4cccc(Cl)c4)c3s2)cc1,7.0,CHEMBL987693,CHEMBL513418,CHEMBL203
NS(=O)(=O)c1ccc(Nc2nc3ncnc(Nc4ccc(F)c(Cl)c4)c3s2)cc1,9.0,CHEMBL987693,CHEMBL469355,CHEMBL203
CN1CCN(Cc2ccc(Nc3nc4ncnc(Nc5ccc(OCc6cccc(F)c6)c(Cl)c5)c4s3)cc2)CC1,9.0,CHEMBL987693,CHEMBL503418,CHEMBL203
NS(=O)(=O)c1ccc(Nc2nc3ncnc(Nc4cccc(Br)c4)c3s2)cc1,10.0,CHEMBL987693,CHEMBL469354,CHEMBL203
Fc1ccc(Nc2ncnc3nc(Nc4ccc(CN5CCCCC5)cc4)sc23)cc1Cl,10.0,CHEMBL987693,CHEMBL470011,CHEMBL203
OC[C@@H]1CCCN1Cc1ccc(Nc2nc3ncnc(Nc4ccc(F)c(Cl)c4)c3s2)cc1,11.0,CHEMBL987693,CHEMBL511990,CHEMBL203
CN(C)Cc1ccc(Nc2nc3ncnc(Nc4ccc(F)c(Cl)c4)c3s2)cc1,12.0,CHEMBL987693,CHEMBL513208,CHEMBL203
Fc1ccc(Nc2ncnc3nc(Nc4ccc(CN5CCOCC5)cc4)sc23)cc1Cl,12.0,CHEMBL987693,CHEMBL511637,CHEMBL203
CN(C)CCc1ccc(Nc2nc3ncnc(Nc4ccc(F)c(Cl)c4)c3s2)cc1,13.0,CHEMBL987693,CHEMBL470218,CHEMBL203
Cc1cccc(Nc2ncnc3nc(Nc4ccc(S(N)(=O)=O)cc4)sc23)c1,14.0,CHEMBL987693,CHEMBL513362,CHEMBL203
Fc1ccc(Nc2ncnc3nc(Nc4ccc(CCN5CCOCC5)cc4)sc23)cc1Cl,15.0,CHEMBL987693,CHEMBL470012,CHEMBL203
COCCN(CCOC)S(=O)(=O)c1ccc(Nc2nc3ncnc(Nc4ccc(F)c(Cl)c4)c3s2)cc1,25.0,CHEMBL987693,CHEMBL470010,CHEMBL203
Clc1cccc(Nc2ncnc3nc(Nc4ccccc4)sc23)c1,27.0,CHEMBL987693,CHEMBL470003,CHEMBL203
C#Cc1cccc(Nc2ncnc3nc(Nc4ccc(CN5CCOCC5)cc4)sc23)c1,43.0,CHEMBL987693,CHEMBL470391,CHEMBL203
Fc1ccc(Nc2ncnc3nc(Nc4ccccc4)sc23)cc1Cl,59.0,CHEMBL987693,CHEMBL469997,CHEMBL203
NS(=O)(=O)c1ccc(Nc2nc3ncnc(Nc4ccccc4)c3s2)cc1,82.0,CHEMBL987693,CHEMBL511839,CHEMBL203
NS(=O)(=O)c1ccc(Nc2nc3ncnc(Nc4c(F)cccc4F)c3s2)cc1,187.0,CHEMBL987693,CHEMBL513716,CHEMBL203
Fc1ccc(Nc2ncnc3nc(NCCN4CCOCC4)sc23)cc1Cl,918.0,CHEMBL987693,CHEMBL511623,CHEMBL203
NS(=O)(=O)c1ccc(Nc2nc3ncnc(Nc4ccc(N5CCOCC5)c(Cl)c4)c3s2)cc1,3300.0,CHEMBL987693,CHEMBL469996,CHEMBL203
NS(=O)(=O)c1ccc(Nc2nc3ncnc(Nc4ccc(N5CCOCC5)cc4)c3s2)cc1,17900.0,CHEMBL987693,CHEMBL511449,CHEMBL203
COCCOc1cc2ncnc(Nc3c(Cl)ccc4c3OCO4)c2cc1NC(=O)[C@@H]1CCCN1,7130.0,CHEMBL1022371,CHEMBL523122,CHEMBL203
CN1CCN(CCOc2cc(OC3CCOCC3)c3c(Nc4c(Cl)ccc5c4OCO5)ncnc3c2)CC1,2600.0,CHEMBL1022371,CHEMBL217092,CHEMBL203
Cc1nc(Nc2ncc(C(=O)Nc3c(C)cccc3Cl)s2)cc(N2CCN(CCO)CC2)n1.O,2870.0,CHEMBL1022371,CHEMBL5416410,CHEMBL203
COc1cc(C2=C(c3c[nH]c4ccccc34)C(=O)NC2=O)cc(OC)c1OC,16000.0,CHEMBL957972,CHEMBL201511,CHEMBL203
COc1cc(C2=C(c3cn(COCc4ccccc4)c4ccccc34)CNC2=O)cc(OC)c1OC,14000.0,CHEMBL957972,CHEMBL453336,CHEMBL203
COc1cc(C2=C(c3cn(COC(C)(C)C)c4ccccc34)CNC2=O)cc(OC)c1OC,9000.0,CHEMBL957972,CHEMBL488646,CHEMBL203
COc1cc(C2=C(c3cn(COCC[Si](C)(C)C)c4ccccc34)CNC2=O)cc(OC)c1OC,22000.0,CHEMBL957972,CHEMBL486437,CHEMBL203
COc1cc(C2=C(c3c[nH]c4ccccc34)CNC2=O)cc(OC)c1OC,23000.0,CHEMBL957972,CHEMBL529663,CHEMBL203
CCN1CCN(CC/C=C/c2ccc3c(Nc4ccc(Sc5nccn5C)c(Cl)c4)c(C#N)cnc3c2)CC1,10.0,CHEMBL991653,CHEMBL489058,CHEMBL203
CCc1cc(Nc2nccc(-c3c(-c4cccc(C(=O)Nc5c(F)cccc5F)c4)nc4ccccn34)n2)c(OC)cc1N1CCC(N2CCN(S(C)(=O)=O)CC2)CC1,22.0,CHEMBL946770,CHEMBL448929,CHEMBL203
COc1cc(N2CCC(N3CCN(S(C)(=O)=O)CC3)CC2)ccc1Nc1nccc(-c2c(-c3cccc(C(=O)Nc4c(F)cccc4F)c3)nc3ccccn23)n1,57.0,CHEMBL946770,CHEMBL507714,CHEMBL203
Cc1[nH]c(/C=C2\C(=O)Nc3ccc(C(=O)NNc4ccccc4)cc32)c(C)c1CCC(=O)O,3480.0,CHEMBL1028056,CHEMBL480356,CHEMBL203
CS(=O)(=O)CCNCc1ccc(-c2ccc3ncnc(Nc4ccc(OCc5cccc(F)c5)c(Cl)c4)c3c2)o1.Cc1ccc(S(=O)(=O)O)cc1.Cc1ccc(S(=O)(=O)O)cc1.O,11.0,CHEMBL1028080,CHEMBL1201179,CHEMBL203
Fc1cccc(COc2ccc(Nc3ncnc4cc(-c5ccco5)sc34)cc2Cl)c1,10.0,CHEMBL1028080,CHEMBL479800,CHEMBL203
CN(C)Cc1ccc(-c2cc3ncnc(Nc4ccc(OCc5cccc(F)c5)c(Cl)c4)c3s2)o1,2.0,CHEMBL1028080,CHEMBL475594,CHEMBL203
CN1CCN(Cc2ccc(-c3cc4ncnc(Nc5ccc(OCc6cccc(F)c6)c(Cl)c5)c4s3)o2)CC1,5.0,CHEMBL1028080,CHEMBL475761,CHEMBL203
OCc1ccc(-c2cc3ncnc(Nc4ccc(OCc5cccc(F)c5)c(Cl)c4)c3s2)o1,3.0,CHEMBL1028080,CHEMBL473428,CHEMBL203
N#CCNCc1ccc(-c2cc3ncnc(Nc4ccc(OCc5cccc(F)c5)c(Cl)c4)c3s2)o1,3.0,CHEMBL1028080,CHEMBL473429,CHEMBL203
CS(=O)(=O)CCNCc1ccc(-c2cc3ncnc(Nc4ccc(OCc5cccc(F)c5)c(Cl)c4)c3s2)o1,1.0,CHEMBL1028080,CHEMBL475768,CHEMBL203
CS(=O)(=O)CCNCc1cc(-c2cc3ncnc(Nc4ccc(OCc5cccc(F)c5)c(Cl)c4)c3s2)co1,4.0,CHEMBL1028080,CHEMBL475769,CHEMBL203
Fc1cccc(COc2ccc(Nc3ncnc4cc(-c5cccs5)sc34)cc2Cl)c1,8.0,CHEMBL1028080,CHEMBL473427,CHEMBL203
CS(=O)(=O)CCNCc1cc(-c2cc3ncnc(Nc4ccc(OCc5cccc(F)c5)c(Cl)c4)c3s2)cs1,3.0,CHEMBL1028080,CHEMBL474431,CHEMBL203
Fc1cccc(COc2ccc(Nc3ncnc4cc(-c5ccc[nH]5)sc34)cc2Cl)c1,68.0,CHEMBL1028080,CHEMBL473436,CHEMBL203
CN(C)Cc1ccc(-c2cc3ncnc(Nc4ccc(OCc5cccc(F)c5)c(Cl)c4)c3s2)[nH]1,4.0,CHEMBL1028080,CHEMBL473437,CHEMBL203
CCNCc1ccc(-c2cc3ncnc(Nc4ccc(OCc5cccc(F)c5)c(Cl)c4)c3s2)[nH]1,6.0,CHEMBL1028080,CHEMBL473438,CHEMBL203
CS(=O)(=O)CCNCc1ccc(-c2cc3ncnc(Nc4ccc(OCc5cccc(F)c5)c(Cl)c4)c3s2)[nH]1,7.0,CHEMBL1028080,CHEMBL475446,CHEMBL203
Fc1cccc(COc2ccc(Nc3ncnc4sc(-c5ccco5)cc34)cc2Cl)c1,15.0,CHEMBL1028080,CHEMBL514938,CHEMBL203
Fc1cccc(COc2ccc(Nc3ncnc4sc(-c5ccc(CNCc6ccccc6)o5)cc34)cc2Cl)c1,54.0,CHEMBL1028080,CHEMBL519757,CHEMBL203
CS(=O)(=O)CCNCc1ccc(-c2cc3c(Nc4ccc(OCc5cccc(F)c5)c(Cl)c4)ncnc3s2)o1,12.0,CHEMBL1028080,CHEMBL480349,CHEMBL203
Fc1cccc(COc2ccc(Nc3ncnc4sc(-c5cccs5)cc34)cc2Cl)c1,9.0,CHEMBL1028080,CHEMBL506414,CHEMBL203
CS(=O)(=O)CCNCc1ccc(-c2cc3c(Nc4ccc(OCc5cccc(F)c5)c(Cl)c4)ncnc3s2)s1,96.0,CHEMBL1028080,CHEMBL481324,CHEMBL203
CS(=O)(=O)CCNCc1cc(-c2cc3c(Nc4ccc(OCc5cccc(F)c5)c(Cl)c4)ncnc3s2)cs1,304.0,CHEMBL1028080,CHEMBL475599,CHEMBL203
Fc1cccc(COc2ccc(Nc3ncnc4sc(-c5ccc[nH]5)cc34)cc2Cl)c1,115.0,CHEMBL1028080,CHEMBL475600,CHEMBL203
CN(C)Cc1ccc(-c2cc3c(Nc4ccc(OCc5cccc(F)c5)c(Cl)c4)ncnc3s2)[nH]1,68.0,CHEMBL1028080,CHEMBL475767,CHEMBL203
CCNCc1ccc(-c2cc3c(Nc4ccc(OCc5cccc(F)c5)c(Cl)c4)ncnc3s2)[nH]1,121.0,CHEMBL1028080,CHEMBL480348,CHEMBL203
CS(=O)(=O)CCNCc1ccc(-c2cc3c(Nc4ccc(OCc5cccc(F)c5)c(Cl)c4)ncnc3s2)[nH]1,138.0,CHEMBL1028080,CHEMBL481331,CHEMBL203
N#C/C(=C\c1ccc(O)c(O)c1)C(N)=S,1310.0,CHEMBL945670,CHEMBL77030,CHEMBL203
COc1cc2ncnc(-c3c[nH]c4ccc(Br)cc34)c2cc1OC,131.0,CHEMBL945670,CHEMBL473320,CHEMBL203
COc1cc2ncnc(-c3c[nH]c4cc(F)c(Cl)cc34)c2cc1OCCCN1CCOCC1,333.0,CHEMBL945670,CHEMBL474524,CHEMBL203
COCCOc1cc2ncnc(-c3c[nH]c4cc(F)c(Cl)cc34)c2cc1OCCOC,472.0,CHEMBL945670,CHEMBL474324,CHEMBL203
COc1cc2ncnc(-c3c[nH]c4cc(F)c(C)cc34)c2cc1OC,533.0,CHEMBL945670,CHEMBL474323,CHEMBL203
COc1cc2ncnc(-c3c[nH]c4cc(F)c(Cl)cc34)c2cc1OC,209.0,CHEMBL945670,CHEMBL515401,CHEMBL203
COc1cc2ncnc(Nc3ccc(F)c(Cl)c3)c2cc1OCCCN1CCOCC1,20.0,CHEMBL946651,CHEMBL939,CHEMBL203
C#Cc1cccc(Nc2ncnc3cc(OCCOC)c(OCCOC)cc23)c1,1.0,CHEMBL946651,CHEMBL553,CHEMBL203
N#C/C(=C\c1ccc(O)c(O)c1)C(N)=S,2400.0,CHEMBL960396,CHEMBL77030,CHEMBL203
N#CC(C#N)=C(N)/C(C#N)=C/c1cc(O)c(O)c(O)c1,800.0,CHEMBL960396,CHEMBL78257,CHEMBL203
CN[C@@H]1C[C@H]2O[C@@](C)([C@@H]1OC)n1c3ccccc3c3c4c(c5c6ccccc6n2c5c31)C(=O)NC4,132.0,CHEMBL972533,CHEMBL388978,CHEMBL203
COc1c(NC(=O)Nc2ccc(-c3ccc(CN4CCOCC4)nc3)c3ccccc23)cc(C(C)(C)C)cc1NS(C)(=O)=O,5400.0,CHEMBL984177,CHEMBL451523,CHEMBL203
O=C(/C=C/c1ccc(O)c(O)c1)c1ccc(O)cc1O,8000.0,CHEMBL970971,CHEMBL128000,CHEMBL203
O=C(/C=C/c1ccc(O)c(O)c1)c1ccc(O[C@@H]2O[C@H](CO)[C@@H](O)[C@H](O)[C@H]2O)c(O)c1O,19000000.0,CHEMBL970971,CHEMBL490510,CHEMBL203
O=C(CCc1ccc(O)cc1)c1c(O)cc(O)cc1O,25000000.0,CHEMBL970971,CHEMBL45068,CHEMBL203
COc1c(O)cc2occ(-c3ccc(O)cc3)c(=O)c2c1O,3300.0,CHEMBL970971,CHEMBL242740,CHEMBL203
Oc1cc2c(cc1O)[C@@H]1c3ccc(O)c(O)c3OC[C@]1(O)C2,3400.0,CHEMBL986505,CHEMBL477197,CHEMBL203
CO/N=C/c1c(N)ncnc1Nc1ccc2c(cnn2Cc2cccc(F)c2)c1,8.0,CHEMBL1007322,CHEMBL255871,CHEMBL203
COc1ccc(/N=C/c2c(N)ncnc2Nc2ccc3c(cnn3Cc3cccc(F)c3)c2)cc1,49.0,CHEMBL1007322,CHEMBL525725,CHEMBL203
Nc1ncnc(Nc2ccc3c(cnn3Cc3cccc(F)c3)c2)c1/C=N/NCC(F)(F)F,52.0,CHEMBL1007322,CHEMBL497863,CHEMBL203
CN/N=C/c1c(N)ncnc1Nc1ccc2c(cnn2Cc2cccc(F)c2)c1,12.0,CHEMBL1007322,CHEMBL497697,CHEMBL203
COC[C@H]1CCCN1/N=C/c1c(N)ncnc1Nc1ccc2c(cnn2Cc2cccc(F)c2)c1,31.0,CHEMBL1007322,CHEMBL515664,CHEMBL203
COC[C@@H]1CCCN1/N=C/c1c(N)ncnc1Nc1ccc2c(cnn2Cc2cccc(F)c2)c1,26.0,CHEMBL1007322,CHEMBL456758,CHEMBL203
Nc1ncnc(Nc2ccc3c(cnn3Cc3cccc(F)c3)c2)c1/C=N/N1CCN(CCO)CC1,9.0,CHEMBL1007322,CHEMBL514566,CHEMBL203
CN1CCN(/N=C/c2c(N)ncnc2Nc2ccc3c(cnn3Cc3cccc(F)c3)c2)CC1,16.0,CHEMBL1007322,CHEMBL498134,CHEMBL203
Nc1ncnc(Nc2ccc3c(cnn3Cc3cccc(F)c3)c2)c1/C=N/N1CCCCC1,30.0,CHEMBL1007322,CHEMBL524457,CHEMBL203
Nc1ncnc(Nc2ccc3c(cnn3Cc3cccc(F)c3)c2)c1/C=N/N1CCOCC1,16.0,CHEMBL1007322,CHEMBL498133,CHEMBL203
CN(C)/N=C/c1c(N)ncnc1Nc1ccc2c(cnn2Cc2cccc(F)c2)c1,8.0,CHEMBL1007322,CHEMBL497459,CHEMBL203
COc1cc2ncnc(Nc3cccc(Br)c3)c2cc1OC,5.3,CHEMBL984786,CHEMBL29197,CHEMBL203
N=C(Nc1ccccc1)SCCCN1C(=O)C2=C(C1=O)n1ccc3cccc(c31)C1Cc3ccccc3N21,9500.0,CHEMBL962243,CHEMBL487254,CHEMBL203
N=C(N)SCCCn1c(=O)c2c(c1=O)n1c3ccccc3cc1c1cccc3ccn2c31,4600.0,CHEMBL962243,CHEMBL489083,CHEMBL203
CNC(=N)SCCCn1c(=O)c2c(c1=O)n1c3ccccc3cc1c1cccc3ccn2c31,9900.0,CHEMBL962243,CHEMBL488271,CHEMBL203
CN(C)CCOc1ccc(/C=C/c2cc(-c3cc4c(=O)[nH]cnc4[nH]3)ccn2)cc1,3300.0,CHEMBL955786,CHEMBL461140,CHEMBL203
COc1cc2ncnc(Nc3cccc(Br)c3)c2cc1OC,0.025,CHEMBL1016812,CHEMBL29197,CHEMBL203
C=CC(=O)Nc1cc2c(Nc3ccc(F)c(Cl)c3)ncnc2cc1OCCCN1CCOCC1,2.3,CHEMBL1026506,CHEMBL31965,CHEMBL203
N#Cc1cnc2c(Cl)cc(NCc3c[nH]nn3)cc2c1Nc1ccc(F)c(Cl)c1,1000.0,CHEMBL1008385,CHEMBL496388,CHEMBL203
CCCN1CCC(n2cc(CNc3cc(Cl)c4ncc(C#N)c(Nc5ccc(F)c(Cl)c5)c4c3)nn2)CC1,30000.0,CHEMBL1008385,CHEMBL495617,CHEMBL203
N#Cc1cnc2c(Cl)cc(NCc3cn(C4CCN(C5CCC5)CC4)nn3)cc2c1Nc1ccc(F)c(Cl)c1,22000.0,CHEMBL1008385,CHEMBL501709,CHEMBL203
CC(C)N1CCC(n2cc(CNc3cc(Cl)c4ncc(C#N)c(Nc5ccc(F)c(Cl)c5)c4c3)nn2)CC1,22000.0,CHEMBL1008385,CHEMBL523059,CHEMBL203
CCN1CCC(n2cc(CNc3cc(Cl)c4ncc(C#N)c(Nc5ccc(F)c(Cl)c5)c4c3)nn2)CC1,11000.0,CHEMBL1008385,CHEMBL527026,CHEMBL203
N#Cc1cnc2c(Br)cc(NCc3c[nH]nn3)cc2c1Nc1ccc(F)c(Cl)c1,1000.0,CHEMBL1008385,CHEMBL230232,CHEMBL203
O=c1c(O)c(-c2ccc(O)c(O)c2)oc2cc(O)cc(O)c12,900.0,CHEMBL1029460,CHEMBL50,CHEMBL203
CNC(=O)c1nn(C)c2c1C(C)(C)Cc1cnc(Nc3ccc(N4CCN(C)CC4)cc3)nc1-2,3069.0,CHEMBL1058612,CHEMBL564829,CHEMBL203
O=C1NC(=O)N(CCc2ccccc2)/C1=C/c1ccc(O)cc1,19000.0,CHEMBL1059198,CHEMBL213560,CHEMBL203
Cn1c(=O)c(-c2c(Cl)cccc2Cl)cc2cnc(Nc3cccc(CO)c3)nc21,82.0,CHEMBL1060165,CHEMBL327127,CHEMBL203
Cn1c(=O)c(-c2c(Cl)cccc2Cl)cc2cnc(Nc3ccc(F)cc3)nc21,380.0,CHEMBL1060165,CHEMBL574059,CHEMBL203
Cc1cc(Nc2ncc3cc(-c4c(Cl)cccc4Cl)c(=O)n(C)c3n2)ccc1F,390.0,CHEMBL1060165,CHEMBL574058,CHEMBL203
CCC1=C2C(Nc3ccc4c(cnn4Cc4ccccc4)c3)=NC=NC2N=C1NC(=O)OCCN1CCNCC1,21.0,CHEMBL1052827,CHEMBL565714,CHEMBL203
CCC1=C2C(Nc3ccc4c(cnn4Cc4ccccc4)c3)=NC=NC2N=C1NC(=O)O[C@H]1CC[C@H](N)CC1,23.0,CHEMBL1052827,CHEMBL565467,CHEMBL203
CCC1=C2C(Nc3ccc4c(cnn4Cc4cccc(F)c4)c3)=NC=NC2N=C1NC(=O)OC[C@@H]1COCCN1,23.0,CHEMBL1052827,CHEMBL583403,CHEMBL203
CCC1=C2C(Nc3ccc4c(cnn4Cc4ccccc4)c3)=NC=NC2N=C1NC(=O)OCC1CCNCC1,30.0,CHEMBL1052827,CHEMBL583218,CHEMBL203
Cc1c(NC(=O)OC[C@@H]2COCCN2)cn2ncnc(Nc3ccc4c(cnn4Cc4cccc(F)c4)c3)c12,32.0,CHEMBL1052827,CHEMBL1645462,CHEMBL203
CCC1=C2C(Nc3ccc4c(cnn4Cc4ccccc4)c3)=NC=NC2N=C1NC(=O)OC[C@@H]1COCCN1,33.0,CHEMBL1052827,CHEMBL567873,CHEMBL203
CCC1=C2C(Nc3ccc4c(cnn4Cc4ccccc4)c3)=NC=NC2N=C1NC(=O)OCCN1CCCCC1,38.0,CHEMBL1052827,CHEMBL566350,CHEMBL203
CCC1=C2C(Nc3ccc4c(cnn4Cc4ccccc4)c3)=NC=NC2N=C1NC(=O)OCC1CCCNC1,38.0,CHEMBL1052827,CHEMBL584714,CHEMBL203
CCC1=C2C(Nc3ccc4c(cnn4Cc4ccccc4)c3)=NC=NC2N=C1NC(=O)OCCn1ccnc1,40.0,CHEMBL1052827,CHEMBL566337,CHEMBL203
CCC1=C2C(Nc3ccc4c(cnn4Cc4ccccc4)c3)=NC=NC2N=C1NC(=O)OCCC1CCNCC1,44.0,CHEMBL1052827,CHEMBL578044,CHEMBL203
CCC1=C2C(Nc3ccc4c(cnn4Cc4ccccc4)c3)=NC=NC2N=C1NC(=O)OCC1CCCCN1,45.0,CHEMBL1052827,CHEMBL566559,CHEMBL203
CCC1=C2C(Nc3ccc4c(cnn4Cc4ccccc4)c3)=NC=NC2N=C1NC(=O)OCCN1CCOCC1,111.0,CHEMBL1052827,CHEMBL578255,CHEMBL203
CCC1=C2C(Nc3ccc4c(cnn4Cc4ccccc4)c3)=NC=NC2N=C1NC(=O)O[C@H]1CC[C@@](C)(N)CC1,19.0,CHEMBL1052827,CHEMBL567197,CHEMBL203
C=CC(=O)N1CCC[C@H]1C(=O)Nc1cc2c(Nc3cccc(Cl)c3F)ncnc2cc1OCCOC,13.0,CHEMBL1044055,CHEMBL571040,CHEMBL203
C=CC(=O)N1CCC[C@H]1C(=O)Nc1cc2c(Nc3cccc(Cl)c3F)ncnc2cc1OCCOC,24.0,CHEMBL1044057,CHEMBL571040,CHEMBL203
C=CC(=O)N1CCC[C@H]1C(=O)Nc1cc2c(Nc3ccc(F)c(Cl)c3F)ncnc2cc1OCCOC,9.0,CHEMBL1044055,CHEMBL569880,CHEMBL203
CS(=O)(=O)CCNCc1ccc(-c2ccc3ncnc(Nc4ccc(OCc5cccc(F)c5)c(Cl)c4)c3c2)o1,52.0,CHEMBL1044055,CHEMBL554,CHEMBL203
C=CC(=O)N1CCC[C@H]1C(=O)Nc1cc2c(Nc3ccc(F)c(Cl)c3F)ncnc2cc1OCCOC,11.0,CHEMBL1044057,CHEMBL569880,CHEMBL203
COc1cc2ncnc(Nc3ccc(F)c(Cl)c3)c2cc1OCCCN1CCOCC1,33.0,CHEMBL1046364,CHEMBL939,CHEMBL203
CC(=O)OCN(C)/N=N/c1ccc2ncnc(Nc3cccc(Cl)c3)c2c1,240.0,CHEMBL1046364,CHEMBL571809,CHEMBL203
C=COC(=O)N(CCN(C)C)/N=N/c1ccc2ncnc(Nc3cccc(Cl)c3)c2c1,180.0,CHEMBL1046364,CHEMBL572030,CHEMBL203
C=COC(=O)N(C)/N=N/c1ccc2ncnc(Nc3cccc(Cl)c3)c2c1,720.0,CHEMBL1046364,CHEMBL572031,CHEMBL203
CN(/N=N/c1ccc2ncnc(Nc3cccc(Cl)c3)c2c1)C(=O)OCCCl,500.0,CHEMBL1046364,CHEMBL570918,CHEMBL203
CC(=O)OCOC(=O)N(C)/N=N/c1ccc2ncnc(Nc3cccc(Cl)c3)c2c1,630.0,CHEMBL1046364,CHEMBL572028,CHEMBL203
CN(/N=N/c1ccc2ncnc(Nc3cccc(Cl)c3)c2c1)C(=O)OCCl,390.0,CHEMBL1046364,CHEMBL583683,CHEMBL203
CN(/N=N/c1ccc2ncnc(Nc3cccc(Cl)c3)c2c1)C(=O)Oc1ccc([N+](=O)[O-])cc1,770.0,CHEMBL1046364,CHEMBL570709,CHEMBL203
COc1cc2ncnc(Nc3cccc(Br)c3)c2cc1OC,200.0,CHEMBL1038898,CHEMBL29197,CHEMBL203
CCCC(Cc1coc2nc(N)nc(N)c12)c1ccccc1OC,2200.0,CHEMBL1038898,CHEMBL605413,CHEMBL203
COc1ccccc1C(Cc1coc2nc(N)nc(N)c12)C(C)C,18200.0,CHEMBL1038898,CHEMBL595757,CHEMBL203
CCCCC(Cc1coc2nc(N)nc(N)c12)c1ccccc1OC,13400.0,CHEMBL1038898,CHEMBL594790,CHEMBL203
COc1ccccc1C(Cc1coc2nc(N)nc(N)c12)C1CC1,56500.0,CHEMBL1038898,CHEMBL603198,CHEMBL203
COc1ccccc1C(=Cc1coc2nc(=N)[nH]c(N)c12)C(C)C,111400.0,CHEMBL1038898,CHEMBL594810,CHEMBL203
CCCC(=Cc1coc2nc(=N)[nH]c(N)c12)c1ccccc1OC,160300.0,CHEMBL1038898,CHEMBL595497,CHEMBL203
CCCCC(=Cc1coc2nc(=N)[nH]c(N)c12)c1ccccc1OC,529300.0,CHEMBL1038898,CHEMBL604879,CHEMBL203
COc1cc2ncnc(Nc3ccc(-c4nc5ccccc5s4)cc3)c2cc1OC,1500.0,CHEMBL1073378,CHEMBL473556,CHEMBL203
COc1cc2ncnc(Nc3ccc(-c4nc5ccccc5s4)cc3C)c2cc1OC,240.0,CHEMBL1073378,CHEMBL514942,CHEMBL203
COc1cc2ncnc(Nc3ccc(-c4nc5ccccc5s4)cc3O)c2cc1OC,2200.0,CHEMBL1073378,CHEMBL593293,CHEMBL203
COc1cc(-c2nc3ccccc3s2)ccc1Nc1ncnc2cc(OC)c(OC)cc12,63.0,CHEMBL1073378,CHEMBL596059,CHEMBL203
COc1cc2c(Nc3ccc(-c4nc5ccccc5s4)cc3)ncnc2cc1OCCCN1CCN(C)CC1,46.0,CHEMBL1073378,CHEMBL595615,CHEMBL203
COc1cc2c(Nc3ccc(-c4nc5ccccc5s4)cc3C)ncnc2cc1OCCCN1CCN(C)CC1,250.0,CHEMBL1073378,CHEMBL595406,CHEMBL203
COc1cc2c(Nc3ccc(-c4nc5ccccc5s4)cc3O)ncnc2cc1OCCCN1CCN(C)CC1,350.0,CHEMBL1073378,CHEMBL595142,CHEMBL203
COc1cc2c(Nc3ccc(-c4nc5ccccc5s4)cc3F)ncnc2cc1OCCCN1CCN(C)CC1,805.0,CHEMBL1073378,CHEMBL594228,CHEMBL203
COc1cc2c(Nc3ccc(-c4nc5ccccc5s4)c(C)c3)ncnc2cc1OCCCN1CCN(C)CC1,32.0,CHEMBL1073378,CHEMBL596087,CHEMBL203
COc1cc2c(Nc3ccc(-c4nc5ccccc5s4)c(O)c3)ncnc2cc1OCCCN1CCN(C)CC1,110.0,CHEMBL1073378,CHEMBL606466,CHEMBL203
COc1cc2c(Nc3ccc(-c4nc5ccccc5s4)c(OC)c3)ncnc2cc1OCCCN1CCN(C)CC1,2.0,CHEMBL1073378,CHEMBL593860,CHEMBL203
COc1cc2c(Nc3ccc(-c4nc5ccccc5s4)c(F)c3)ncnc2cc1OCCCN1CCN(C)CC1,430.0,CHEMBL1073378,CHEMBL593987,CHEMBL203
COc1cc2c(Nc3ccc(-c4nc5ccccc5s4)c(Cl)c3)ncnc2cc1OCCCN1CCN(C)CC1,16.0,CHEMBL1073378,CHEMBL593274,CHEMBL203
COc1ccc2nc(-c3ccc(Nc4ncnc5cc(OCCCN6CCN(C)CC6)c(OC)cc45)cc3)sc2c1,200.0,CHEMBL1073378,CHEMBL593306,CHEMBL203
COc1cc2c(Nc3ccc(-c4nc5ccc(F)cc5s4)cc3)ncnc2cc1OCCCN1CCN(C)CC1,730.0,CHEMBL1073378,CHEMBL604992,CHEMBL203
COc1cc2c(Nc3ccc(-c4nc5ccc(Cl)cc5s4)cc3)ncnc2cc1OCCCN1CCN(C)CC1,260.0,CHEMBL1073378,CHEMBL593275,CHEMBL203
COc1cc2c(Nc3ccc(-c4nc5ccc(Cl)cc5s4)cc3F)ncnc2cc1OCCCN1CCN(C)CC1,6200.0,CHEMBL1073378,CHEMBL593909,CHEMBL203
COc1cc2c(N(C)c3ccc(-c4nc5ccccc5s4)c(OC)c3)ncnc2cc1OCCCN1CCN(C)CC1,1400.0,CHEMBL1073378,CHEMBL593770,CHEMBL203
COc1cc2ncnc(Nc3ccc(-c4nc5ccccc5s4)cc3)c2cc1OCCCN1CCN(C)CC1,670.0,CHEMBL1073378,CHEMBL593292,CHEMBL203
COc1cc2ncnc(Nc3ccc(-c4nc5ccccc5s4)cc3C)c2cc1OCCCN1CCN(C)CC1,1400.0,CHEMBL1073378,CHEMBL595374,CHEMBL203
COc1cc2ncnc(Nc3ccc(-c4nc5ccccc5s4)cc3O)c2cc1OCCCN1CCN(C)CC1,230.0,CHEMBL1073378,CHEMBL593294,CHEMBL203
COc1cc2ncnc(Nc3ccc(-c4nc5ccccc5s4)cc3F)c2cc1OCCCN1CCN(C)CC1,4500.0,CHEMBL1073378,CHEMBL594661,CHEMBL203
COc1cc2ncnc(Nc3ccc(-c4nc5ccccc5s4)c(O)c3)c2cc1OCCCN1CCN(C)CC1,3300.0,CHEMBL1073378,CHEMBL604485,CHEMBL203
COc1cc2ncnc(Nc3ccc(-c4nc5ccccc5s4)c(OC)c3)c2cc1OCCCN1CCN(C)CC1,15.0,CHEMBL1073378,CHEMBL593911,CHEMBL203
COc1cc2ncnc(Nc3ccc(-c4nc5ccccc5s4)c(F)c3)c2cc1OCCCN1CCN(C)CC1,2300.0,CHEMBL1073378,CHEMBL593760,CHEMBL203
COc1cc2ncnc(Nc3ccc(-c4nc5ccccc5s4)c(Cl)c3)c2cc1OCCCN1CCN(C)CC1,44.0,CHEMBL1073378,CHEMBL604893,CHEMBL203
NCCn1cc(-c2cc(-c3cc4ccccc4s3)c3[nH]ncc3c2)c2nc(N)ncc21,940.0,CHEMBL1072676,CHEMBL590109,CHEMBL203
COc1cc(C2=C(c3c[nH]c4ccc(I)cc34)C(=O)NC2=O)cc(OC)c1OC,1688.0,CHEMBL1070746,CHEMBL597492,CHEMBL203
COc1cc(C2=C(c3c[nH]c4ccc(Br)cc34)C(=O)NC2=O)cc(OC)c1OC,5797.0,CHEMBL1070746,CHEMBL605957,CHEMBL203
COc1cc(C2=C(c3c[nH]c4ccccc34)C(=O)NC2=O)cc(OC)c1OC,10133.0,CHEMBL1070746,CHEMBL201511,CHEMBL203
CCCCCCOC(=O)COc1cc(O)c2c(=O)cc(-c3ccccc3)oc2c1,9120.0,CHEMBL1071732,CHEMBL591213,CHEMBL203
CCCCCCCOC(=O)COc1cc(O)c2c(=O)cc(-c3ccccc3)oc2c1,7230.0,CHEMBL1071732,CHEMBL599524,CHEMBL203
CCCCCCCCOC(=O)COc1cc(O)c2c(=O)cc(-c3ccccc3)oc2c1,5840.0,CHEMBL1071732,CHEMBL603968,CHEMBL203
CCCCCCCCCOC(=O)COc1cc(O)c2c(=O)cc(-c3ccccc3)oc2c1,4960.0,CHEMBL1071732,CHEMBL599145,CHEMBL203
CCCCCCCCCCOC(=O)COc1cc(O)c2c(=O)cc(-c3ccccc3)oc2c1,3110.0,CHEMBL1071732,CHEMBL599728,CHEMBL203
CCCCCCCCCCCCOC(=O)COc1cc(O)c2c(=O)cc(-c3ccccc3)oc2c1,1720.0,CHEMBL1071732,CHEMBL598305,CHEMBL203
CCCCCCCCCCCCCCOC(=O)COc1cc(O)c2c(=O)cc(-c3ccccc3)oc2c1,1010.0,CHEMBL1071732,CHEMBL598306,CHEMBL203
CCCCCCCCCCCCCCCCOC(=O)COc1cc(O)c2c(=O)cc(-c3ccccc3)oc2c1,48.0,CHEMBL1071732,CHEMBL598307,CHEMBL203
CCCCCCCCCCCCCCCCCCOC(=O)COc1cc(O)c2c(=O)cc(-c3ccccc3)oc2c1,692.0,CHEMBL1071732,CHEMBL597096,CHEMBL203
CCCCCCCCCCCCCCCCCCCCOC(=O)COc1cc(O)c2c(=O)cc(-c3ccccc3)oc2c1,1589.0,CHEMBL1071732,CHEMBL591495,CHEMBL203
CCCCCCNC(=O)COc1cc(O)c2c(=O)cc(-c3ccccc3)oc2c1,8710.0,CHEMBL1071732,CHEMBL611681,CHEMBL203
CCCCCCCNC(=O)COc1cc(O)c2c(=O)cc(-c3ccccc3)oc2c1,6280.0,CHEMBL1071732,CHEMBL597303,CHEMBL203
CCCCCCCCNC(=O)COc1cc(O)c2c(=O)cc(-c3ccccc3)oc2c1,5330.0,CHEMBL1071732,CHEMBL597304,CHEMBL203
CCCCCCCCCNC(=O)COc1cc(O)c2c(=O)cc(-c3ccccc3)oc2c1,3580.0,CHEMBL1071732,CHEMBL597708,CHEMBL203
CCCCCCCCCCNC(=O)COc1cc(O)c2c(=O)cc(-c3ccccc3)oc2c1,2140.0,CHEMBL1071732,CHEMBL605337,CHEMBL203
CCCCCCCCCCCCNC(=O)COc1cc(O)c2c(=O)cc(-c3ccccc3)oc2c1,1270.0,CHEMBL1071732,CHEMBL597914,CHEMBL203
CCCCCCCCCCCCCCNC(=O)COc1cc(O)c2c(=O)cc(-c3ccccc3)oc2c1,316.0,CHEMBL1071732,CHEMBL598520,CHEMBL203
CCCCCCCCCCCCCCCCNC(=O)COc1cc(O)c2c(=O)cc(-c3ccccc3)oc2c1,35.0,CHEMBL1071732,CHEMBL601625,CHEMBL203
CCCCCCCCCCCCCCCCCCNC(=O)COc1cc(O)c2c(=O)cc(-c3ccccc3)oc2c1,464.0,CHEMBL1071732,CHEMBL600381,CHEMBL203
CCCCCCCCCCCCCCCCCCCCNC(=O)COc1cc(O)c2c(=O)cc(-c3ccccc3)oc2c1,1350.0,CHEMBL1071732,CHEMBL592153,CHEMBL203
COc1cc2ncnc(Nc3ccc(F)c(Cl)c3)c2cc1OCCCN1CCOCC1,33.0,CHEMBL1071732,CHEMBL939,CHEMBL203
CC(C)c1ccc(NC(=O)c2ccc(N(CCCl)CCCl)cc2)cc1,750.0,CHEMBL1065784,CHEMBL589589,CHEMBL203
COc1ccc(NC(=O)c2ccc(N(CCCl)CCCl)cc2)cc1,80.0,CHEMBL1065784,CHEMBL589588,CHEMBL203
Cc1ccc(NC(=O)c2ccc(N(CCCl)CCCl)cc2)cc1,580.0,CHEMBL1065784,CHEMBL601040,CHEMBL203
O=C(Nc1ccccc1F)c1ccc(N(CCCl)CCCl)cc1,11570.0,CHEMBL1065784,CHEMBL589825,CHEMBL203
O=C(Nc1ccccc1Cl)c1ccc(N(CCCl)CCCl)cc1,9460.0,CHEMBL1065784,CHEMBL592710,CHEMBL203
O=C(Nc1ccccc1Br)c1ccc(N(CCCl)CCCl)cc1,7820.0,CHEMBL1065784,CHEMBL604672,CHEMBL203
O=C(Nc1ccc(F)cc1)c1ccc(N(CCCl)CCCl)cc1,1720.0,CHEMBL1065784,CHEMBL592711,CHEMBL203
O=C(Nc1ccc(Cl)cc1)c1ccc(N(CCCl)CCCl)cc1,1490.0,CHEMBL1065784,CHEMBL589830,CHEMBL203
O=C(Nc1ccc(Br)cc1)c1ccc(N(CCCl)CCCl)cc1,940.0,CHEMBL1065784,CHEMBL589831,CHEMBL203
O=C(Nc1ccc([N+](=O)[O-])cc1)c1ccc(N(CCCl)CCCl)cc1,19260.0,CHEMBL1065784,CHEMBL589832,CHEMBL203
CCCN(CCC)C(=O)c1ccc(N(CCCl)CCCl)cc1,29830.0,CHEMBL1065784,CHEMBL602645,CHEMBL203
CCCCN(CCCC)C(=O)c1ccc(N(CCCl)CCCl)cc1,31180.0,CHEMBL1065784,CHEMBL589119,CHEMBL203
CN(C(=O)c1ccc(N(CCCl)CCCl)cc1)c1ccccc1,14720.0,CHEMBL1065784,CHEMBL589120,CHEMBL203
CCCCNC(=O)c1ccc(N(CCCl)CCCl)cc1,22810.0,CHEMBL1065784,CHEMBL590083,CHEMBL203
CC(C)(C)NC(=O)c1ccc(N(CCCl)CCCl)cc1,31430.0,CHEMBL1065784,CHEMBL589259,CHEMBL203
O=C(NC1CCCC1)c1ccc(N(CCCl)CCCl)cc1,35290.0,CHEMBL1065784,CHEMBL589503,CHEMBL203
O=C(NCc1ccccc1)c1ccc(N(CCCl)CCCl)cc1,17510.0,CHEMBL1065784,CHEMBL589847,CHEMBL203
O=C(Nc1cccc2ccccc12)c1ccc(N(CCCl)CCCl)cc1,90.0,CHEMBL1065784,CHEMBL602728,CHEMBL203
C#Cc1cccc(Nc2ncnc3cc(OCCOC)c(OCCOC)cc23)c1,20.0,CHEMBL1065784,CHEMBL553,CHEMBL203
COc1cc2ncnc(Nc3ccc(F)c(Cl)c3)c2cc1OCCC(=O)NO,7.1,CHEMBL1064921,CHEMBL597551,CHEMBL203
COc1cc2ncnc(Nc3ccc(F)c(Cl)c3)c2cc1OCCCC(=O)NO,7.8,CHEMBL1064921,CHEMBL597752,CHEMBL203
COc1cc2ncnc(Nc3ccc(F)c(Cl)c3)c2cc1OCCCCC(=O)NO,9.4,CHEMBL1064921,CHEMBL596736,CHEMBL203
C#Cc1cccc(Nc2ncnc3cc(OC)c(OCCCCC(=O)NO)cc23)c1,15.0,CHEMBL1064921,CHEMBL599398,CHEMBL203
COc1cc2ncnc(Nc3ccc(F)c(Cl)c3)c2cc1OCCCCCC(=O)NO,3.4,CHEMBL1064921,CHEMBL598163,CHEMBL203
C#Cc1cccc(Nc2ncnc3cc(OC)c(OCCCCCC(=O)NO)cc23)c1,4.6,CHEMBL1064921,CHEMBL598164,CHEMBL203
COc1cc2ncnc(Nc3ccc(F)c(Cl)c3)c2cc1OCCCCCCC(=O)NO,3.1,CHEMBL1064921,CHEMBL598377,CHEMBL203
C#Cc1cccc(Nc2ncnc3cc(OC)c(OCCCCCCC(=O)NO)cc23)c1,2.4,CHEMBL1064921,CHEMBL598797,CHEMBL203
C#Cc1cc(Nc2ncnc3cc(OC)c(OCCCCCCC(=O)NO)cc23)ccc1F,28.8,CHEMBL1064921,CHEMBL598798,CHEMBL203
COc1cc2ncnc(Nc3ccc(OCc4cccc(F)c4)c(Cl)c3)c2cc1OCCCCCCC(=O)NO,9.08,CHEMBL1064921,CHEMBL598799,CHEMBL203
C#Cc1cccc(Nc2ncnc3cc(OCCOC)c(OCCOC)cc23)c1,48.0,CHEMBL1064921,CHEMBL553,CHEMBL203
CS(=O)(=O)CCNCc1ccc(-c2ccc3ncnc(Nc4ccc(OCc5cccc(F)c5)c(Cl)c4)c3c2)o1,11.2,CHEMBL1064921,CHEMBL554,CHEMBL203
O=C(CCCCCCOc1ccc2ncnc(Nc3ccc(F)c(Cl)c3)c2c1)NO,84.2,CHEMBL1064921,CHEMBL604094,CHEMBL203
COCCOc1cc2ncnc(Nc3ccc(F)c(Cl)c3)c2cc1OCCCCCCC(=O)NO,10.4,CHEMBL1064921,CHEMBL597569,CHEMBL203
COc1cc2ncnc(Nc3ccc(F)c(Cl)c3)c2cc1NC(=O)CCCCCCC(=O)NO,2.1,CHEMBL1064921,CHEMBL597773,CHEMBL203
COc1cc2ncnc(Nc3ccc(F)c(Cl)c3)c2cc1SCCCCCCC(=O)NO,1.99,CHEMBL1064921,CHEMBL596754,CHEMBL203
COc1cc2ncnc(Nc3ccc(F)c(Cl)c3)c2cc1S(=O)(=O)CCCCCCC(=O)NO,15.4,CHEMBL1064921,CHEMBL596755,CHEMBL203
COc1cc2ncnc(NCc3ccc(Cl)c(F)c3)c2cc1OCCCCCCC(=O)NO,72.0,CHEMBL1064921,CHEMBL596957,CHEMBL203
COc1cc2ncnc(NCc3ccccc3)c2cc1OCCCCCCC(=O)NO,99.4,CHEMBL1064921,CHEMBL596761,CHEMBL203
COc1cc2ncnc(NCc3ccc(F)cc3)c2cc1OCCCCCCC(=O)NO,268.0,CHEMBL1064921,CHEMBL596964,CHEMBL203
COc1cc2ncnc(N[C@@H](C)c3ccccc3)c2cc1OCCCCCCC(=O)NO,5077.0,CHEMBL1064921,CHEMBL599218,CHEMBL203
COc1cc2ncnc(N[C@H](C)c3ccccc3)c2cc1OCCCCCCC(=O)NO,12.8,CHEMBL1064921,CHEMBL605976,CHEMBL203
COc1cc2ncnc(N[C@@H](C)c3ccc(F)cc3)c2cc1OCCCCCCC(=O)NO,125.6,CHEMBL1064921,CHEMBL598406,CHEMBL203
COc1cc2ncnc(N[C@@H](C)c3ccc(Cl)cc3)c2cc1OCCCCCCC(=O)NO,614.0,CHEMBL1064921,CHEMBL598407,CHEMBL203
COc1cc2c(Nc3ccc(F)c(Cl)c3)ncnc2cc1OCCCCCCC(=O)NO,7.0,CHEMBL1064921,CHEMBL598610,CHEMBL203
C#Cc1cccc(Nc2ncnc3cc(OCCCCCCC(=O)NO)c(OC)cc23)c1,8.2,CHEMBL1064921,CHEMBL598611,CHEMBL203
COc1cc(/C=C2\SC(=N)NC2=O)ccc1OCCCOc1cc(C)cc(C)c1,56000.0,CHEMBL1069630,CHEMBL602890,CHEMBL203
COc1cc(-c2nc(=O)c3c([nH]2)sc2ccc(C)cc23)ccc1OCC(=O)O,2400.0,CHEMBL1069630,CHEMBL599388,CHEMBL203
CN(CCN/N=N/c1ccc2ncnc(Nc3cccc(Cl)c3)c2c1)CCNS(=O)(=O)c1cccc2c(N(C)C)cccc12,600.0,CHEMBL1072146,CHEMBL591897,CHEMBL203
CN(C)c1cccc2c(S(=O)(=O)NCCN/N=N/c3ccc4ncnc(Nc5cccc(Cl)c5)c4c3)cccc12,1400.0,CHEMBL1072146,CHEMBL606413,CHEMBL203
CC(C)c1nsc(C(=O)Nc2ccc3ncnc(Nc4cccc(Br)c4)c3c2)n1,129.0,CHEMBL1072157,CHEMBL606403,CHEMBL203
O=C(COc1c(F)c(F)c(F)c(F)c1F)Nc1ccc2ncnc(Nc3cccc(Br)c3)c2c1,23.6,CHEMBL1072157,CHEMBL597402,CHEMBL203
O=C(COc1ccccc1)Nc1ccc2ncnc(Nc3cccc(Br)c3)c2c1,9.25,CHEMBL1072157,CHEMBL604914,CHEMBL203
O=C(COc1ccc(F)cc1)Nc1ccc2ncnc(Nc3cccc(Br)c3)c2c1,8.43,CHEMBL1072157,CHEMBL597200,CHEMBL203
C=CC(=O)Nc1ccc2ncnc(Nc3cccc(Br)c3)c2c1,1.69,CHEMBL1072157,CHEMBL285063,CHEMBL203
O=C(Nc1ccc2ncnc(Nc3cccc(Br)c3)c2c1)[C@@H]1O[C@H]1CN1CCCCC1,1.24,CHEMBL1072157,CHEMBL598007,CHEMBL203
O=C(Cn1sc2ccccc2c1=O)Nc1ccc2ncnc(Nc3cccc(Br)c3)c2c1,0.85,CHEMBL1072157,CHEMBL599047,CHEMBL203
O=C(O)[C@@H]1O[C@H]1C(=O)Nc1ccc2ncnc(Nc3cccc(Br)c3)c2c1,0.5,CHEMBL1072157,CHEMBL2021575,CHEMBL203
O=C(O)[C@H]1O[C@@H]1C(=O)Nc1ccc2ncnc(Nc3cccc(Br)c3)c2c1,0.49,CHEMBL1072157,CHEMBL2021576,CHEMBL203
O=C(CNC(=O)Oc1ccccc1)Nc1ccc2ncnc(Nc3cccc(Br)c3)c2c1,0.37,CHEMBL1072157,CHEMBL599863,CHEMBL203
O=C(Cn1sccc1=O)Nc1ccc2ncnc(Nc3cccc(Br)c3)c2c1,0.36,CHEMBL1072157,CHEMBL603266,CHEMBL203
O=C(COc1ccccc1)Nc1ccc2ncnc(Nc3cccc(Br)c3)c2c1,292.0,CHEMBL1072161,CHEMBL604914,CHEMBL203
O=C(COc1ccc(F)cc1)Nc1ccc2ncnc(Nc3cccc(Br)c3)c2c1,291.0,CHEMBL1072161,CHEMBL597200,CHEMBL203
N#CCC(=O)Nc1ccc2ncnc(Nc3cccc(Br)c3)c2c1,0.17,CHEMBL1072157,CHEMBL592617,CHEMBL203
C=CC(=O)Nc1ccc2ncnc(Nc3cccc(Br)c3)c2c1,152.0,CHEMBL1072161,CHEMBL285063,CHEMBL203
O=C(O)[C@@H]1O[C@H]1C(=O)Nc1ccc2ncnc(Nc3cccc(Br)c3)c2c1,145.0,CHEMBL1072161,CHEMBL2021575,CHEMBL203
O=C(COc1c(F)c(F)c(F)c(F)c1F)Nc1ccc2ncnc(Nc3cccc(Br)c3)c2c1,84.0,CHEMBL1072160,CHEMBL597402,CHEMBL203
O=C(COc1c(F)c(F)c(F)c(F)c1F)Nc1ccc2ncnc(Nc3cccc(Br)c3)c2c1,78.0,CHEMBL1072161,CHEMBL597402,CHEMBL203
O=C(COc1ccccc1)Nc1ccc2ncnc(Nc3cccc(Br)c3)c2c1,76.0,CHEMBL1072160,CHEMBL604914,CHEMBL203
O=C(O)[C@H]1O[C@@H]1C(=O)Nc1ccc2ncnc(Nc3cccc(Br)c3)c2c1,68.0,CHEMBL1072161,CHEMBL2021576,CHEMBL203
O=C(Nc1ccc2ncnc(Nc3cccc(Br)c3)c2c1)[C@@H]1O[C@H]1CN1CCCCC1,44.0,CHEMBL1072161,CHEMBL598007,CHEMBL203
O=C(O)[C@H]1O[C@@H]1C(=O)Nc1ccc2ncnc(Nc3cccc(Br)c3)c2c1,34.0,CHEMBL1072160,CHEMBL2021576,CHEMBL203
O=C(COc1ccc(F)cc1)Nc1ccc2ncnc(Nc3cccc(Br)c3)c2c1,31.0,CHEMBL1072160,CHEMBL597200,CHEMBL203
Nc1ccc2ncnc(Nc3cccc(Br)c3)c2c1,30.0,CHEMBL1072160,CHEMBL52765,CHEMBL203
C=CC(=O)Nc1ccc2ncnc(Nc3cccc(Br)c3)c2c1,12.0,CHEMBL1072160,CHEMBL285063,CHEMBL203
O=C(O)[C@@H]1O[C@H]1C(=O)Nc1ccc2ncnc(Nc3cccc(Br)c3)c2c1,11.0,CHEMBL1072160,CHEMBL2021575,CHEMBL203
O=C(Nc1ccc2ncnc(Nc3cccc(Br)c3)c2c1)[C@@H]1O[C@H]1CN1CCCCC1,7.0,CHEMBL1072160,CHEMBL598007,CHEMBL203
COc1cc2ncnc(Nc3ccc(F)c(Cl)c3)c2cc1OCCCN1CCOCC1,21.0,CHEMBL1071045,CHEMBL939,CHEMBL203
CCC(=O)Nc1ccc2ncnc(Nc3cccc(Br)c3)c2c1,2.62,CHEMBL1071045,CHEMBL188762,CHEMBL203
C#Cc1cccc(Nc2ncnc3cc(OCCOC)c(OCCOC)cc23)c1,20.3,CHEMBL1071045,CHEMBL553,CHEMBL203
CCCCCCOc1cc2c(Nc3ccc(F)c(Cl)c3)ncnc2cc1OC,106.0,CHEMBL1071045,CHEMBL608860,CHEMBL203
C=CCCCCOc1cc2c(Nc3ccc(F)c(Cl)c3)ncnc2cc1OC,32.6,CHEMBL1071045,CHEMBL589826,CHEMBL203
C=C=CCCCCCOc1cc2c(Nc3ccc(F)c(Cl)c3)ncnc2cc1O,4.45,CHEMBL1071045,CHEMBL590559,CHEMBL203
C#CCCCCCOc1cc2c(Nc3ccc(F)c(Cl)c3)ncnc2cc1OC,32.7,CHEMBL1071045,CHEMBL590558,CHEMBL203
C=C=CCCCCOc1cc2c(Nc3ccc(F)c(Cl)c3)ncnc2cc1O,65.5,CHEMBL1071045,CHEMBL591040,CHEMBL203
C#CCCCCOc1cc2c(Nc3ccc(F)c(Cl)c3)ncnc2cc1OC,87.1,CHEMBL1071045,CHEMBL591039,CHEMBL203
C=C=CCCCOc1cc2c(Nc3ccc(F)c(Cl)c3)ncnc2cc1O,3.16,CHEMBL1071045,CHEMBL591038,CHEMBL203
C#CCCCOc1cc2c(Nc3ccc(F)c(Cl)c3)ncnc2cc1OC,2.53,CHEMBL1071045,CHEMBL592216,CHEMBL203
C=C=CCCCOc1cc2c(Nc3cccc(Cl)c3)ncnc2cc1O,28.5,CHEMBL1071045,CHEMBL592215,CHEMBL203
C#CCCCOc1cc2c(Nc3cccc(Cl)c3)ncnc2cc1OC,17.7,CHEMBL1071045,CHEMBL592713,CHEMBL203
C=C=CCOc1cc2c(Nc3ccc(F)c(Cl)c3)ncnc2cc1O,23.8,CHEMBL1071045,CHEMBL597950,CHEMBL203
C#CCOc1cc2c(Nc3ccc(F)c(Cl)c3)ncnc2cc1OC,14.8,CHEMBL1071045,CHEMBL597949,CHEMBL203
C=C=CCOc1cc2c(Nc3cccc(Cl)c3)ncnc2cc1O,16.9,CHEMBL1071045,CHEMBL609321,CHEMBL203
C#CCOc1cc2c(Nc3cccc(Cl)c3)ncnc2cc1OC,25.9,CHEMBL1071045,CHEMBL597948,CHEMBL203
C#Cc1cccc(Nc2ncnc3cc(OCCOC)c(OCCOC)cc23)c1,30.0,CHEMBL1064820,CHEMBL553,CHEMBL203
O=C1CSC(N/N=C/c2cc(Br)ccc2O)=N1,90.0,CHEMBL1064820,CHEMBL592457,CHEMBL203
O=C1CSC(N/N=C/c2cc(Cl)ccc2O)=N1,560.0,CHEMBL1064820,CHEMBL592480,CHEMBL203
O=C1CSC(N/N=C/c2cc(F)ccc2O)=N1,970.0,CHEMBL1064820,CHEMBL602328,CHEMBL203
O=C1CSC(N/N=C/c2cc(Br)cc(Br)c2O)=N1,1240.0,CHEMBL1064820,CHEMBL590875,CHEMBL203
O=C1CSC(N/N=C/c2cc(Cl)cc(Cl)c2O)=N1,1460.0,CHEMBL1064820,CHEMBL592481,CHEMBL203
O=C1CSC(N/N=C/c2ccc(Br)cc2)=N1,1720.0,CHEMBL1064820,CHEMBL591910,CHEMBL203
O=C1CSC(N/N=C/c2ccc(Cl)cc2)=N1,1940.0,CHEMBL1064820,CHEMBL589823,CHEMBL203
O=C1CSC(N/N=C/c2ccc(F)cc2)=N1,2180.0,CHEMBL1064820,CHEMBL589822,CHEMBL203
Cc1ccc(/C=N/NC2=NC(=O)CS2)cc1,3260.0,CHEMBL1064820,CHEMBL592707,CHEMBL203
O=C1CSC(N/N=C/c2ccc(O)cc2)=N1,4710.0,CHEMBL1064820,CHEMBL590876,CHEMBL203
COc1ccc(/C=N/NC2=NC(=O)CS2)cc1,5780.0,CHEMBL1064820,CHEMBL592708,CHEMBL203
O=C1CSC(N/N=C/c2ccc([N+](=O)[O-])cc2)=N1,6820.0,CHEMBL1064820,CHEMBL604671,CHEMBL203
O=C1CSC(N/N=C/c2cccc(Br)c2)=N1,7460.0,CHEMBL1064820,CHEMBL590524,CHEMBL203
O=C1CSC(N/N=C/c2cccc(Cl)c2)=N1,10780.0,CHEMBL1064820,CHEMBL592139,CHEMBL203
O=C1CSC(N/N=C/c2cccc(F)c2)=N1,13530.0,CHEMBL1064820,CHEMBL590877,CHEMBL203
O=C1CSC(N/N=C/c2cccc(O)c2)=N1,19320.0,CHEMBL1064820,CHEMBL591051,CHEMBL203
Cc1cccc(/C=N/NC2=NC(=O)CS2)c1,23490.0,CHEMBL1064820,CHEMBL590568,CHEMBL203
O=C1CSC(N/N=C/c2cccc([N+](=O)[O-])c2)=N1,26610.0,CHEMBL1064820,CHEMBL591050,CHEMBL203
O=C1CSC(NN=C2CCCCCCC2)=N1,27000.0,CHEMBL1064820,CHEMBL592240,CHEMBL203
COc1cccc(/C=N/NC2=NC(=O)CS2)c1,31250.0,CHEMBL1064820,CHEMBL592141,CHEMBL203
O=C1CSC(NN=C2CCCCCC2)=N1,36000.0,CHEMBL1064820,CHEMBL589165,CHEMBL203
O=C1CSC(NN=C2CCCCC2)=N1,41000.0,CHEMBL1064820,CHEMBL591053,CHEMBL203
CCCCN(Cc1cccc(Cl)c1O)C(=O)Nc1ccccc1,32120.0,CHEMBL1064829,CHEMBL591706,CHEMBL203
Cc1cc(C)c(O)c(CN(Cc2ccc(O)cc2)C(=O)Nc2ccccc2)c1,9260.0,CHEMBL1064829,CHEMBL589068,CHEMBL203
O=C(Nc1ccccc1)N(Cc1ccc(O)cc1)Cc1cc(Br)cc(Br)c1O,1120.0,CHEMBL1064829,CHEMBL601828,CHEMBL203
O=C(Nc1ccccc1)N(Cc1ccc(O)cc1)Cc1cc(Cl)cc(Cl)c1O,1860.0,CHEMBL1064829,CHEMBL590526,CHEMBL203
Cc1cccc(CN(Cc2ccc(O)cc2)C(=O)Nc2ccccc2)c1O,7510.0,CHEMBL1064829,CHEMBL590525,CHEMBL203
O=C(Nc1ccccc1)N(Cc1ccc(O)cc1)Cc1cccc(Br)c1O,1070.0,CHEMBL1064829,CHEMBL590714,CHEMBL203
O=C(Nc1ccccc1)N(Cc1ccc(O)cc1)Cc1cccc(Cl)c1O,960.0,CHEMBL1064829,CHEMBL592211,CHEMBL203
Cc1cc(C)c(O)c(CN(Cc2ccc(F)cc2)C(=O)Nc2ccccc2)c1,27350.0,CHEMBL1064829,CHEMBL592210,CHEMBL203
O=C(Nc1ccccc1)N(Cc1ccc(F)cc1)Cc1cc(Br)cc(Br)c1O,4680.0,CHEMBL1064829,CHEMBL603186,CHEMBL203
O=C(Nc1ccccc1)N(Cc1ccc(F)cc1)Cc1cc(Cl)cc(Cl)c1O,4150.0,CHEMBL1064829,CHEMBL589809,CHEMBL203
Cc1cccc(CN(Cc2ccc(F)cc2)C(=O)Nc2ccccc2)c1O,21710.0,CHEMBL1064829,CHEMBL600048,CHEMBL203
O=C(Nc1ccccc1)N(Cc1ccc(F)cc1)Cc1cccc(Br)c1O,2240.0,CHEMBL1064829,CHEMBL592427,CHEMBL203
O=C(Nc1ccccc1)N(Cc1ccc(F)cc1)Cc1cccc(Cl)c1O,1980.0,CHEMBL1064829,CHEMBL592426,CHEMBL203
CCCCN(Cc1cccc(Br)c1O)C(=O)Nc1ccccc1,36880.0,CHEMBL1064829,CHEMBL590962,CHEMBL203
Oc1c(Cl)cccc1CN(Cc1ccc(F)cc1)C(=S)Nc1ccccc1,670.0,CHEMBL1064829,CHEMBL589560,CHEMBL203
Oc1c(Br)cccc1CN(Cc1ccc(F)cc1)C(=S)Nc1ccccc1,980.0,CHEMBL1064829,CHEMBL589561,CHEMBL203
Cc1cccc(CN(Cc2ccc(F)cc2)C(=S)Nc2ccccc2)c1O,8540.0,CHEMBL1064829,CHEMBL589801,CHEMBL203
Oc1c(Cl)cc(Cl)cc1CN(Cc1ccc(F)cc1)C(=S)Nc1ccccc1,1340.0,CHEMBL1064829,CHEMBL592200,CHEMBL203
Oc1c(Br)cc(Br)cc1CN(Cc1ccc(F)cc1)C(=S)Nc1ccccc1,1760.0,CHEMBL1064829,CHEMBL592201,CHEMBL203
Cc1cc(C)c(O)c(CN(Cc2ccc(F)cc2)C(=S)Nc2ccccc2)c1,19410.0,CHEMBL1064829,CHEMBL592224,CHEMBL203
Oc1ccc(CN(Cc2cccc(Cl)c2O)C(=S)Nc2ccccc2)cc1,80.0,CHEMBL1064829,CHEMBL592466,CHEMBL203
Oc1ccc(CN(Cc2cccc(Br)c2O)C(=S)Nc2ccccc2)cc1,120.0,CHEMBL1064829,CHEMBL604042,CHEMBL203
Cc1cccc(CN(Cc2ccc(O)cc2)C(=S)Nc2ccccc2)c1O,3460.0,CHEMBL1064829,CHEMBL604785,CHEMBL203
Oc1ccc(CN(Cc2cc(Cl)cc(Cl)c2O)C(=S)Nc2ccccc2)cc1,560.0,CHEMBL1064829,CHEMBL591288,CHEMBL203
Oc1ccc(CN(Cc2cc(Br)cc(Br)c2O)C(=S)Nc2ccccc2)cc1,870.0,CHEMBL1064829,CHEMBL592004,CHEMBL203
Cc1cc(C)c(O)c(CN(Cc2ccc(O)cc2)C(=S)Nc2ccccc2)c1,5830.0,CHEMBL1064829,CHEMBL592247,CHEMBL203
CCCCN(Cc1cccc(Cl)c1O)C(=S)Nc1ccccc1,18120.0,CHEMBL1064829,CHEMBL589413,CHEMBL203
CCCCN(Cc1cccc(Br)c1O)C(=S)Nc1ccccc1,22040.0,CHEMBL1064829,CHEMBL606027,CHEMBL203
CCCCN(Cc1cccc(C)c1O)C(=S)Nc1ccccc1,43210.0,CHEMBL1064829,CHEMBL591437,CHEMBL203
CCCCN(Cc1cc(Cl)cc(Cl)c1O)C(=S)Nc1ccccc1,24650.0,CHEMBL1064829,CHEMBL591440,CHEMBL203
CCCCN(Cc1cc(Br)cc(Br)c1O)C(=S)Nc1ccccc1,31940.0,CHEMBL1064829,CHEMBL589590,CHEMBL203
C#Cc1cccc(Nc2ncnc3cc(OCCOC)c(OCCOC)cc23)c1,20.0,CHEMBL1064829,CHEMBL553,CHEMBL203
COc1cc2ncnc(Nc3ccc(F)c(Cl)c3)c2cc1OCCCN1CCOCC1,1.0,CHEMBL1111474,CHEMBL939,CHEMBL203
C#Cc1cccc(Nc2ncnc3cc(OCCOC)c(OCCOC)cc23)c1,2.0,CHEMBL1111474,CHEMBL553,CHEMBL203
C#Cc1cccc(Nc2ncnc3cc(OC)c(OCCCCCCC(=O)NO)cc23)c1,2.4,CHEMBL1111474,CHEMBL598797,CHEMBL203
CS(=O)(=O)CCNCc1ccc(-c2ccc3ncnc(Nc4ccc(OCc5cccc(F)c5)c(Cl)c4)c3c2)o1,10.0,CHEMBL1111474,CHEMBL554,CHEMBL203
COCCCN1CCC([C@H]2CC[C@H](n3nc(-c4ccc5nc(Cc6ccccc6Cl)[nH]c5c4)c4c(N)ncnc43)CC2)CC1,58.0,CHEMBL1111474,CHEMBL2374457,CHEMBL203
COc1ccccc1Cc1nc2ccc(-c3nn([C@H]4CC[C@H](C5CCN(C)CC5)CC4)c4ncnc(N)c34)cc2[nH]1,58.0,CHEMBL1111474,CHEMBL2374458,CHEMBL203
CC1=C(C(=O)Nc2ccc(C)cc2)C(c2ccc(O)cc2O)NC(SCc2ccccc2)=N1,93500.0,CHEMBL1103281,CHEMBL1087054,CHEMBL203
CC1=C(C(=O)Nc2cccc([N+](=O)[O-])c2)C(c2ccc(O)cc2O)NC(SCc2ccccc2)=N1,55600.0,CHEMBL1103281,CHEMBL1087055,CHEMBL203
CC1=C(C(=O)Nc2ccc(C)cc2)C(c2ccc(O)cc2O)NC(NCc2ccccc2)=N1,23500.0,CHEMBL1103281,CHEMBL1088348,CHEMBL203
CC1=C(C(=O)Nc2ccc(C)cc2)C(c2ccc(O)cc2O)NC(Nc2ccc([N+](=O)[O-])cc2Cl)=N1,60900.0,CHEMBL1103281,CHEMBL1084117,CHEMBL203
CC1=C(C(=O)Nc2cccc([N+](=O)[O-])c2)C(c2ccc(O)cc2O)NC(Nc2ccc(S(=O)(=O)Nc3ncccn3)cc2)=N1,88300.0,CHEMBL1103281,CHEMBL1077068,CHEMBL203
CC1=C(C(=O)Nc2cccc([N+](=O)[O-])c2)C(c2ccc(O)cc2O)NC(Nc2ccc(S(=O)(=O)Nc3nc(C)cc(C)n3)cc2)=N1,79800.0,CHEMBL1103281,CHEMBL1077069,CHEMBL203
CC1=C(C(=O)Nc2cccc([N+](=O)[O-])c2)C(c2ccc(O)cc2O)NC(NN)=N1,47900.0,CHEMBL1103281,CHEMBL1077095,CHEMBL203
CC1=C(C(=O)Nc2cccc([N+](=O)[O-])c2)C(c2ccc(O)cc2O)NC(NN2C(=O)/C(=C\c3ccco3)SC2=S)=N1,99300.0,CHEMBL1103281,CHEMBL1077107,CHEMBL203
CC1=C(C(=O)Nc2cccc([N+](=O)[O-])c2)C(c2ccc(O)cc2O)NC(NN2C(=O)/C(=C\c3cccs3)SC2=S)=N1,80600.0,CHEMBL1103281,CHEMBL1077085,CHEMBL203
O=C(Nc1cccc(-c2cn3ccnc3c(NCc3ccncc3)n2)c1)Nc1cccc(C(F)(F)F)c1,50000.0,CHEMBL1109425,CHEMBL1081198,CHEMBL203
CCN(CC)CCNC(=O)c1[nH]c2cnnc(Nc3ccc(OCc4cccc(F)c4)c(Cl)c3)c2c1C,1160.0,CHEMBL1116652,CHEMBL1087368,CHEMBL203
Cc1c(C(=O)NCCCN2CCN(C)CC2)[nH]c2cnnc(Nc3ccc(OCc4cccc(F)c4)c(Cl)c3)c12,980.0,CHEMBL1116652,CHEMBL1081849,CHEMBL203
Cc1c(C(=O)NCCN2CCN(C)CC2)[nH]c2cnnc(Nc3ccc(OCc4cccc(F)c4)c(Cl)c3)c12,257.0,CHEMBL1116652,CHEMBL1082012,CHEMBL203
Cc1c(C(=O)NCCN2CCOCC2)[nH]c2cnnc(Nc3ccc(OCc4cccc(F)c4)c(Cl)c3)c12,12650.0,CHEMBL1116652,CHEMBL1080506,CHEMBL203
Cc1c(C(=O)NCCN2CCOCC2)[nH]c2cnnc(Nc3ccc(OCc4ccccn4)c(Cl)c3)c12,867.0,CHEMBL1116652,CHEMBL1080812,CHEMBL203
CCOC(=O)c1[nH]c(C)c2cnnc(Nc3ccc(OCc4cccc(F)c4)c(Cl)c3)c12,1210.0,CHEMBL1116652,CHEMBL1080990,CHEMBL203
CCN(CC)CCNC(=O)c1cc2cnnc(Nc3ccc(OCc4cccc(F)c4)c(Cl)c3)c2[nH]1,77220.0,CHEMBL1116652,CHEMBL1080271,CHEMBL203
O=C(NCCN1CCCC1)c1cc2cnnc(Nc3ccc(OCc4cccc(F)c4)c(Cl)c3)c2[nH]1,15140.0,CHEMBL1116652,CHEMBL1080272,CHEMBL203
C#Cc1cccc(Nc2ncnc3cc(OCCOC)c(OCCOC)cc23)c1.Cl,420.0,CHEMBL1116652,CHEMBL1079742,CHEMBL203
CS(=O)(=O)CCNCc1ccc(-c2ccc3ncnc(Nc4ccc(OCc5cccc(F)c5)c(Cl)c4)c3c2)o1.Cc1ccc(S(=O)(=O)O)cc1.Cc1ccc(S(=O)(=O)O)cc1.O,140.0,CHEMBL1116652,CHEMBL1201179,CHEMBL203
CCN(CC)CCNC(=O)c1[nH]c2cnnc(Nc3ccc(OCc4cccc(F)c4)c(Cl)c3)c2c1C,1280.0,CHEMBL1116653,CHEMBL1087368,CHEMBL203
Cc1c(C(=O)NCCN2CCOCC2)[nH]c2cnnc(Nc3ccc(OCc4cccc(F)c4)c(Cl)c3)c12,5000.0,CHEMBL1116653,CHEMBL1080506,CHEMBL203
C#Cc1cccc(Nc2ncnc3cc(OCCOC)c(OCCOC)cc23)c1.Cl,15.0,CHEMBL1116653,CHEMBL1079742,CHEMBL203
CS(=O)(=O)CCNCc1ccc(-c2ccc3ncnc(Nc4ccc(OCc5cccc(F)c5)c(Cl)c4)c3c2)o1.Cc1ccc(S(=O)(=O)O)cc1.Cc1ccc(S(=O)(=O)O)cc1.O,19.0,CHEMBL1116653,CHEMBL1201179,CHEMBL203
Clc1cccc(Nc2ncnc3ccc(Cl)cc23)c1,2700.0,CHEMBL1113143,CHEMBL1080815,CHEMBL203
O=C(Nc1cccc(-c2nc3sccn3c2-c2ccncc2)c1)c1ccccc1Cl,240.0,CHEMBL1108837,CHEMBL1091613,CHEMBL203
O=C(Nc1cccc(-c2nc3sccn3c2-c2ccnc(Nc3ccccc3)n2)c1)c1ccccc1Cl,83.0,CHEMBL1108837,CHEMBL1093815,CHEMBL203
O=C(Nc1cccc(-c2nc3sccn3c2-c2ccnc(Nc3ccccc3)n2)c1)c1ccccc1,55.0,CHEMBL1108837,CHEMBL1093234,CHEMBL203
O=[N+]([O-])c1cccc(-c2nc3sccn3c2-c2ccnc(Nc3ccccc3)n2)c1,230.0,CHEMBL1108837,CHEMBL1093235,CHEMBL203
O=C(Nc1cccc(-c2nc3sccn3c2-c2ccnc(Nc3ccc(N4CCOCC4)cc3)n2)c1)c1ccccc1,7.9,CHEMBL1108837,CHEMBL1090350,CHEMBL203
O=C(Nc1cccc(-c2nc3sccn3c2-c2ccnc(Nc3ccc(N4CCOCC4)cc3)n2)c1)c1c(F)cccc1F,1.9,CHEMBL1108837,CHEMBL1090351,CHEMBL203
O=C(CC1CCCCC1)Nc1cccc(-c2nc3sccn3c2-c2ccnc(Nc3ccc(N4CCOCC4)cc3)n2)c1,870.0,CHEMBL1108837,CHEMBL1090352,CHEMBL203
O=C(CC1CCCC1)Nc1cccc(-c2nc3sccn3c2-c2ccnc(Nc3ccc(N4CCOCC4)cc3)n2)c1,660.0,CHEMBL1108837,CHEMBL1090353,CHEMBL203
O=C(Nc1ccccc1)Nc1cccc(-c2nc3sccn3c2-c2ccnc(Nc3ccc(N4CCOCC4)cc3)n2)c1,100.0,CHEMBL1108837,CHEMBL1090354,CHEMBL203
O=C(Nc1cccc(-c2nc3sccn3c2-c2ccnc(Nc3ccc(N4CCOCC4)cc3)n2)c1)Oc1ccccc1,190.0,CHEMBL1108837,CHEMBL1090355,CHEMBL203
O=C(Cc1ccccc1)Nc1cccc(-c2nc3sccn3c2-c2ccnc(Nc3ccc(N4CCOCC4)cc3)n2)c1,63.0,CHEMBL1108837,CHEMBL1090356,CHEMBL203
O=C(Nc1cccc(-c2nc3sccn3c2-c2ccnc(Nc3cccc(N4CCOCC4)c3)n2)c1)c1c(F)cccc1F,6.2,CHEMBL1108837,CHEMBL1088931,CHEMBL203
CN(C)CCc1ccc(Nc2nccc(-c3c(-c4cccc(NC(=O)c5c(F)cccc5F)c4)nc4sccn34)n2)cc1,0.78,CHEMBL1108837,CHEMBL1090357,CHEMBL203
CCN1CCN(c2ccc(Nc3nccc(-c4c(-c5cccc(NC(=O)c6c(F)cccc6F)c5)nc5sccn45)n3)cc2)CC1,0.96,CHEMBL1108837,CHEMBL1090358,CHEMBL203
O=C(Nc1cccc(-c2nc3sccn3c2-c2ccnc(Nc3ccc4c(c3)CCNC4)n2)c1)c1c(F)cccc1F,2.3,CHEMBL1108837,CHEMBL1090359,CHEMBL203
O=C(Cc1ccccc1)Nc1cccc(-c2nc3sccn3c2-c2ccnc(Nc3cccc(N4CCOCC4)c3)n2)c1,56.0,CHEMBL1108837,CHEMBL1090360,CHEMBL203
CN1CCc2cc(Nc3nccc(-c4c(-c5cccc(NC(=O)Cc6ccccc6)c5)nc5sccn45)n3)ccc2C1,57.0,CHEMBL1108837,CHEMBL1090361,CHEMBL203
CCN1CCN(c2ccc(Nc3nccc(-c4c(-c5cccc(NC(=O)Cc6ccccc6)c5)nc5sccn45)n3)cc2)CC1,16.0,CHEMBL1108837,CHEMBL1090362,CHEMBL203
CN(C)CCc1cccc(Nc2nccc(-c3c(-c4cccc(NC(=O)Cc5ccccc5)c4)nc4sccn34)n2)c1,24.0,CHEMBL1108837,CHEMBL1090363,CHEMBL203
O=C(Cc1ccccc1)Nc1cccc(-c2nc3sccn3c2-c2ccnc(Nc3ccc4c(c3)CCNC4)n2)c1,6.4,CHEMBL1108837,CHEMBL1090364,CHEMBL203
CN(C)CCc1ccc(Nc2nccc(-c3c(-c4cccc(NC(=O)c5c(F)cccc5F)c4)nc4sccn34)n2)cc1,220.0,CHEMBL1108835,CHEMBL1090357,CHEMBL203
CCN1CCN(c2ccc(Nc3nccc(-c4c(-c5cccc(NC(=O)c6c(F)cccc6F)c5)nc5sccn45)n3)cc2)CC1,50.0,CHEMBL1108835,CHEMBL1090358,CHEMBL203
O=C(Cc1ccccc1)Nc1cccc(-c2nc3sccn3c2-c2ccnc(Nc3cccc(N4CCOCC4)c3)n2)c1,610.0,CHEMBL1108835,CHEMBL1090360,CHEMBL203
CCN1CCN(c2ccc(Nc3nccc(-c4c(-c5cccc(NC(=O)Cc6ccccc6)c5)nc5sccn45)n3)cc2)CC1,350.0,CHEMBL1108835,CHEMBL1090362,CHEMBL203
O=C(Cc1ccccc1)Nc1cccc(-c2nc3sccn3c2-c2ccnc(Nc3ccc4c(c3)CCNC4)n2)c1,1000.0,CHEMBL1108835,CHEMBL1090364,CHEMBL203
C#Cc1cccc(Nc2ncnc3cc(OCCOC)c(OCCOC)cc23)c1,34.0,CHEMBL1108835,CHEMBL553,CHEMBL203
CS(=O)(=O)CCNCc1ccc(-c2ccc3ncnc(Nc4ccc(OCc5cccc(F)c5)c(Cl)c4)c3c2)o1,52.0,CHEMBL1108835,CHEMBL554,CHEMBL203
Nc1nc(N)c2c(n1)[nH]c1cccc(Sc3ccccc3)c12,15070.0,CHEMBL1115349,CHEMBL1093099,CHEMBL203
Cc1ccc(Sc2cccc3[nH]c4nc(N)nc(N)c4c23)cc1,10410.0,CHEMBL1115349,CHEMBL1093100,CHEMBL203
COc1cc2ncnc(Nc3cccc(Br)c3)c2cc1OC,230.0,CHEMBL1115349,CHEMBL29197,CHEMBL203
C#Cc1cccc(Nc2ncnc3cc(OC)c(OC)cc23)c1,140.0,CHEMBL1105218,CHEMBL304929,CHEMBL203
C#Cc1cccc(Nc2ccnc3cc(OC)c(OC)cc23)c1,1500.0,CHEMBL1105218,CHEMBL1092250,CHEMBL203
C#Cc1cccc(Nc2ncnc3cc(OCCOC)c(OCCOC)cc23)c1,1000.0,CHEMBL1105218,CHEMBL553,CHEMBL203
C#Cc1cccc(Nc2ccnc3cc(OCCOC)c(OCCOC)cc23)c1,1500.0,CHEMBL1105218,CHEMBL1089203,CHEMBL203
CN(C)CCCC(=O)Nc1ccc2ncnc(Nc3cccc(Br)c3)c2c1,190.0,CHEMBL1105218,CHEMBL1088901,CHEMBL203
CN(C)CCCC(=O)Nc1ccc2nccc(Nc3cccc(Br)c3)c2c1,130.0,CHEMBL1105218,CHEMBL1089524,CHEMBL203
CCC(=O)Nc1ccc2ncnc(Nc3cccc(Br)c3)c2c1,1000.0,CHEMBL1105218,CHEMBL188762,CHEMBL203
CCC(=O)Nc1ccc2nccc(Nc3cccc(Br)c3)c2c1,520.0,CHEMBL1105218,CHEMBL1092382,CHEMBL203
C=CC(=O)Nc1ccc2nccc(Nc3cccc(Br)c3)c2c1,3.2,CHEMBL1105218,CHEMBL1090840,CHEMBL203
C#Cc1cccc(Nc2ccnc3cc(OC)c(OC)cc23)c1,4.0,CHEMBL1105217,CHEMBL1092250,CHEMBL203
C#Cc1cccc(Nc2ncnc3cc(OCCOC)c(OCCOC)cc23)c1,0.1,CHEMBL1105217,CHEMBL553,CHEMBL203
C#Cc1cccc(Nc2ccnc3cc(OCCOC)c(OCCOC)cc23)c1,14.0,CHEMBL1105217,CHEMBL1089203,CHEMBL203
CN(C)CCCC(=O)Nc1ccc2nccc(Nc3cccc(Br)c3)c2c1,0.5,CHEMBL1105217,CHEMBL1089524,CHEMBL203
CCC(=O)Nc1ccc2ncnc(Nc3cccc(Br)c3)c2c1,0.4,CHEMBL1105217,CHEMBL188762,CHEMBL203
CCC(=O)Nc1ccc2nccc(Nc3cccc(Br)c3)c2c1,2.8,CHEMBL1105217,CHEMBL1092382,CHEMBL203
C=CC(=O)Nc1ccc2ncnc(Nc3cccc(Br)c3)c2c1,1.1,CHEMBL1105217,CHEMBL285063,CHEMBL203
C#Cc1cccc(Nc2ccnc3cc(OC)c(OC)cc23)c1,19.0,CHEMBL1105216,CHEMBL1092250,CHEMBL203
C#Cc1cccc(Nc2ncnc3cc(OCCOC)c(OCCOC)cc23)c1,0.2,CHEMBL1105216,CHEMBL553,CHEMBL203
C#Cc1cccc(Nc2ccnc3cc(OCCOC)c(OCCOC)cc23)c1,30.0,CHEMBL1105216,CHEMBL1089203,CHEMBL203
CN(C)CCCC(=O)Nc1ccc2nccc(Nc3cccc(Br)c3)c2c1,1.7,CHEMBL1105216,CHEMBL1089524,CHEMBL203
CCC(=O)Nc1ccc2ncnc(Nc3cccc(Br)c3)c2c1,0.1,CHEMBL1105216,CHEMBL188762,CHEMBL203
CCC(=O)Nc1ccc2nccc(Nc3cccc(Br)c3)c2c1,16.0,CHEMBL1105216,CHEMBL1092382,CHEMBL203
COc1cc(Nc2c(C#N)cnc3cc(/C=C/CCN4CCN(C)CC4)c(OC)cc23)c(Cl)cc1Cl,3300.0,CHEMBL1117422,CHEMBL1088240,CHEMBL203
Cl.NCCc1cn(CCCCCc2ccccc2)c2ccc(OCCc3ccc(O)cc3)cc12,1630.0,CHEMBL1105615,CHEMBL1098119,CHEMBL203
Cl.NC1CCc2c(c3cc(OCCc4ccc(O)cc4)ccc3n2CCCCCc2ccccc2)C1,1010.0,CHEMBL1105615,CHEMBL1098120,CHEMBL203
COc1ccc(CCCCCn2cc(CCN)c3cc(OCCc4ccc(O)cc4)ccc32)cc1.Cl,4400.0,CHEMBL1105615,CHEMBL1098121,CHEMBL203
CSc1ccc(CCCCCn2cc(CCN)c3cc(OCCc4ccc(O)cc4)ccc32)cc1.Cl,1920.0,CHEMBL1105615,CHEMBL1094194,CHEMBL203
Cl.NCCc1cn(Cc2ccc(-c3cccc(C(F)(F)F)c3)cc2)c2ccc(OCCc3ccc(O)cc3)cc12,1110.0,CHEMBL1105615,CHEMBL1094195,CHEMBL203
COc1ccc(-c2ccc(Cn3cc(CCN)c4cc(OCCc5ccc(O)cc5)ccc43)cc2)cc1.Cl,1250.0,CHEMBL1105615,CHEMBL1094196,CHEMBL203
Cl.NCCc1cn(Cc2ccc(-c3ccccc3)cc2)c2ccc(OCCc3ccc(O)cc3)cc12,1300.0,CHEMBL1105615,CHEMBL1095154,CHEMBL203
Cl.NCCc1c[nH]c2ccc(OCCc3ccc(O)cc3)cc12,2070.0,CHEMBL1105615,CHEMBL1095957,CHEMBL203
COc1ccc(CCOc2ccc3c(c2)c(CCN)cn3CCCCCc2ccc(SC)cc2)cc1.Cl,2450.0,CHEMBL1105615,CHEMBL1094835,CHEMBL203
CN(C)c1ccc(CCCCCn2c3c(c4cc(OCCc5ccc(O)cc5)ccc42)CC(N)CC3)cc1.Cl.Cl,1910.0,CHEMBL1105615,CHEMBL3216254,CHEMBL203
COc1ccc(CCCCCn2c3c(c4cc(OCCc5ccc(O)cc5)ccc42)CC(N)CC3)cc1.Cl,1370.0,CHEMBL1105615,CHEMBL1094492,CHEMBL203
Cl.NC1CCc2c(c3cc(OCCc4ccc(O)cc4)ccc3n2CCCCCc2ccc(C(F)(F)F)cc2)C1,2750.0,CHEMBL1105615,CHEMBL1094825,CHEMBL203
Cl.Cl.NC1CCc2c(c3cc(OCCc4ccc(O)cc4)ccc3n2CCCCCc2ccccn2)C1,2280.0,CHEMBL1105615,CHEMBL3216699,CHEMBL203
Cl.NC1CCc2c(c3cc(OCCc4ccc(O)cc4)ccc3n2CCCc2ccccc2)C1,2500.0,CHEMBL1105615,CHEMBL1097189,CHEMBL203
Cl.NC1CCc2[nH]c3ccc(OCCc4ccc(O)cc4)cc3c2C1,15120.0,CHEMBL1105615,CHEMBL1097190,CHEMBL203
Cl.NC1CCc2c(c3cc(OCCc4ccc(O)cc4)ccc3n2CCCCCc2ccccc2)C1,1010.0,CHEMBL1105619,CHEMBL1098120,CHEMBL203
Cl.NCCc1cn(Cc2ccc(-c3cccc(C(F)(F)F)c3)cc2)c2ccc(OCCc3ccc(O)cc3)cc12,1110.0,CHEMBL1105619,CHEMBL1094195,CHEMBL203
Cl.NC1CCc2c(c3cc(OCCc4ccc(O)cc4)ccc3n2CCCCCc2ccccc2)C1,980.0,CHEMBL1105620,CHEMBL1098120,CHEMBL203
Cl.NCCc1cn(Cc2ccc(-c3cccc(C(F)(F)F)c3)cc2)c2ccc(OCCc3ccc(O)cc3)cc12,1120.0,CHEMBL1105620,CHEMBL1094195,CHEMBL203
Cl.NC1CCc2c(c3cc(OCCc4ccc(O)cc4)ccc3n2CCCCCc2ccccc2)C1,1000.0,CHEMBL1111024,CHEMBL1098120,CHEMBL203
Cl.NCCc1cn(Cc2ccc(-c3cccc(C(F)(F)F)c3)cc2)c2ccc(OCCc3ccc(O)cc3)cc12,1060.0,CHEMBL1111024,CHEMBL1094195,CHEMBL203
Nc1nc(Nc2cccc(Br)c2)c2cc(CCc3ccccc3)[nH]c2n1,300.0,CHEMBL1115598,CHEMBL485320,CHEMBL203
Nc1nc(Nc2ccc(F)c(Br)c2)c2cc(CCc3ccccc3)[nH]c2n1,22800.0,CHEMBL1115598,CHEMBL483108,CHEMBL203
Nc1nc(Nc2ccc(F)c(C(F)(F)F)c2)c2cc(CCc3ccccc3)[nH]c2n1,122000.0,CHEMBL1115598,CHEMBL482715,CHEMBL203
Nc1nc(Nc2ccc(Cl)cc2F)c2cc(CCc3ccccc3)[nH]c2n1,1320.0,CHEMBL1115598,CHEMBL483313,CHEMBL203
c1ccc(CCc2cc3c(Nc4ccc5[nH]ccc5c4)ncnc3[nH]2)cc1,56100.0,CHEMBL1115598,CHEMBL1097368,CHEMBL203
COc1cc2ncnc(Nc3cccc(Br)c3)c2cc1OC,200.0,CHEMBL1115598,CHEMBL29197,CHEMBL203
Nc1nc(Nc2cccc(Br)c2)c2cc(Cc3ccc(Cl)cc3Cl)[nH]c2n1,200.0,CHEMBL1112818,CHEMBL1095761,CHEMBL203
Nc1nc(Nc2ccc(Cl)cc2F)c2cc(Cc3ccc(Cl)cc3Cl)[nH]c2n1,2500.0,CHEMBL1112818,CHEMBL1095130,CHEMBL203
Nc1nc(Nc2cccc(F)c2)c2cc(Cc3ccc(Cl)cc3Cl)[nH]c2n1,161600.0,CHEMBL1112818,CHEMBL1095131,CHEMBL203
Nc1nc(Nc2cccc(C(F)(F)F)c2)c2cc(Cc3ccc(Cl)cc3Cl)[nH]c2n1,27200.0,CHEMBL1112818,CHEMBL1095445,CHEMBL203
C#Cc1cccc(Nc2nc(N)nc3[nH]c(Cc4ccc(Cl)cc4Cl)cc23)c1,55200.0,CHEMBL1112818,CHEMBL1094475,CHEMBL203
Nc1nc(Nc2ccc(C(F)(F)F)c(F)c2)c2cc(Cc3ccc(Cl)cc3Cl)[nH]c2n1,91700.0,CHEMBL1112818,CHEMBL1094808,CHEMBL203
CC(C)c1ccc(Nc2nc(N)nc3[nH]c(Cc4ccc(Cl)cc4Cl)cc23)cc1,45600.0,CHEMBL1112818,CHEMBL1095463,CHEMBL203
CC(C)c1ccccc1Nc1nc(N)nc2[nH]c(Cc3ccc(Cl)cc3Cl)cc12,96400.0,CHEMBL1112818,CHEMBL1095776,CHEMBL203
COc1cc2ncnc(Nc3cccc(Br)c3)c2cc1OC,200.0,CHEMBL1112818,CHEMBL29197,CHEMBL203
C#Cc1cccc(Nc2ncnc3cc(OCCOC)c(OCCOC)cc23)c1,1200.0,CHEMBL1112818,CHEMBL553,CHEMBL203
CCN(CC)CCNC(=O)c1c(C)[nH]c(/C=C2\C(=O)Nc3ccc(F)cc32)c1C,172100.0,CHEMBL1112818,CHEMBL535,CHEMBL203
Cc1ccccc1Cc1cc2c(Nc3cccc(Br)c3)nc(N)nc2[nH]1,9100.0,CHEMBL1112818,CHEMBL1095464,CHEMBL203
COc1ccc(OC)c(Cc2cc3c(Nc4cccc(Br)c4)nc(N)nc3[nH]2)c1,12600.0,CHEMBL1112818,CHEMBL1095465,CHEMBL203
FC(F)(F)c1cccc(Nc2ncnc3[nH]c(Cc4ccc(Cl)cc4Cl)cc23)c1,33100.0,CHEMBL1112818,CHEMBL1094784,CHEMBL203
Cc1ccc(Br)c2c(C#N)cc(C(=O)C3CC3)n12,85.0,CHEMBL1174225,CHEMBL1171792,CHEMBL203
COc1cc2ncnc(Nc3ccc(F)c(Cl)c3)c2cc1OCCCN1CCOCC1,33.0,CHEMBL1174225,CHEMBL939,CHEMBL203
NS(=O)(=O)c1ccc(Nc2nc(N3CCOCC3)nc3[nH]cnc23)cc1,10000.0,CHEMBL1177355,CHEMBL1172957,CHEMBL203
NC(=S)N1N=C(c2ccc(Br)c(Br)c2)CC1c1ccccc1F,13370.0,CHEMBL1177399,CHEMBL1173324,CHEMBL203
NC(=S)N1N=C(c2ccc(Br)c(Br)c2)CC1c1ccc([N+](=O)[O-])cc1,10640.0,CHEMBL1177399,CHEMBL1173191,CHEMBL203
NC(=S)N1N=C(c2ccc(Br)c(Br)c2)CC1c1ccc(O)cc1,11270.0,CHEMBL1177399,CHEMBL1173192,CHEMBL203
COc1ccc(C2CC(c3ccc(Br)c(Br)c3)=NN2C(N)=S)cc1,8090.0,CHEMBL1177399,CHEMBL1173193,CHEMBL203
Cc1ccc(C2CC(c3ccc(Br)c(Br)c3)=NN2C(N)=S)cc1,9830.0,CHEMBL1177399,CHEMBL1173262,CHEMBL203
NC(=S)N1N=C(c2ccc(Br)c(Br)c2)CC1c1ccc(Br)cc1,10060.0,CHEMBL1177399,CHEMBL1172855,CHEMBL203
NC(=S)N1N=C(c2ccc(Br)c(Br)c2)CC1c1ccc(Cl)cc1,8150.0,CHEMBL1177399,CHEMBL1169870,CHEMBL203
NC(=S)N1N=C(c2ccc(Br)c(Br)c2)CC1c1ccc(F)cc1,8920.0,CHEMBL1177399,CHEMBL1172823,CHEMBL203
NC(=S)N1N=C(c2ccc(Cl)c(Cl)c2)CC1c1ccccc1Br,6430.0,CHEMBL1177399,CHEMBL1173601,CHEMBL203
NC(=S)N1N=C(c2ccc(Cl)c(Cl)c2)CC1c1ccccc1Cl,7280.0,CHEMBL1177399,CHEMBL1173602,CHEMBL203
NC(=S)N1N=C(c2ccc(Cl)c(Cl)c2)CC1c1ccccc1F,6560.0,CHEMBL1177399,CHEMBL1173665,CHEMBL203
NC(=S)N1N=C(c2ccc(Cl)c(Cl)c2)CC1c1ccc([N+](=O)[O-])cc1,7780.0,CHEMBL1177399,CHEMBL1173666,CHEMBL203
NC(=S)N1N=C(c2ccc(Cl)c(Cl)c2)CC1c1ccc(O)cc1,5270.0,CHEMBL1177399,CHEMBL1173667,CHEMBL203
COc1ccc(C2CC(c3ccc(Cl)c(Cl)c3)=NN2C(N)=S)cc1,5740.0,CHEMBL1177399,CHEMBL1172915,CHEMBL203
Cc1ccc(C2CC(c3ccc(Cl)c(Cl)c3)=NN2C(N)=S)cc1,7380.0,CHEMBL1177399,CHEMBL1172916,CHEMBL203
NC(=S)N1N=C(c2ccc(Cl)c(Cl)c2)CC1c1ccc(Br)cc1,6850.0,CHEMBL1177399,CHEMBL1172917,CHEMBL203
NC(=S)N1N=C(c2ccc(Cl)c(Cl)c2)CC1c1ccc(Cl)cc1,7320.0,CHEMBL1177399,CHEMBL1172980,CHEMBL203
NC(=S)N1N=C(c2ccc(Cl)c(Cl)c2)CC1c1ccc(F)cc1,6270.0,CHEMBL1177399,CHEMBL1172573,CHEMBL203
Cc1ccc(C2=NN(C(N)=S)C(c3ccccc3Br)C2)cc1C,4210.0,CHEMBL1177399,CHEMBL1173688,CHEMBL203
Cc1ccc(C2=NN(C(N)=S)C(c3ccccc3Cl)C2)cc1C,3870.0,CHEMBL1177399,CHEMBL1173794,CHEMBL203
Cc1ccc(C2=NN(C(N)=S)C(c3ccccc3F)C2)cc1C,5190.0,CHEMBL1177399,CHEMBL1169856,CHEMBL203
Cc1ccc(C2=NN(C(N)=S)C(c3ccc([N+](=O)[O-])cc3)C2)cc1C,3060.0,CHEMBL1177399,CHEMBL1173454,CHEMBL203
Cc1ccc(C2=NN(C(N)=S)C(c3ccc(O)cc3)C2)cc1C,130.0,CHEMBL1177399,CHEMBL1173815,CHEMBL203
COc1ccc(C2CC(c3ccc(C)c(C)c3)=NN2C(N)=S)cc1,70.0,CHEMBL1177399,CHEMBL1173814,CHEMBL203
Cc1ccc(C2CC(c3ccc(C)c(C)c3)=NN2C(N)=S)cc1,340.0,CHEMBL1177399,CHEMBL1173813,CHEMBL203
Cc1ccc(C2=NN(C(N)=S)C(c3ccc(Br)cc3)C2)cc1C,2170.0,CHEMBL1177399,CHEMBL1173457,CHEMBL203
Cc1ccc(C2=NN(C(N)=S)C(c3ccc(Cl)cc3)C2)cc1C,1360.0,CHEMBL1177399,CHEMBL1173456,CHEMBL203
Cc1ccc(C2=NN(C(N)=S)C(c3ccc(F)cc3)C2)cc1C,830.0,CHEMBL1177399,CHEMBL1173455,CHEMBL203
NC(=S)N1N=C(c2ccc(Br)c(Br)c2)CC1c1ccccc1Cl,12260.0,CHEMBL1177399,CHEMBL1173251,CHEMBL203
NC(=S)N1N=C(c2ccc(Br)c(Br)c2)CC1c1ccccc1Br,10970.0,CHEMBL1177399,CHEMBL1173250,CHEMBL203
CC(=O)N1N=C(c2ccc(Cl)c(Cl)c2)CC1c1ccc(F)cc1,18350.0,CHEMBL1177399,CHEMBL1173249,CHEMBL203
CC(=O)N1N=C(c2ccc(Cl)c(Cl)c2)CC1c1ccc(Cl)cc1,16140.0,CHEMBL1177399,CHEMBL1173248,CHEMBL203
CC(=O)N1N=C(c2ccc(Cl)c(Cl)c2)CC1c1ccc(Br)cc1,18450.0,CHEMBL1177399,CHEMBL1173816,CHEMBL203
CC(=O)N1N=C(c2ccc(Cl)c(Cl)c2)CC1c1ccc(C)cc1,19320.0,CHEMBL1177399,CHEMBL1171822,CHEMBL203
COc1ccc(C2CC(c3ccc(Cl)c(Cl)c3)=NN2C(C)=O)cc1,17190.0,CHEMBL1177399,CHEMBL1173680,CHEMBL203
CC(=O)N1N=C(c2ccc(Cl)c(Cl)c2)CC1c1ccccc1Cl,24150.0,CHEMBL1177399,CHEMBL1172418,CHEMBL203
CC(=O)N1N=C(c2ccc(Cl)c(Cl)c2)CC1c1ccccc1,28690.0,CHEMBL1177399,CHEMBL1172419,CHEMBL203
COc1cc(OC)cc(C2CC(c3ccc(Cl)c(Cl)c3)=NN2C(C)=O)c1,25470.0,CHEMBL1177399,CHEMBL1172602,CHEMBL203
CC(=O)N1N=C(c2ccc(C)c(C)c2)CC1c1ccc(F)cc1,15560.0,CHEMBL1177399,CHEMBL1172603,CHEMBL203
CC(=O)N1N=C(c2ccc(C)c(C)c2)CC1c1ccc(Cl)cc1,19730.0,CHEMBL1177399,CHEMBL1173022,CHEMBL203
CC(=O)N1N=C(c2ccc(C)c(C)c2)CC1c1ccc(Br)cc1,20610.0,CHEMBL1177399,CHEMBL1173023,CHEMBL203
CC(=O)N1N=C(c2ccc(C)c(C)c2)CC1c1ccc(C)cc1,17490.0,CHEMBL1177399,CHEMBL1173319,CHEMBL203
COc1ccc(C2CC(c3ccc(C)c(C)c3)=NN2C(C)=O)cc1,15240.0,CHEMBL1177399,CHEMBL1173397,CHEMBL203
CC(=O)N1N=C(c2ccc(C)c(C)c2)CC1c1ccccc1Cl,21480.0,CHEMBL1177399,CHEMBL1171638,CHEMBL203
CC(=O)N1N=C(c2ccc(C)c(C)c2)CC1c1ccccc1,20040.0,CHEMBL1177399,CHEMBL1173398,CHEMBL203
COc1cc(OC)cc(C2CC(c3ccc(C)c(C)c3)=NN2C(C)=O)c1,17310.0,CHEMBL1177399,CHEMBL1173105,CHEMBL203
C#Cc1cccc(Nc2ncnc3cc(OCCOC)c(OCCOC)cc23)c1,30.0,CHEMBL1177399,CHEMBL553,CHEMBL203
Cc1ncc([N+](=O)[O-])n1CCOC(=O)/C=C/c1ccc(F)cc1,4120.0,CHEMBL1177207,CHEMBL1172802,CHEMBL203
Cc1ncc([N+](=O)[O-])n1CCOC(=O)/C=C/c1ccc(Cl)cc1,3620.0,CHEMBL1177207,CHEMBL1172803,CHEMBL203
Cc1ncc([N+](=O)[O-])n1CCOC(=O)/C=C/c1ccc(Br)cc1,3240.0,CHEMBL1177207,CHEMBL1173651,CHEMBL203
Cc1ncc([N+](=O)[O-])n1CCOC(=O)/C=C/c1ccccc1,7830.0,CHEMBL1177207,CHEMBL1173652,CHEMBL203
Cc1ccc(/C=C/C(=O)OCCn2c([N+](=O)[O-])cnc2C)cc1,8110.0,CHEMBL1177207,CHEMBL1173653,CHEMBL203
COc1ccc(/C=C/C(=O)OCCn2c([N+](=O)[O-])cnc2C)cc1,10850.0,CHEMBL1177207,CHEMBL1173713,CHEMBL203
Cc1ncc([N+](=O)[O-])n1CCOC(=O)/C=C/c1ccc(C(C)C)cc1,6820.0,CHEMBL1177207,CHEMBL1173714,CHEMBL203
Cc1ncc([N+](=O)[O-])n1CCOC(=O)/C=C/c1ccc(-c2ccccc2)cc1,620.0,CHEMBL1177207,CHEMBL1173718,CHEMBL203
Cc1ncc([N+](=O)[O-])n1CCOC(=O)/C=C/c1ccc(OCc2ccccc2)cc1,1270.0,CHEMBL1177207,CHEMBL1173783,CHEMBL203
Cc1ncc([N+](=O)[O-])n1CCOC(=O)/C=C/c1ccccc1F,26740.0,CHEMBL1177207,CHEMBL1172877,CHEMBL203
Cc1ncc([N+](=O)[O-])n1CCOC(=O)/C=C/c1ccccc1Cl,20810.0,CHEMBL1177207,CHEMBL1172878,CHEMBL203
Cc1ncc([N+](=O)[O-])n1CCOC(=O)/C=C/c1ccccc1Br,24320.0,CHEMBL1177207,CHEMBL1172947,CHEMBL203
Cc1ncc([N+](=O)[O-])n1CCOC(=O)/C=C/c1ccccc1[N+](=O)[O-],25000.0,CHEMBL1177207,CHEMBL1173789,CHEMBL203
COc1ccccc1/C=C/C(=O)OCCn1c([N+](=O)[O-])cnc1C,32000.0,CHEMBL1177207,CHEMBL1171273,CHEMBL203
Cc1ncc([N+](=O)[O-])n1CCOC(=O)/C=C/c1cccc([N+](=O)[O-])c1,14530.0,CHEMBL1177207,CHEMBL1172950,CHEMBL203
Cc1ncc([N+](=O)[O-])n1CCOC(=O)/C=C/c1cccc(F)c1,12420.0,CHEMBL1177207,CHEMBL1172951,CHEMBL203
COc1cccc(/C=C/C(=O)OCCn2c([N+](=O)[O-])cnc2C)c1,13870.0,CHEMBL1177207,CHEMBL1173014,CHEMBL203
Cc1ncc([N+](=O)[O-])n1CCOC(=O)/C=C/c1cccc2ccccc12,3880.0,CHEMBL1177207,CHEMBL1170278,CHEMBL203
Cc1ncc([N+](=O)[O-])n1CCOC(=O)/C=C/c1ccc2ccccc2c1,5760.0,CHEMBL1177207,CHEMBL1170459,CHEMBL203
C#Cc1cccc(Nc2ncnc3cc(OCCOC)c(OCCOC)cc23)c1,30.0,CHEMBL1177207,CHEMBL553,CHEMBL203
OC[C@@H](Nc1ncnc2oc(-c3ccccc3)c(-c3ccccc3)c12)c1ccccc1,223.0,CHEMBL1176122,CHEMBL1172781,CHEMBL203
C=CC(=O)Nc1ccc(-c2c(-c3ccccc3)oc3ncnc(N[C@H](CO)c4ccccc4)c23)cc1,82.0,CHEMBL1176122,CHEMBL1172773,CHEMBL203
C=CC(=O)Nc1cccc(-c2c(-c3ccccc3)oc3ncnc(N[C@H](CO)c4ccccc4)c23)c1,7.0,CHEMBL1176122,CHEMBL1172843,CHEMBL203
COc1cc2ncnc(Nc3ccc(F)c(Cl)c3)c2cc1OCCCN1CCOCC1,20.0,CHEMBL1176122,CHEMBL939,CHEMBL203
CN(C)C/C=C/C(=O)Nc1cc2c(Nc3ccc(F)c(Cl)c3)ncnc2cc1O[C@H]1CCOC1,11.0,CHEMBL1176122,CHEMBL1173655,CHEMBL203
C=CC(=O)Nc1cccc(-c2c(-c3ccccc3)oc3ncnc(N[C@H](CO)c4ccccc4)c23)c1,28.0,CHEMBL1176123,CHEMBL1172843,CHEMBL203
COc1cc2ncnc(Nc3ccc(F)c(Cl)c3)c2cc1OCCCN1CCOCC1,2815.0,CHEMBL1176123,CHEMBL939,CHEMBL203
CN(C)C/C=C/C(=O)Nc1cc2c(Nc3ccc(F)c(Cl)c3)ncnc2cc1O[C@H]1CCOC1,15.0,CHEMBL1176123,CHEMBL1173655,CHEMBL203
CN[C@@H]1C[C@H]2O[C@@](C)([C@@H]1OC)n1c3ccccc3c3c4c(c5c6ccccc6n2c5c31)C(=O)NC4,102.4,CHEMBL1211280,CHEMBL388978,CHEMBL203
C=CC(=O)Nc1ccc2ncnc(Nc3ccc(C(C)(C)C)cc3)c2c1,689.0,CHEMBL1226208,CHEMBL1221700,CHEMBL203
CNC/C=C/C(=O)Nc1cc2c(Nc3ccc(F)c(Cl)c3)c(C#N)cnc2cc1OCCF,8.12,CHEMBL1246645,CHEMBL1243284,CHEMBL203
CCOc1cc2ncc(C#N)c(Nc3ccc(F)c(Cl)c3)c2cc1NC(=O)/C=C/CNC,5.35,CHEMBL1246645,CHEMBL1243255,CHEMBL203
CCOc1cc2ncc(C#N)c(Nc3ccc(F)c(Cl)c3)c2cc1NC(=O)/C=C/CN(C)C,8.02,CHEMBL1246645,CHEMBL607707,CHEMBL203
CCOc1cc2ncc(C#N)c(Nc3ccc(F)c(Cl)c3)c2cc1NC(=O)/C=C/c1cn(CCF)nn1,4.05,CHEMBL1249168,CHEMBL1243346,CHEMBL203
CCOc1cc2ncc(C#N)c(Nc3ccc(F)c(Cl)c3)c2cc1NC(=O)/C=C/CNCc1cn(CCF)nn1,1.81,CHEMBL1249168,CHEMBL1243283,CHEMBL203
CCOc1cc2ncc(C#N)c(Nc3ccc(F)c(Cl)c3)c2cc1NC(=O)/C=C/CN(C)Cc1ccc(F)cc1,0.57,CHEMBL1249168,CHEMBL1243254,CHEMBL203
CCOc1cc2ncc(C#N)c(Nc3ccc(F)c(Cl)c3)c2cc1NC(=O)/C=C/CNC,0.25,CHEMBL1249168,CHEMBL1243255,CHEMBL203
CCOc1cc2ncc(C#N)c(Nc3ccc(F)c(Cl)c3)c2cc1NC(=O)/C=C/CN(C)CCF,0.8,CHEMBL1249168,CHEMBL1243345,CHEMBL203
CNC/C=C/C(=O)Nc1cc2c(Nc3ccc(F)c(Cl)c3)c(C#N)cnc2cc1OCCF,0.29,CHEMBL1249168,CHEMBL1243284,CHEMBL203
CCOc1cc2ncc(C#N)c(Nc3ccc(F)c(Cl)c3)c2cc1NC(=O)/C=C/CN(C)C,0.24,CHEMBL1249168,CHEMBL607707,CHEMBL203
C#CCNC/C=C/C(=O)Nc1cc2c(Nc3ccc(F)c(Cl)c3)c(C#N)cnc2cc1OCC,0.03,CHEMBL1249168,CHEMBL1243316,CHEMBL203
Nc1cc2ncnc(Nc3cccc(Br)c3)c2cc1N,0.81,CHEMBL1249168,CHEMBL328216,CHEMBL203
C#CCNC/C=C/C(=O)Nc1cc2c(Nc3ccc(F)c(Cl)c3)c(C#N)cnc2cc1OCC,60.2,CHEMBL1246645,CHEMBL1243316,CHEMBL203
CCOc1cc2ncc(C#N)c(Nc3ccc(F)c(Cl)c3)c2cc1NC(=O)/C=C/CN(C)CCF,23.02,CHEMBL1246645,CHEMBL1243345,CHEMBL203
CCOc1cc2ncc(C#N)c(Nc3ccc(F)c(Cl)c3)c2cc1NC(=O)/C=C/CNCc1cn(CCF)nn1,21.97,CHEMBL1246645,CHEMBL1243283,CHEMBL203
CCOc1cc2ncc(C#N)c(Nc3ccc(F)c(Cl)c3)c2cc1NC(=O)/C=C/CN(C)Cc1ccc(F)cc1,16.52,CHEMBL1246645,CHEMBL1243254,CHEMBL203
CC(C)n1nc(-c2cc(O)cc(Br)c2)c2c(N)ncnc21,249.0,CHEMBL1243977,CHEMBL1242285,CHEMBL203
COCOc1cc(-c2nn(C(C)C)c3ncnc(N)c23)ccc1Br,4320.0,CHEMBL1243977,CHEMBL1242286,CHEMBL203
Cn1nc(-c2ccc(Br)c(O)c2)c2c(N)ncnc21,100000.0,CHEMBL1243977,CHEMBL1241299,CHEMBL203
Nc1ncnc2c1c(-c1ccc(Br)c(O)c1)nn2C1CCC1,324.0,CHEMBL1243977,CHEMBL1242287,CHEMBL203
Nc1ncnc2c1c(-c1ccc(Br)c(O)c1)nn2C1CCCC1,236.0,CHEMBL1243977,CHEMBL1242376,CHEMBL203
CC(C)n1nc(-c2ccc(F)c(O)c2)c2c(N)ncnc21,1400.0,CHEMBL1243977,CHEMBL1242377,CHEMBL203
C[C@H](CN)n1nc(-c2ccc(F)c(O)c2)c2c(N)ncnc21,100000.0,CHEMBL1243977,CHEMBL1242378,CHEMBL203
C[C@@H](CN)n1nc(-c2ccc(F)c(O)c2)c2c(N)ncnc21,26000.0,CHEMBL1243977,CHEMBL1242468,CHEMBL203
N#CCCCn1nc(-c2ccc(F)c(O)c2)c2c(N)ncnc21,18000.0,CHEMBL1243977,CHEMBL1242469,CHEMBL203
N#CCCCCn1nc(-c2ccc(F)c(O)c2)c2c(N)ncnc21,11000.0,CHEMBL1243977,CHEMBL1242470,CHEMBL203
Nc1ncnc2c1c(-c1ccc(F)c(O)c1)nn2C1CCC1,2900.0,CHEMBL1243977,CHEMBL1242566,CHEMBL203
Nc1ncnc2c1c(-c1ccc(F)c(O)c1)nn2C1CNC1,2900.0,CHEMBL1243977,CHEMBL1242567,CHEMBL203
Nc1ncnc2c1c(-c1ccc(F)c(O)c1)nn2C1CCCC1,318.0,CHEMBL1243977,CHEMBL1242568,CHEMBL203
CC1CCC(n2nc(-c3ccc(F)c(O)c3)c3c(N)ncnc32)C1,366.0,CHEMBL1243977,CHEMBL1242656,CHEMBL203
Nc1ncnc2c1c(-c1ccc(F)c(O)c1)nn2[C@H]1CCNC1,8700.0,CHEMBL1243977,CHEMBL1242657,CHEMBL203
Nc1ncnc2c1c(-c1ccc(F)c(O)c1)nn2[C@@H]1CCNC1,15600.0,CHEMBL1243977,CHEMBL1242658,CHEMBL203
Nc1ncnc2c1c(-c1ccc(F)c(O)c1)nn2[C@H]1CCOC1,4800.0,CHEMBL1243977,CHEMBL1242748,CHEMBL203
Nc1ncnc2c1c(-c1ccc(F)c(O)c1)nn2[C@@H]1CCOC1,2600.0,CHEMBL1243977,CHEMBL1242749,CHEMBL203
Nc1ncnc2c1c(-c1ccc(F)c(O)c1)nn2C1CCCCCC1,775.0,CHEMBL1243977,CHEMBL1242750,CHEMBL203
Nc1ncnc2c1c(-c1ccc(F)c(O)c1)nn2CC1CCNCC1,100000.0,CHEMBL1243977,CHEMBL1242844,CHEMBL203
Cc1nn(-c2ccccc2)nc1Cn1nc(-c2ccc(F)c(O)c2)c2c(N)ncnc21,100000.0,CHEMBL1243977,CHEMBL1242845,CHEMBL203
Nc1ncnc2c1c(-c1ccc(F)c(O)c1)nn2Cc1ocnc1-c1ccccc1,100000.0,CHEMBL1243977,CHEMBL1241482,CHEMBL203
COc1cc(-c2nn(C(C)C)c3ncnc(N)c23)ccc1F,3860.0,CHEMBL1243977,CHEMBL1241483,CHEMBL203
CC(C)n1nc(-c2ccc(Cl)c(O)c2)c2c(N)ncnc21,158.0,CHEMBL1243977,CHEMBL1241484,CHEMBL203
C[C@H](CN)n1nc(-c2ccc(Cl)c(O)c2)c2c(N)ncnc21,4800.0,CHEMBL1243977,CHEMBL1241579,CHEMBL203
C[C@@H](CN)n1nc(-c2ccc(Cl)c(O)c2)c2c(N)ncnc21,9140.0,CHEMBL1243977,CHEMBL1240544,CHEMBL203
COc1cc(-c2nn(C(C)C)c3ncnc(N)c23)ccc1NC(=O)OC(C)(C)C,170.0,CHEMBL1243977,CHEMBL1241481,CHEMBL203
CC(C)n1nc(-c2ccc(Br)c(O)c2)c2c(N)ncnc21,550.0,CHEMBL1243977,CHEMBL1241578,CHEMBL203
Nc1ncnc2c1c(-c1cnc3[nH]ccc3c1)nn2C1CCCC1,260.0,CHEMBL1243977,CHEMBL1081312,CHEMBL203
CC(C)n1nc(-c2ccc3ncccc3c2)c2c(N)ncnc21,610.0,CHEMBL1243977,CHEMBL1233882,CHEMBL203
COc1ccc(-c2nn(C3CCC3)c3ncnc(N)c23)cc1OC,2300.0,CHEMBL1243977,CHEMBL1233881,CHEMBL203
CC(C)n1nc(-c2cc3cc(O)ccc3[nH]2)c2c(N)ncnc21,4400.0,CHEMBL1243977,CHEMBL1241674,CHEMBL203
Nc1ncnc2c1c(-c1ccn3ccnc3c1)nn2C1CCCC1,12000.0,CHEMBL1243977,CHEMBL1241675,CHEMBL203
CC(C)n1nc(-c2cccc(O)c2)c2c(N)ncnc21,954.0,CHEMBL1243977,CHEMBL1230790,CHEMBL203
Cn1nc(-c2ccc3ccccc3c2)c2c(N)ncnc21,388.0,CHEMBL1243977,CHEMBL1234815,CHEMBL203
CC(C)n1nc(-c2ccc(O)cc2)c2c(N)ncnc21,922.0,CHEMBL1243977,CHEMBL1241241,CHEMBL203
Cc1cc(O)ccc1-c1nn(C(C)C)c2ncnc(N)c12,954.0,CHEMBL1243977,CHEMBL1242024,CHEMBL203
Cc1ccc(-c2n[nH]c3ncnc(N)c23)cc1O,12400.0,CHEMBL1243977,CHEMBL1241270,CHEMBL203
Cc1ccc(-c2nn(C)c3ncnc(N)c23)cc1O,19000.0,CHEMBL1243977,CHEMBL1241271,CHEMBL203
Cc1ccc(-c2nn(C(C)C)c3ncnc(N)c23)cc1O,663.0,CHEMBL1243977,CHEMBL1242026,CHEMBL203
CCC(C)n1nc(-c2ccc(C)c(O)c2)c2c(N)ncnc21,1670.0,CHEMBL1243977,CHEMBL1242109,CHEMBL203
CC(C)n1nc(-c2cccc(O)c2F)c2c(N)ncnc21,3720.0,CHEMBL1243977,CHEMBL1242110,CHEMBL203
Nc1ncnc2c1c(-c1cccc(O)c1F)nn2C1CCCC1,1770.0,CHEMBL1243977,CHEMBL1242111,CHEMBL203
CC(C)n1nc(-c2cc(O)cc(F)c2)c2c(N)ncnc21,576.0,CHEMBL1243977,CHEMBL1242198,CHEMBL203
Nc1ncnc2c1c(-c1cc(O)cc(F)c1)nn2C1CCCC1,751.0,CHEMBL1243977,CHEMBL1242199,CHEMBL203
COc1cc(Br)cc(-c2nn(C(C)C)c3ncnc(N)c23)c1,11000.0,CHEMBL1243977,CHEMBL1242200,CHEMBL203
COc1ccc(-c2nn(C[C@H](C)CO)c3ncnc(N)c23)cc1OC,12000.0,CHEMBL1243977,CHEMBL1242380,CHEMBL203
COc1ccc(-c2nn(C[C@@H](C)CO)c3ncnc(N)c23)cc1OC,18000.0,CHEMBL1243977,CHEMBL1242381,CHEMBL203
COc1ccc(-c2nn(C3CCCC3)c3ncnc(N)c23)cc1OC,3300.0,CHEMBL1243977,CHEMBL1240553,CHEMBL203
CCOc1ccc(-c2n[nH]c3ncnc(N)c23)cc1OC,100000.0,CHEMBL1243977,CHEMBL1242471,CHEMBL203
CCOc1ccc(-c2nn(C(C)C)c3ncnc(N)c23)cc1OC,5950.0,CHEMBL1243977,CHEMBL1242472,CHEMBL203
C=CCn1nc(-c2ccc(OCC)c(OC)c2)c2c(N)ncnc21,5080.0,CHEMBL1243977,CHEMBL1242569,CHEMBL203
CCOc1ccc(-c2nn(C3CCCC3)c3ncnc(N)c23)cc1OC,1400.0,CHEMBL1243977,CHEMBL1240554,CHEMBL203
CCOc1ccc(-c2nn(C3CCCCC3)c3ncnc(N)c23)cc1OC,1160.0,CHEMBL1243977,CHEMBL1242659,CHEMBL203
COc1cc(-c2nn(C(C)C)c3ncnc(N)c23)cc(OC)c1OC,5140.0,CHEMBL1243977,CHEMBL1242660,CHEMBL203
COc1cccc(-c2nn(C(C)C)c3ncnc(N)c23)c1OC,3660.0,CHEMBL1243977,CHEMBL1242751,CHEMBL203
CCOc1cc(-c2nn(C(C)C)c3ncnc(N)c23)ccc1OC,54200.0,CHEMBL1243977,CHEMBL1242752,CHEMBL203
CCOc1cc(-c2nn(CCO)c3ncnc(N)c23)ccc1OC,8010.0,CHEMBL1243977,CHEMBL1242753,CHEMBL203
COc1ncc(-c2nn(C(C)C)c3ncnc(N)c23)c(OC)n1,100000.0,CHEMBL1243977,CHEMBL1242846,CHEMBL203
COc1ccc(-c2nn(C(C)C)c3ncnc(N)c23)cc1,4300.0,CHEMBL1243977,CHEMBL1242847,CHEMBL203
CC(C)n1nc(-c2ccc(N)c(O)c2)c2c(N)ncnc21,2120.0,CHEMBL1243977,CHEMBL1242848,CHEMBL203
COc1cc(-c2nn(C(C)C)c3ncnc(N)c23)ccc1N,3850.0,CHEMBL1243977,CHEMBL1241485,CHEMBL203
COc1cc(-c2nn(C(C)C)c3ncnc(N)c23)ccc1NC(C)CO,5320.0,CHEMBL1243977,CHEMBL1241486,CHEMBL203
Nc1ccc(-c2nn(C3CCCC3)c3ncnc(N)c23)cc1O,33.0,CHEMBL1243977,CHEMBL1241487,CHEMBL203
COc1cc(-c2nn(C3CCCC3)c3ncnc(N)c23)ccc1N,84.0,CHEMBL1243977,CHEMBL1241581,CHEMBL203
CC(C)n1nc(-c2cccc(CO)c2)c2c(N)ncnc21,100000.0,CHEMBL1243977,CHEMBL1241582,CHEMBL203
CC(C)n1nc(-c2cccc(CC#N)c2)c2c(N)ncnc21,17000.0,CHEMBL1243977,CHEMBL1241583,CHEMBL203
CC(C)n1nc(-c2ccc(CC#N)cc2)c2c(N)ncnc21,13000.0,CHEMBL1243977,CHEMBL1240545,CHEMBL203
CC(C)n1nc(-c2cccc(C#N)c2)c2c(N)ncnc21,100000.0,CHEMBL1243977,CHEMBL1241679,CHEMBL203
CC(C)n1nc(-c2ccc(F)c(C#N)c2)c2c(N)ncnc21,100000.0,CHEMBL1243977,CHEMBL1241680,CHEMBL203
CC(C)n1nc(-c2ccc(C#N)c(F)c2)c2c(N)ncnc21,8900.0,CHEMBL1243977,CHEMBL1241771,CHEMBL203
CC(C)n1nc(-c2ccc(C#N)nc2)c2c(N)ncnc21,100000.0,CHEMBL1243977,CHEMBL1241772,CHEMBL203
CC(C)n1nc(-c2cccnc2)c2c(N)ncnc21,100000.0,CHEMBL1243977,CHEMBL1241390,CHEMBL203
CC(C)n1nc(-c2cncnc2)c2c(N)ncnc21,100000.0,CHEMBL1243977,CHEMBL1241391,CHEMBL203
CC(=O)c1ccc(-c2nn(C(C)C)c3ncnc(N)c23)cc1,12000.0,CHEMBL1243977,CHEMBL1241773,CHEMBL203
CC(C)n1nc(-c2ccc(C=O)c(F)c2)c2c(N)ncnc21,9000.0,CHEMBL1243977,CHEMBL1241860,CHEMBL203
CC(C)n1nc(-c2cc(F)c(C=O)c(F)c2)c2c(N)ncnc21,10000.0,CHEMBL1243977,CHEMBL1241861,CHEMBL203
CC(C)n1nc(-c2ccc(C(N)=O)c(Cl)c2)c2c(N)ncnc21,100000.0,CHEMBL1243977,CHEMBL1241862,CHEMBL203
CC(=O)c1cccc(-c2nn(C(C)C)c3ncnc(N)c23)c1,2800.0,CHEMBL1243977,CHEMBL1241946,CHEMBL203
CC(C)n1nc(-c2cc(C=O)co2)c2c(N)ncnc21,5960.0,CHEMBL1243977,CHEMBL1241439,CHEMBL203
Cc1cc(-c2nn(C(C)C)c3ncnc(N)c23)sc1C=O,9900.0,CHEMBL1243977,CHEMBL1241947,CHEMBL203
CC(C)n1nc(-c2cccc(NS(C)(=O)=O)c2)c2c(N)ncnc21,100000.0,CHEMBL1243977,CHEMBL1241948,CHEMBL203
CC(C)n1nc(-c2ccc(NS(C)(=O)=O)cc2)c2c(N)ncnc21,12800.0,CHEMBL1243977,CHEMBL1242030,CHEMBL203
CC(C)n1nc(-c2cccc(S(N)(=O)=O)c2)c2c(N)ncnc21,100000.0,CHEMBL1243977,CHEMBL1242031,CHEMBL203
CC(C)n1nc(-c2ccc(S(N)(=O)=O)cc2)c2c(N)ncnc21,100000.0,CHEMBL1243977,CHEMBL1242032,CHEMBL203
CC(C)n1nc(-c2cccc(C(=O)NC3=NCCS3)c2)c2c(N)ncnc21,579.0,CHEMBL1243977,CHEMBL1242115,CHEMBL203
Nc1ncnc2c1c(-c1ccc(Cl)c(O)c1)nn2C1CCC1,1150.0,CHEMBL1243977,CHEMBL1241580,CHEMBL203
Nc1ncnc2c1c(-c1ccc(Cl)c(O)c1)nn2C1CCCC1,67.0,CHEMBL1243977,CHEMBL1241676,CHEMBL203
Nc1ncnc2c1c(-c1ccc(Cl)c(O)c1)nn2[C@@H]1CCNC1,12400.0,CHEMBL1243977,CHEMBL1241677,CHEMBL203
Nc1ncnc2c1c(-c1ccc(Cl)c(O)c1)nn2[C@H]1CCOC1,1580.0,CHEMBL1243977,CHEMBL1241678,CHEMBL203
Nc1ncnc2c1c(-c1ccc(Cl)c(O)c1)nn2[C@@H]1CCOC1,1400.0,CHEMBL1243977,CHEMBL1241768,CHEMBL203
Nc1ncnc2c1c(-c1ccc(Cl)c(O)c1)nn2CC1CCCN1,9380.0,CHEMBL1243977,CHEMBL1241769,CHEMBL203
Nc1ncnc2c1c(-c1ccc(Cl)c(O)c1)nn2CC1CCNC1,2010.0,CHEMBL1243977,CHEMBL1241770,CHEMBL203
Nc1ncnc2c1c(-c1ccc(Cl)c(O)c1)nn2CC1CCCNC1,2720.0,CHEMBL1243977,CHEMBL1241858,CHEMBL203
Nc1ncnc2c1c(-c1ccc(Cl)c(O)c1)nn2CC1CCNCC1,100000.0,CHEMBL1243977,CHEMBL1241859,CHEMBL203
Nc1ncnc2c1c(-c1ccc(Cl)c(O)c1)nn2CCC1CCCNC1,20500.0,CHEMBL1243977,CHEMBL1241943,CHEMBL203
CC(C)n1nc(-c2ccc(C#N)c(O)c2)c2c(N)ncnc21,2600.0,CHEMBL1243977,CHEMBL1241944,CHEMBL203
CC(C)n1nc(-c2ccc(O)c(F)c2)c2c(N)ncnc21,1040.0,CHEMBL1243977,CHEMBL1241945,CHEMBL203
COc1cc(F)c(-c2nn(C(C)C)c3ncnc(N)c23)cc1F,10200.0,CHEMBL1243977,CHEMBL1242027,CHEMBL203
CC(C)n1nc(-c2cc(F)c(O)cc2F)c2c(N)ncnc21,6900.0,CHEMBL1243977,CHEMBL1242028,CHEMBL203
COc1cccc(-c2nn(C(C)C)c3ncnc(N)c23)c1,1400.0,CHEMBL1243977,CHEMBL1242029,CHEMBL203
COc1cc(-c2nn(C(C)C)c3ncnc(N)c23)ccc1O,908.0,CHEMBL1243977,CHEMBL1242112,CHEMBL203
COc1ccc(-c2n[nH]c3ncnc(N)c23)cc1O,100000.0,CHEMBL1243977,CHEMBL1241300,CHEMBL203
COc1ccc(-c2nn(C)c3ncnc(N)c23)cc1O,100000.0,CHEMBL1243977,CHEMBL1241301,CHEMBL203
CCn1nc(-c2ccc(OC)c(O)c2)c2c(N)ncnc21,6450.0,CHEMBL1243977,CHEMBL1242113,CHEMBL203
COc1ccc(-c2nn(C(C)C)c3ncnc(N)c23)cc1O,2190.0,CHEMBL1243977,CHEMBL1242114,CHEMBL203
COc1ccc(-c2nn(C3CCCC3)c3ncnc(N)c23)cc1O,437.0,CHEMBL1243977,CHEMBL1242201,CHEMBL203
COc1ccc(-c2nn(C3CCC(C)C3)c3ncnc(N)c23)cc1O,270.0,CHEMBL1243977,CHEMBL1242202,CHEMBL203
COc1ccc(-c2nn(C3CNC3)c3ncnc(N)c23)cc1O,17000.0,CHEMBL1243977,CHEMBL1242203,CHEMBL203
COc1ccc(-c2nn([C@@H]3CCNC3)c3ncnc(N)c23)cc1O,12600.0,CHEMBL1243977,CHEMBL1242288,CHEMBL203
CCOc1ccc(-c2nn(C3CCCC3)c3ncnc(N)c23)cc1O,768.0,CHEMBL1243977,CHEMBL1242289,CHEMBL203
COc1ccc(-c2nn(C(C)C)c3ncnc(N)c23)cc1OC,3020.0,CHEMBL1243977,CHEMBL1242290,CHEMBL203
COc1ccc(-c2nn(C(C)(C)C)c3ncnc(N)c23)cc1OC,6340.0,CHEMBL1243977,CHEMBL1242379,CHEMBL203
CCOc1ccc2cc(-c3nn(C)c4ncnc(N)c34)ccc2c1,21000.0,CHEMBL1243977,CHEMBL1242661,CHEMBL203
CC(C)n1nc(-c2ccc3cc(O)ccc3c2)c2c(N)ncnc21,88.0,CHEMBL1243977,CHEMBL1242662,CHEMBL203
CC(C)n1nc(-c2cc3ccccc3nc2Cl)c2c(N)ncnc21,100000.0,CHEMBL1243977,CHEMBL1242663,CHEMBL203
CC(C)n1nc(-c2cnc3ccccc3c2)c2c(N)ncnc21,1000.0,CHEMBL1243977,CHEMBL1242754,CHEMBL203
Nc1ncnc2c1c(-c1cnc3ccccc3c1)nn2C1CCCC1,540.0,CHEMBL1243977,CHEMBL1242755,CHEMBL203
Cn1nc(-c2ccc3ncccc3c2)c2c(N)ncnc21,34000.0,CHEMBL1243977,CHEMBL1242756,CHEMBL203
Nc1ncnc2c1c(-c1ccc3ncccc3c1)nn2C1CCCC1,2100.0,CHEMBL1243977,CHEMBL1241681,CHEMBL203
Cc1ccc2cc(-c3nn(C(C)C)c4ncnc(N)c34)ccc2n1,100000.0,CHEMBL1243977,CHEMBL1241682,CHEMBL203
CC(C)n1nc(-c2ccc3nc(Cl)ccc3c2)c2c(N)ncnc21,100000.0,CHEMBL1243977,CHEMBL1241683,CHEMBL203
CC(C)n1nc(-c2ccc3nccnc3c2)c2c(N)ncnc21,18000.0,CHEMBL1243977,CHEMBL1241774,CHEMBL203
CC(C)n1nc(-c2cnc3nccnc3c2)c2c(N)ncnc21,70000.0,CHEMBL1243977,CHEMBL1241775,CHEMBL203
CC(C)n1nc(-c2ccc3nc[nH]c(=O)c3c2)c2c(N)ncnc21,7400.0,CHEMBL1243977,CHEMBL1241776,CHEMBL203
CC(C)n1nc(-c2ccc3[nH]c(=O)ccc3c2)c2c(N)ncnc21,6700.0,CHEMBL1243977,CHEMBL1241863,CHEMBL203
Nc1ncnc2c1c(-c1ccc3[nH]c(=O)ccc3c1)nn2C1CCCC1,1400.0,CHEMBL1243977,CHEMBL1241864,CHEMBL203
CC(C)n1nc(-c2ccc3nc(N)ccc3c2)c2c(N)ncnc21,12000.0,CHEMBL1243977,CHEMBL1241949,CHEMBL203
CC(C)n1nc(-c2ccc3nc(NN)ccc3c2)c2c(N)ncnc21,7000.0,CHEMBL1243977,CHEMBL1241950,CHEMBL203
CC(C)n1nc(-c2ccc3nccc(NC(=O)OC(C)(C)C)c3c2)c2c(N)ncnc21,100000.0,CHEMBL1243977,CHEMBL1242033,CHEMBL203
CC(C)n1nc(-c2ccc3nccc(N)c3c2)c2c(N)ncnc21,100000.0,CHEMBL1243977,CHEMBL1242034,CHEMBL203
Cn1nc(-c2ccc3occc(=O)c3c2)c2c(N)ncnc21,10000.0,CHEMBL1243977,CHEMBL1242117,CHEMBL203
CC(C)n1nc(-c2ccc3occc(=O)c3c2)c2c(N)ncnc21,29000.0,CHEMBL1243977,CHEMBL1242118,CHEMBL203
Nc1ncnc2c1c(-c1ccc3occc(=O)c3c1)nn2C1CCCC1,100000.0,CHEMBL1243977,CHEMBL1242119,CHEMBL203
CC(C)n1nc(-c2ccc3cnccc3c2)c2c(N)ncnc21,25000.0,CHEMBL1243977,CHEMBL1242207,CHEMBL203
CC(C)n1nc(-c2ccc3ccncc3c2)c2c(N)ncnc21,100000.0,CHEMBL1243977,CHEMBL1242208,CHEMBL203
Cc1ccc2ccc(-c3nn(C(C)C)c4ncnc(N)c34)cc2n1,18000.0,CHEMBL1243977,CHEMBL1242209,CHEMBL203
Cn1nc(-c2cnc3[nH]ccc3c2)c2c(N)ncnc21,15000.0,CHEMBL1243977,CHEMBL1240565,CHEMBL203
CC(C)n1nc(-c2cnc3[nH]ccc3c2)c2c(N)ncnc21,380.0,CHEMBL1243977,CHEMBL1242293,CHEMBL203
CC(C)n1nc(-c2ccc3[nH]ccc3c2)c2c(N)ncnc21,176.0,CHEMBL1243977,CHEMBL1242294,CHEMBL203
Nc1ncnc2c1c(-c1ccc3[nH]ccc3c1)nn2C1CCCC1,734.0,CHEMBL1243977,CHEMBL1242295,CHEMBL203
CC(C)n1nc(-c2ccc3c(ccn3C)c2)c2c(N)ncnc21,955.0,CHEMBL1243977,CHEMBL1242384,CHEMBL203
Cn1ccc2cc(-c3nn(C4CCCC4)c4ncnc(N)c34)ccc21,539.0,CHEMBL1243977,CHEMBL1242385,CHEMBL203
CC(C)n1nc(-c2ccc3[nH]ncc3c2)c2c(N)ncnc21,1100.0,CHEMBL1243977,CHEMBL1242386,CHEMBL203
Nc1ncnc2c1c(-c1ccc3[nH]ncc3c1)nn2C1CCCC1,571.0,CHEMBL1243977,CHEMBL1242475,CHEMBL203
CC(C)n1nc(-c2ccc3c(N)n[nH]c3c2)c2c(N)ncnc21,207.0,CHEMBL1243977,CHEMBL1242476,CHEMBL203
CC(C)n1nc(-c2ccc3cn[nH]c3c2)c2c(N)ncnc21,2500.0,CHEMBL1243977,CHEMBL1242477,CHEMBL203
Nc1ncnc2c1c(-c1ccc3cn[nH]c3c1)nn2C1CCCC1,760.0,CHEMBL1243977,CHEMBL1242572,CHEMBL203
CC(C)n1nc(-c2cc(F)c3cn[nH]c3c2)c2c(N)ncnc21,1200.0,CHEMBL1243977,CHEMBL1242573,CHEMBL203
Cn1nc(-c2ccc3cc[nH]c3c2)c2c(N)ncnc21,2900.0,CHEMBL1243977,CHEMBL1240566,CHEMBL203
CC(C)n1nc(-c2ccc3cc[nH]c3c2)c2c(N)ncnc21,220.0,CHEMBL1243977,CHEMBL1242574,CHEMBL203
Nc1ncnc2c1c(-c1ccc3cc[nH]c3c1)nn2C1CCCC1,85.0,CHEMBL1243977,CHEMBL1242664,CHEMBL203
CC(C)n1nc(-c2ccn3ccnc3c2)c2c(N)ncnc21,45000.0,CHEMBL1243977,CHEMBL1242665,CHEMBL203
CC(C)n1nc(-c2ccc3c(C=O)c[nH]c3c2)c2c(N)ncnc21,638.0,CHEMBL1243977,CHEMBL1242666,CHEMBL203
CC(C)n1nc(-c2cccc3[nH]ccc23)c2c(N)ncnc21,4600.0,CHEMBL1243977,CHEMBL1242757,CHEMBL203
Nc1ncnc2c1c(-c1cccc3[nH]ccc13)nn2C1CCCC1,1400.0,CHEMBL1243977,CHEMBL1242758,CHEMBL203
CC(C)n1nc(-c2ccc3c(ccn3C(=O)OC(C)(C)C)c2)c2c(N)ncnc21,179.0,CHEMBL1243977,CHEMBL1242852,CHEMBL203
CC(C)(C)OC(=O)n1ccc2cc(-c3nn(C4CCCC4)c4ncnc(N)c34)ccc21,391.0,CHEMBL1243977,CHEMBL1242853,CHEMBL203
CC(C)n1nc(-c2ccc3occc3c2)c2c(N)ncnc21,964.0,CHEMBL1243977,CHEMBL1241490,CHEMBL203
Nc1ncnc2c1c(-c1ccc3occc3c1)nn2C1CCCC1,575.0,CHEMBL1243977,CHEMBL1241491,CHEMBL203
CC(C)n1nc(-c2ccc3nonc3c2)c2c(N)ncnc21,8300.0,CHEMBL1243977,CHEMBL1241492,CHEMBL203
CC(C)n1nc(-c2ccc3[nH]c(=O)[nH]c3c2)c2c(N)ncnc21,937.0,CHEMBL1243977,CHEMBL1241586,CHEMBL203
CC(C)n1nc(-c2ccc3c(c2)CCO3)c2c(N)ncnc21,5000.0,CHEMBL1243977,CHEMBL1241587,CHEMBL203
CC(C)n1nc(-c2ccc3c(c2)OCCO3)c2c(N)ncnc21,15000.0,CHEMBL1243977,CHEMBL1241588,CHEMBL203
CC(C)n1nc(-c2cc3cc(C=O)ccc3s2)c2c(N)ncnc21,100000.0,CHEMBL1243977,CHEMBL1241684,CHEMBL203
Cc1nc(Nc2ncc(C(=O)Nc3c(C)cccc3Cl)s2)cc(N2CCN(CCO)CC2)n1.O,20.0,CHEMBL1243977,CHEMBL5416410,CHEMBL203
CCN(CC)CCNC(=O)c1c(C)[nH]c(/C=C2\C(=O)Nc3ccc(F)cc32)c1C,18000.0,CHEMBL1243977,CHEMBL535,CHEMBL203
COc1cc(Nc2c(C#N)cnc3cc(OCCCN4CCN(C)CC4)c(OC)cc23)c(Cl)cc1Cl,491.0,CHEMBL1244583,CHEMBL288441,CHEMBL203
Cc1nc(Nc2ncc(C(=O)Nc3c(C)cccc3Cl)s2)cc(N2CCN(CCO)CC2)n1.O,322.0,CHEMBL1244582,CHEMBL5416410,CHEMBL203
COc1cc(Nc2c(C#N)cnc3cc(OCCCN4CCN(C)CC4)c(OC)cc23)c(Cl)cc1Cl,53.0,CHEMBL1244582,CHEMBL288441,CHEMBL203
COc1cc2c(Nc3ncc(CC(=O)Nc4cccc(F)c4)s3)ncnc2cc1OCCCN1CCC(CO)CC1,800.0,CHEMBL1249643,CHEMBL201307,CHEMBL203
Nc1nc(Nc2cccc(Br)c2)c2cc(Cc3ccccc3)[nH]c2n1,1670.0,CHEMBL1252156,CHEMBL499344,CHEMBL203
Cc1ccccc1Cc1cc2c(Nc3cccc(Br)c3)nc(N)nc2[nH]1,9190.0,CHEMBL1252156,CHEMBL1095464,CHEMBL203
COc1ccc(OC)c(Cc2cc3c(Nc4cccc(Br)c4)nc(N)nc3[nH]2)c1,12620.0,CHEMBL1252156,CHEMBL1095465,CHEMBL203
CN(c1cccc(Br)c1)c1nc(N)nc2[nH]c(Cc3ccccc3)cc12,53100.0,CHEMBL1252156,CHEMBL1254199,CHEMBL203
CN(c1cccc(Br)c1)c1nc(N)nc2c1cc(Cc1ccccc1)n2C,253600.0,CHEMBL1252156,CHEMBL1254286,CHEMBL203
Cc1ccccc1Cc1cc2c(N(C)c3cccc(Br)c3)nc(N)nc2[nH]1,31200.0,CHEMBL1252156,CHEMBL1254363,CHEMBL203
Cc1ccccc1Cc1cc2c(Nc3cccc(Br)c3)nc(N)nc2n1C,12800.0,CHEMBL1252156,CHEMBL1254364,CHEMBL203
Cc1ccccc1Cc1cc2c(N(C)c3cccc(Br)c3)nc(N)nc2n1C,1200.0,CHEMBL1252156,CHEMBL1254443,CHEMBL203
COc1ccc(OC)c(Cc2cc3c(N(C)c4cccc(Br)c4)nc(N)nc3[nH]2)c1,143500.0,CHEMBL1252156,CHEMBL1254444,CHEMBL203
COc1ccc(OC)c(Cc2cc3c(N(C)c4cccc(Br)c4)nc(N)nc3n2C)c1,500.0,CHEMBL1252156,CHEMBL1254523,CHEMBL203
COc1cc2ncnc(Nc3cccc(Br)c3)c2cc1OC,230.0,CHEMBL1252156,CHEMBL29197,CHEMBL203
C#Cc1cccc(Nc2ncnc3cc(OCCOC)c(OCCOC)cc23)c1,1200.0,CHEMBL1252156,CHEMBL553,CHEMBL203
CCN(CC)CCNC(=O)c1c(C)[nH]c(/C=C2\C(=O)Nc3ccc(F)cc32)c1C,172100.0,CHEMBL1252156,CHEMBL535,CHEMBL203
N#Cc1ccc2c(c1)C(c1ccccc1F)=Nc1c[nH]nc1N2,10900.0,CHEMBL1261159,CHEMBL1257795,CHEMBL203
Nc1ccc2c(c1)C(c1ccccc1Cl)=Nc1c[nH]nc1N2,989.0,CHEMBL1261159,CHEMBL1257911,CHEMBL203
CC(=O)Nc1ccc2c(c1)C(c1ccccc1Cl)=Nc1c[nH]nc1N2,726.0,CHEMBL1261159,CHEMBL1257912,CHEMBL203
C#Cc1cccc(Nc2ncnc3cc(OCCOC)c(OCCOC)cc23)c1,51.0,CHEMBL1260610,CHEMBL553,CHEMBL203
CS(=O)(=O)CCNCc1ccc(-c2ccc3ncnc(Nc4ccc(OCc5cccc(F)c5)c(Cl)c4)c3c2)o1,433.0,CHEMBL1260610,CHEMBL554,CHEMBL203
CN1CCN([C@H]2CC[C@H](n3nc(-c4ccc(Nc5nc6cccc(Cl)c6o5)cc4)c4c(N)ncnc43)CC2)CC1,2300.0,CHEMBL1260610,CHEMBL1257998,CHEMBL203
CN1CCN([C@H]2CC[C@H](n3nc(-c4ccc(Nc5nc6cccc(Cl)c6o5)c(F)c4)c4c(N)ncnc43)CC2)CC1,2880.0,CHEMBL1260610,CHEMBL1256432,CHEMBL203
OC[C@@H](Nc1ncnc2sc3c(c12)CCCC3)c1ccccc1,720.0,CHEMBL1273341,CHEMBL1271950,CHEMBL203
OC[C@@H](Nc1ncnc2sc3c(c12)CCC3)c1ccccc1,1090.0,CHEMBL1273341,CHEMBL1272006,CHEMBL203
C=CC(=O)N1CCc2c(sc3ncnc(N[C@H](CO)c4ccccc4)c23)C1,8.0,CHEMBL1273341,CHEMBL1272061,CHEMBL203
CC#CC(=O)N1CCc2c(sc3ncnc(N[C@H](CO)c4ccccc4)c23)C1,1270.0,CHEMBL1273341,CHEMBL1272113,CHEMBL203
C=CS(=O)(=O)N1CCc2c(sc3ncnc(N[C@H](CO)c4ccccc4)c23)C1,91.0,CHEMBL1273341,CHEMBL1272167,CHEMBL203
C=CC(=O)N1CCc2c(sc3ncnc(N[C@@H](CO)c4ccccc4)c23)C1,3057.0,CHEMBL1273341,CHEMBL1272168,CHEMBL203
C=CC(=O)N1CCc2c(sc3ncnc(N[C@H](C)c4ccccc4)c23)C1,20.0,CHEMBL1273341,CHEMBL1272222,CHEMBL203
C=CC(=O)N1CCc2c(sc3ncnc(N[C@H](CC)c4ccccc4)c23)C1,46.0,CHEMBL1273341,CHEMBL1272223,CHEMBL203
O=C(/C=C/c1ccccc1)N1CCc2c(sc3ncnc(N[C@H](CO)c4ccccc4)c23)C1,3503.0,CHEMBL1273341,CHEMBL1272275,CHEMBL203
CN(C)C/C=C/C(=O)N1CCc2c(sc3ncnc(N[C@H](CO)c4ccccc4)c23)C1,70.0,CHEMBL1273341,CHEMBL1272276,CHEMBL203
CCN(CC)C/C=C/C(=O)N1CCc2c(sc3ncnc(N[C@H](CO)c4ccccc4)c23)C1,9.0,CHEMBL1273341,CHEMBL1272324,CHEMBL203
O=C(/C=C/CN1CCOCC1)N1CCc2c(sc3ncnc(N[C@H](CO)c4ccccc4)c23)C1,21.0,CHEMBL1273341,CHEMBL1272325,CHEMBL203
CN1CCN(C/C=C/C(=O)N2CCc3c(sc4ncnc(N[C@H](CO)c5ccccc5)c34)C2)CC1,89.0,CHEMBL1273341,CHEMBL1271507,CHEMBL203
C[C@@H](Nc1ncnc2sc3c(c12)CCN(C(=O)/C=C/CN(C)C)C3)c1ccccc1,12.0,CHEMBL1273341,CHEMBL1271561,CHEMBL203
CC[C@@H](Nc1ncnc2sc3c(c12)CCN(C(=O)/C=C/CN(C)C)C3)c1ccccc1,12.0,CHEMBL1273341,CHEMBL1271562,CHEMBL203
CN(C)C/C=C/C(=O)N1CCc2c(sc3ncnc(N[C@H](CO)Cc4ccccc4)c23)C1,149.0,CHEMBL1273341,CHEMBL1271618,CHEMBL203
CN(C)C/C=C/C(=O)N1CCc2c(sc3ncnc(NCCO)c23)C1,4884.0,CHEMBL1273341,CHEMBL1271619,CHEMBL203
COc1cc2ncnc(Nc3ccc(F)c(Cl)c3)c2cc1OCCCN1CCOCC1,20.0,CHEMBL1273341,CHEMBL939,CHEMBL203
C=CC(=O)N1CCc2c(sc3ncnc(N[C@H](CO)c4ccccc4)c23)C1,100.0,CHEMBL1273339,CHEMBL1272061,CHEMBL203
C=CS(=O)(=O)N1CCc2c(sc3ncnc(N[C@H](CO)c4ccccc4)c23)C1,2480.0,CHEMBL1273339,CHEMBL1272167,CHEMBL203
C=CC(=O)N1CCc2c(sc3ncnc(N[C@H](C)c4ccccc4)c23)C1,739.0,CHEMBL1273339,CHEMBL1272222,CHEMBL203
C=CC(=O)N1CCc2c(sc3ncnc(N[C@H](CC)c4ccccc4)c23)C1,2200.0,CHEMBL1273339,CHEMBL1272223,CHEMBL203
CN(C)C/C=C/C(=O)N1CCc2c(sc3ncnc(N[C@H](CO)c4ccccc4)c23)C1,305.0,CHEMBL1273339,CHEMBL1272276,CHEMBL203
CCN(CC)C/C=C/C(=O)N1CCc2c(sc3ncnc(N[C@H](CO)c4ccccc4)c23)C1,930.0,CHEMBL1273339,CHEMBL1272324,CHEMBL203
O=C(/C=C/CN1CCOCC1)N1CCc2c(sc3ncnc(N[C@H](CO)c4ccccc4)c23)C1,1399.0,CHEMBL1273339,CHEMBL1272325,CHEMBL203
C[C@@H](Nc1ncnc2sc3c(c12)CCN(C(=O)/C=C/CN(C)C)C3)c1ccccc1,596.0,CHEMBL1273339,CHEMBL1271561,CHEMBL203
CC[C@@H](Nc1ncnc2sc3c(c12)CCN(C(=O)/C=C/CN(C)C)C3)c1ccccc1,5750.0,CHEMBL1273339,CHEMBL1271562,CHEMBL203
CN(C)C/C=C/C(=O)N1CCc2c(sc3ncnc(N[C@H](CO)Cc4ccccc4)c23)C1,4107.0,CHEMBL1273339,CHEMBL1271618,CHEMBL203
COc1cc2ncnc(Nc3ccc(F)c(Cl)c3)c2cc1OCCCN1CCOCC1,2815.0,CHEMBL1273339,CHEMBL939,CHEMBL203
OC[C@@H](Nc1ncnc2oc(-c3ccccc3)c(-c3ccccc3)c12)c1ccccc1,223.0,CHEMBL1273341,CHEMBL1172781,CHEMBL203
CN1C[C@@H]2C[C@H]1CN2c1cc(F)c(-c2ccnc3c(-c4cccc5[nH]ncc45)c(-c4ccncc4)nn23)c(F)c1,173.0,CHEMBL1285874,CHEMBL1276179,CHEMBL203
O=C(/C=C/c1ccc(-c2ccc3ncnc(Nc4ccc(OCc5cccc(F)c5)c(Cl)c4)c3c2)o1)NO,2.5,CHEMBL1640694,CHEMBL1630107,CHEMBL203
O=C(/C=C/c1ccc(-c2ccc3ncnc(Nc4ccc(OCc5cccc(F)c5)c(Cl)c4)c3c2)s1)NO,4.8,CHEMBL1640694,CHEMBL1630108,CHEMBL203
O=C(/C=C/c1cccc(-c2ccc3ncnc(Nc4ccc(OCc5cccc(F)c5)c(Cl)c4)c3c2)c1)NO,18.0,CHEMBL1640694,CHEMBL1630109,CHEMBL203
O=C(/C=C/c1ccc(-c2ccc3ncnc(Nc4ccc(OCc5cccc(F)c5)c(Cl)c4)c3c2)cc1)NO,18.0,CHEMBL1640694,CHEMBL1630110,CHEMBL203
Nc1ccccc1NC(=O)c1ccc(-c2ccc3ncnc(Nc4ccc(OCc5cccc(F)c5)c(Cl)c4)c3c2)o1,2.9,CHEMBL1640694,CHEMBL1630111,CHEMBL203
Nc1ccccc1NC(=O)c1ccc(-c2ccc3ncnc(Nc4ccc(OCc5cccc(F)c5)c(Cl)c4)c3c2)s1,2.8,CHEMBL1640694,CHEMBL1630112,CHEMBL203
Nc1ccccc1NC(=O)/C=C/c1ccc(-c2ccc3ncnc(Nc4ccc(OCc5cccc(F)c5)c(Cl)c4)c3c2)o1,26.0,CHEMBL1640694,CHEMBL1630113,CHEMBL203
Nc1ccccc1NC(=O)/C=C/c1cccc(-c2ccc3ncnc(Nc4ccc(OCc5cccc(F)c5)c(Cl)c4)c3c2)c1,49.0,CHEMBL1640694,CHEMBL1630114,CHEMBL203
Nc1ccccc1NC(=O)/C=C/c1ccc(-c2ccc3ncnc(Nc4ccc(OCc5cccc(F)c5)c(Cl)c4)c3c2)cc1,29.0,CHEMBL1640694,CHEMBL1630115,CHEMBL203
Nc1ccccc1NC(=O)CCc1ccc(-c2ccc3ncnc(Nc4ccc(OCc5cccc(F)c5)c(Cl)c4)c3c2)cc1,15.0,CHEMBL1640694,CHEMBL1630116,CHEMBL203
O=C(NO)c1ccc(-c2ccc3ncnc(Nc4ccc(OCc5cccc(F)c5)c(Cl)c4)c3c2)o1,3.9,CHEMBL1640694,CHEMBL1630117,CHEMBL203
O=C(NO)c1ccc(-c2ccc3ncnc(Nc4ccc(OCc5cccc(F)c5)c(Cl)c4)c3c2)s1,2.2,CHEMBL1640694,CHEMBL1630118,CHEMBL203
CS(=O)(=O)CCNCc1ccc(-c2ccc3ncnc(Nc4ccc(OCc5cccc(F)c5)c(Cl)c4)c3c2)o1,2.9,CHEMBL1640694,CHEMBL554,CHEMBL203
O=C(/C=C/c1cccc(-c2ccc3ncnc(Nc4ccc(OCc5cccc(F)c5)c(Cl)c4)c3c2)c1)NO,500.0,CHEMBL1640839,CHEMBL1630109,CHEMBL203
CCC(=O)Nc1ccc2c(C#N)cnc(Nc3cccc(Br)c3)c2c1,20800.0,CHEMBL1646349,CHEMBL1641991,CHEMBL203
CN(C)C/C=C/C(=O)Nc1ccc2c(C#N)cnc(Nc3cccc(Br)c3)c2c1,150.0,CHEMBL1646349,CHEMBL1641990,CHEMBL203
CN(C)CCCC(=O)Nc1ccc2c(C#N)cnc(Nc3cccc(Br)c3)c2c1,4100.0,CHEMBL1646349,CHEMBL1641989,CHEMBL203
N#Cc1cnc(Nc2cccc(Br)c2)c2cc(NC(=O)CCc3cc4ccccc4[nH]3)ccc12,28000.0,CHEMBL1646349,CHEMBL1641998,CHEMBL203
N#Cc1cnc(Nc2cccc(Br)c2)c2cc(NC(=O)c3ccoc3)ccc12,45200.0,CHEMBL1646349,CHEMBL1641997,CHEMBL203
N#Cc1cnc(Nc2cccc(Br)c2)c2cc(NC(=O)c3ccco3)ccc12,55600.0,CHEMBL1646349,CHEMBL1641996,CHEMBL203
N#Cc1cnc(Nc2cccc(Br)c2)c2cc(NC(=O)[C@@H]3CCC(=O)N3)ccc12,2200.0,CHEMBL1646349,CHEMBL1641995,CHEMBL203
CCOC(=O)Nc1ccc2c(C#N)cnc(Nc3cccc(Br)c3)c2c1,12800.0,CHEMBL1646349,CHEMBL1641994,CHEMBL203
N#Cc1cnc(Nc2cccc(Br)c2)c2cc(NC(=O)CCN3CCOCC3)ccc12,6900.0,CHEMBL1646349,CHEMBL1641993,CHEMBL203
CN1CCN(CCC(=O)Nc2ccc3c(C#N)cnc(Nc4cccc(Br)c4)c3c2)CC1,1300.0,CHEMBL1646349,CHEMBL1641992,CHEMBL203
Cc1c(NC(=O)OC[C@@H]2COCCN2)cn2ncnc(Nc3ccc4c(cnn4Cc4cccc(F)c4)c3)c12,32.0,CHEMBL1647391,CHEMBL1645462,CHEMBL203
NC1CCN(Cc2ccn3ncnc(Nc4ccc5c(cnn5Cc5cccc(F)c5)c4)c23)CC1,35.0,CHEMBL1647391,CHEMBL248108,CHEMBL203
Fc1cccc(Cn2ncc3cc(Nc4ncnn5ccc(COC[C@@H]6CNCCO6)c45)ccc32)c1,61.0,CHEMBL1647391,CHEMBL246284,CHEMBL203
NC1CCN(Cc2ccn3ncnc(Nc4cccc(Br)c4)c23)CC1,6.0,CHEMBL1647391,CHEMBL1645474,CHEMBL203
NC1CCN(Cc2ccn3ncnc(Nc4cccc(Cl)c4)c23)CC1,9.0,CHEMBL1647391,CHEMBL1645473,CHEMBL203
C#Cc1cccc(Nc2ncnn3ccc(CN4CCC(N)CC4)c23)c1,10.0,CHEMBL1647391,CHEMBL1645466,CHEMBL203
NC1CCN(Cc2ccn3ncnc(Nc4ccc(F)c(Cl)c4)c23)CC1,10.0,CHEMBL1647391,CHEMBL1645476,CHEMBL203
Cc1cccc(Nc2ncnn3ccc(CN4CCC(N)CC4)c23)c1,20.0,CHEMBL1647391,CHEMBL1645470,CHEMBL203
NC1CCN(Cc2ccn3ncnc(Nc4cccc(F)c4)c23)CC1,32.0,CHEMBL1647391,CHEMBL1645472,CHEMBL203
NC1CCN(Cc2ccn3ncnc(Nc4ccccc4)c23)CC1,40.0,CHEMBL1647391,CHEMBL1645467,CHEMBL203
Cc1ccc(Nc2ncnn3ccc(CN4CCC(N)CC4)c23)cc1,50.0,CHEMBL1647391,CHEMBL1645471,CHEMBL203
NC1CCN(Cc2ccn3ncnc(Nc4cc(Cl)cc(Cl)c4)c23)CC1,130.0,CHEMBL1647391,CHEMBL1645475,CHEMBL203
COc1ccc(Nc2ncnn3ccc(CN4CCC(N)CC4)c23)cc1Cl,210.0,CHEMBL1647391,CHEMBL1645477,CHEMBL203
Cc1ccccc1Nc1ncnn2ccc(CN3CCC(N)CC3)c12,660.0,CHEMBL1647391,CHEMBL1645469,CHEMBL203
C#Cc1cccc(Nc2ncnn3ccc(COC[C@@H]4CNCCO4)c23)c1,670.0,CHEMBL1647391,CHEMBL1645465,CHEMBL203
Cn1ncc2cc(Nc3ncnn4ccc(CN5CCC(N)CC5)c34)ccc21,950.0,CHEMBL1647391,CHEMBL1645464,CHEMBL203
CS(=O)(=O)CCNCc1ccc(-c2ccc3ncnc(Nc4ccc(OCc5cccc(F)c5)c(Cl)c4)c3c2)o1.Cc1ccc(S(=O)(=O)O)cc1.Cc1ccc(S(=O)(=O)O)cc1.O,10.0,CHEMBL1686143,CHEMBL1201179,CHEMBL203
C#Cc1cccc(Nc2ncnc3cc(OCCOC)c(OCCOC)cc23)c1,1.0,CHEMBL1686143,CHEMBL553,CHEMBL203
COc1cc2ncnc(Nc3ccc(F)c(Cl)c3)c2cc1OCCCN1CCOCC1,1.0,CHEMBL1686143,CHEMBL939,CHEMBL203
Fc1cccc(COc2ccc(Nc3ccncn3)cc2Cl)c1,920.0,CHEMBL1686143,CHEMBL205652,CHEMBL203
Cc1cc(Nc2ccc(OCc3cccc(F)c3)c(Cl)c2)ncn1,1100.0,CHEMBL1686143,CHEMBL1683949,CHEMBL203
Fc1cccc(COc2ccc(Nc3cc(-c4ccccc4)ncn3)cc2Cl)c1,1200.0,CHEMBL1686143,CHEMBL1683950,CHEMBL203
Fc1cccc(COc2ccc(Nc3cc(-c4cccnc4)ncn3)cc2Cl)c1,47000.0,CHEMBL1686143,CHEMBL1683951,CHEMBL203
Fc1cccc(COc2ccc(Nc3cc(-c4ccsc4)ncn3)cc2Cl)c1,22000.0,CHEMBL1686143,CHEMBL1683952,CHEMBL203
Fc1cccc(COc2ccc(Nc3cc(Oc4ccccc4)ncn3)cc2Cl)c1,10000.0,CHEMBL1686143,CHEMBL1683954,CHEMBL203
Cc1ncnc(Nc2ccc(OCc3cccc(F)c3)c(Cl)c2)c1C,17.0,CHEMBL1686143,CHEMBL1683955,CHEMBL203
CCc1ncnc(Nc2ccc(OCc3cccc(F)c3)c(Cl)c2)c1C,640.0,CHEMBL1686143,CHEMBL1683956,CHEMBL203
Cc1c(Nc2ccc(OCc3cccc(F)c3)c(Cl)c2)ncnc1-c1ccccc1,20000.0,CHEMBL1686143,CHEMBL1683957,CHEMBL203
Cc1ncnc(Nc2ccc(OCc3cccc(F)c3)c(Cl)c2)c1/C=N/OCCN1CCOCC1,68.0,CHEMBL1686143,CHEMBL1683958,CHEMBL203
Cc1ncnc(Nc2ccc(OCc3cccc(F)c3)c(Cl)c2)c1/C=N/OCCCN1CCOCC1,65.0,CHEMBL1686143,CHEMBL1683959,CHEMBL203
Cc1ncnc(Nc2ccc(OCc3cccc(F)c3)c(Cl)c2)c1-c1cccc(CN2CCOCC2)c1,590.0,CHEMBL1686143,CHEMBL1683960,CHEMBL203
Cc1ncnc(Nc2ccc(OCc3cccc(F)c3)c(Cl)c2)c1C#CCCCN1CCOCC1,34.0,CHEMBL1686143,CHEMBL1683961,CHEMBL203
Cc1ncnc(Nc2ccc(OCc3cccc(F)c3)c(Cl)c2)c1C#Cc1ccc(CN2CCOCC2)cc1,240.0,CHEMBL1686143,CHEMBL1683962,CHEMBL203
C/C(=C\c1c(C)ncnc1Nc1ccc(OCc2cccc(F)c2)c(Cl)c1)C(=O)NCCN1CCOCC1,28.0,CHEMBL1686143,CHEMBL1683963,CHEMBL203
Cc1ncnc(Nc2ccc(OCc3cccc(F)c3)c(Cl)c2)c1/C=C/c1ccc(CN2CCOCC2)cc1,120.0,CHEMBL1686143,CHEMBL1683964,CHEMBL203
Cc1ncnc(Nc2ccc(OCc3cccc(F)c3)c(Cl)c2)c1/C=C(\F)C(=O)NCCN1CCOCC1,18.0,CHEMBL1686143,CHEMBL1683965,CHEMBL203
Cc1ncnc(Nc2ccc(OCc3cccc(F)c3)c(Cl)c2)c1/C=C/C(=O)NCCN1CCOCC1,114.0,CHEMBL1686143,CHEMBL1683966,CHEMBL203
Cc1ncnc(Nc2ccc(OCc3cccc(F)c3)c(Cl)c2)c1/C=C(\F)C(=O)NCCN1CCCC1,3.0,CHEMBL1686143,CHEMBL1683967,CHEMBL203
Cc1ncnc(Nc2ccc(OCc3cccc(F)c3)c(Cl)c2)c1/C=C(\F)C(=O)NCCS(C)(=O)=O,19.0,CHEMBL1686143,CHEMBL1683968,CHEMBL203
CCN1CCN(C(=O)/C(F)=C/c2c(C)ncnc2Nc2ccc(OCc3cccc(F)c3)c(Cl)c2)CC1,156.0,CHEMBL1686143,CHEMBL1683969,CHEMBL203
Cc1ncnc(Nc2ccc(OCc3cccc(F)c3)c(Cl)c2)c1C#CCCN1CCOCC1,13.0,CHEMBL1686143,CHEMBL1683970,CHEMBL203
Cc1ncnc(Nc2ccc(OCc3cccc(F)c3)c(Cl)c2)c1C#CCN1CCOCC1,4130.0,CHEMBL1686143,CHEMBL1683971,CHEMBL203
Cc1ncnc(Nc2ccc(OCc3cccc(F)c3)c(Cl)c2)c1C#C/C=N/OCCN1CCOCC1,38.0,CHEMBL1686143,CHEMBL1683972,CHEMBL203
Cc1ncnc(Nc2ccc(OCc3cccc(F)c3)c(Cl)c2)c1C#CCCCN1CCCC1,11.0,CHEMBL1686143,CHEMBL1683973,CHEMBL203
CCN1CCN(CCCC#Cc2c(C)ncnc2Nc2ccc(OCc3cccc(F)c3)c(Cl)c2)CC1,9.0,CHEMBL1686143,CHEMBL1683974,CHEMBL203
Cc1ncnc(Nc2ccc(OCc3cccc(F)c3)c(Cl)c2)c1C#CCCNCc1ccccc1,270.0,CHEMBL1686143,CHEMBL1683975,CHEMBL203
COc1ccc(Cn2ncc(NC(=O)c3cc(NC(=O)Nc4ccc(Cl)c(C(F)(F)F)c4)ccc3C)c2N)cc1,101.4,CHEMBL1687360,CHEMBL1684800,CHEMBL203
O=C(Nc1ccc([N+](=O)[O-])cc1Cl)c1cc(Cl)ccc1O,10500.0,CHEMBL1697113,CHEMBL1448,CHEMBL203
CN(C)Cc1cc(C(=O)N[C@@H]2CCc3ccc(Oc4ccnc5c4CCC(=O)N5)cc3C2)cc(C(F)(F)F)c1,4900.0,CHEMBL1693590,CHEMBL1688860,CHEMBL203
CC(C)(N)c1cc(C(=O)N[C@@H]2CCc3ccc(Oc4ccnc5c4CCC(=O)N5)cc3C2)cc(C(F)(F)F)c1,190.0,CHEMBL1693590,CHEMBL1688861,CHEMBL203
COc1cc2/c(=N/c3ccc(Br)cc3F)nc[nH]c2cc1OCC1CCN(C)CC1,800.0,CHEMBL1763554,CHEMBL24828,CHEMBL203
COc1cc2/c(=N/c3ccc(Br)cc3F)nc[nH]c2cc1OCC1CCN(C)CC1,500.0,CHEMBL1763553,CHEMBL24828,CHEMBL203
COc1cc2ncnc(Nc3cccc(Br)c3)c2cc1OC,63.0,CHEMBL1763554,CHEMBL29197,CHEMBL203
COc1cc2ncnc(Oc3cccc(Br)c3)c2cc1OC,7600.0,CHEMBL1763554,CHEMBL98798,CHEMBL203
COc1cc2ncnc(Nc3ccc(F)c(Cl)c3)c2cc1OC,380.0,CHEMBL1763554,CHEMBL301018,CHEMBL203
COc1cc2ncnc(Nc3ccc(Br)cc3F)c2cc1OC,5700.0,CHEMBL1763554,CHEMBL1277620,CHEMBL203
COc1cc2ncnc(Oc3ccc(Br)c(F)c3)c2cc1OC,5900.0,CHEMBL1763554,CHEMBL1278149,CHEMBL203
COC(=O)Nc1ccc(Nc2ncnc3cc(OC)c(OC)cc23)cc1,6900.0,CHEMBL1763554,CHEMBL1761929,CHEMBL203
COc1cc2ncnc(Nc3ccc(F)c(Cl)c3)c2cc1OCCCN1CCOCC1,70.0,CHEMBL1763554,CHEMBL939,CHEMBL203
CC(=O)NC[C@H]1CC[C@H](c2nc(-c3cc4ccccc4[nH]3)c3c(N)nccn32)CC1,3580.0,CHEMBL1762895,CHEMBL1762110,CHEMBL203
COc1cc(Nc2nccc(Nc3cnc4ccccc4c3)n2)cc(OC)c1OC,853.0,CHEMBL1764782,CHEMBL1760035,CHEMBL203
c1ccc2ncc(Nc3ccnc(Nc4ccc(OCCCN5CCCCC5)cc4)n3)cc2c1,2290.0,CHEMBL1764782,CHEMBL1760057,CHEMBL203
CNC(=O)c1ncc(C#Cc2cc(C(=O)Nc3ccc(CN4CCN(CCO)CC4)c(C(F)(F)F)c3)ccc2C)n1C,736.0,CHEMBL1785573,CHEMBL1784637,CHEMBL203
CNC(=O)c1ncc(C#Cc2cc(C(=O)Nc3ccc(CN4CCN(CCO)CC4)c(C(F)(F)F)c3)ccc2C)n1C,231.0,CHEMBL1785574,CHEMBL1784637,CHEMBL203
Brc1cccc(Nc2ncnc3cc4[nH]ncc4cc23)c1,19.95,CHEMBL1798351,CHEMBL39337,CHEMBL203
Cn1ncc2cc3c(Nc4cccc(Br)c4)ncnc3cc21,12.88,CHEMBL1798351,CHEMBL39320,CHEMBL203
OCC(O)Cn1ncc2cc3c(Nc4cccc(Br)c4)ncnc3cc21,316.23,CHEMBL1798351,CHEMBL37543,CHEMBL203
CN(C)CCn1ncc2cc3c(Nc4cccc(Br)c4)ncnc3cc21,263.03,CHEMBL1798351,CHEMBL287832,CHEMBL203
Brc1cccc(Nc2ncnc3cc4c(cnn4CCN4CCOCC4)cc23)c1,190.55,CHEMBL1798351,CHEMBL38199,CHEMBL203
O=C(O)Cn1ncc2cc3c(Nc4cccc(Br)c4)ncnc3cc21,1202.26,CHEMBL1798351,CHEMBL36819,CHEMBL203
Brc1cccc(Nc2ncnc3cc4[nH]ccc4cc23)c1,21.88,CHEMBL1798351,CHEMBL40734,CHEMBL203
Cn1ccc2cc3c(Nc4cccc(Br)c4)ncnc3cc21,21.88,CHEMBL1798351,CHEMBL36727,CHEMBL203
OCC(O)Cn1ccc2cc3c(Nc4cccc(Br)c4)ncnc3cc21,48.98,CHEMBL1798351,CHEMBL416611,CHEMBL203
CN(C)CCn1ccc2cc3c(Nc4cccc(Br)c4)ncnc3cc21,144.54,CHEMBL1798351,CHEMBL37373,CHEMBL203
CN(C)CCCn1ccc2cc3c(Nc4cccc(Br)c4)ncnc3cc21,229.09,CHEMBL1798351,CHEMBL287289,CHEMBL203
Brc1cccc(Nc2ncnc3cc4c(ccn4CCN4CCOCC4)cc23)c1,15.85,CHEMBL1798351,CHEMBL40130,CHEMBL203
Brc1cccc(Nc2ncnc3cc4c(ccn4CCCN4CCOCC4)cc23)c1,77.62,CHEMBL1798351,CHEMBL1797418,CHEMBL203
O=C(O)Cn1ccc2cc3c(Nc4cccc(Br)c4)ncnc3cc21,1778.28,CHEMBL1798351,CHEMBL289162,CHEMBL203
OCCN(CCO)Cc1c[nH]c2cc3ncnc(Nc4cccc(Br)c4)c3cc12,134.9,CHEMBL1798351,CHEMBL36164,CHEMBL203
CN(C)Cc1c[nH]c2cc3ncnc(Nc4cccc(Br)c4)c3cc12,9.772,CHEMBL1798351,CHEMBL287007,CHEMBL203
Brc1cccc(Nc2ncnc3cc4[nH]cc(CN5CCOCC5)c4cc23)c1,9.55,CHEMBL1798351,CHEMBL36967,CHEMBL203
CN(C)CCN(C)Cc1c[nH]c2cc3ncnc(Nc4cccc(Br)c4)c3cc12,81.28,CHEMBL1798351,CHEMBL39811,CHEMBL203
COC(=O)CN(C)Cc1c[nH]c2cc3ncnc(Nc4cccc(Br)c4)c3cc12,9.55,CHEMBL1798351,CHEMBL39715,CHEMBL203
CN(CC(=O)O)Cc1c[nH]c2cc3ncnc(Nc4cccc(Br)c4)c3cc12,588.84,CHEMBL1798351,CHEMBL289213,CHEMBL203
CCOc1cc2ncc(C#N)c(Nc3cccc(Br)c3)c2cc1OCC,416.87,CHEMBL1798351,CHEMBL109212,CHEMBL203
CCOc1cc2ncc(C#N)c(Nc3ccc(F)c(Cl)c3)c2cc1OCC,977.24,CHEMBL1798351,CHEMBL324045,CHEMBL203
COc1cc2ncc(C#N)c(Nc3cccc(Br)c3)c2cc1OC,190.55,CHEMBL1798351,CHEMBL111038,CHEMBL203
COc1cc2ncc(C#N)c(Nc3cccc(Cl)c3)c2cc1OC,181.97,CHEMBL1798351,CHEMBL109428,CHEMBL203
COc1cc2ncc(C#N)c(Nc3cccc(C(F)(F)F)c3)c2cc1OC,1445.44,CHEMBL1798351,CHEMBL109503,CHEMBL203
COc1ccc(Nc2c(C#N)cnc3cc(OC)c(OC)cc23)cc1OC,50118.72,CHEMBL1798351,CHEMBL83228,CHEMBL203
COc1cc2ncc(C#N)c(Nc3cccc(F)c3)c2cc1OC,741.31,CHEMBL1798351,CHEMBL320479,CHEMBL203
COc1cc2ncc(C#N)c(Nc3cccc(C#N)c3)c2cc1OC,14125.38,CHEMBL1798351,CHEMBL111033,CHEMBL203
COc1cc2ncc(C#N)c(Nc3ccc(F)cc3)c2cc1OC,47863.01,CHEMBL1798351,CHEMBL432396,CHEMBL203
COc1cc2ncc(C#N)c(Nc3cccc(C(C)=O)c3)c2cc1OC,7413.1,CHEMBL1798351,CHEMBL325760,CHEMBL203
COc1cc2ncc(C#N)c(Nc3cccc(N)c3)c2cc1OC,812.83,CHEMBL1798351,CHEMBL110036,CHEMBL203
COc1cc2ncc(C#N)c(Nc3cccc(N(C)C)c3)c2cc1OC,851.14,CHEMBL1798351,CHEMBL110035,CHEMBL203
COc1cc2ncc(C#N)c(Nc3cccc([N+](=O)[O-])c3)c2cc1OC,870.96,CHEMBL1798351,CHEMBL111520,CHEMBL203
COc1cc2ncc(C#N)c(Nc3ccc(F)c(Cl)c3)c2cc1OC,537.03,CHEMBL1798351,CHEMBL109372,CHEMBL203
COc1cc2ncc(C#N)c(Nc3ccc(Cl)cc3F)c2cc1OC,13803.84,CHEMBL1798351,CHEMBL111664,CHEMBL203
COc1cc2ncc(C#N)c(Nc3cccc(O)c3)c2cc1OC,6309.57,CHEMBL1798351,CHEMBL110577,CHEMBL203
COc1cc2ncc(C#N)c(Nc3ccc(C)cc3)c2cc1OC,2754.23,CHEMBL1798351,CHEMBL109476,CHEMBL203
COc1cc2ncc(C#N)c(Nc3cccc(C(N)=O)c3)c2cc1OC,7762.47,CHEMBL1798351,CHEMBL323970,CHEMBL203
COc1cc2ncc(C#N)c(Nc3ccc(C)c(Br)c3)c2cc1OC,1778.28,CHEMBL1798351,CHEMBL111307,CHEMBL203
COc1cc2ncc(C#N)c(Nc3ccc(O)c(Cl)c3)c2cc1OC,9120.11,CHEMBL1798351,CHEMBL110945,CHEMBL203
COc1cc2ncc(C#N)c(Nc3cc(Cl)c(O)c(Cl)c3)c2cc1OC,3162.28,CHEMBL1798351,CHEMBL419185,CHEMBL203
COc1cc2ncc(C#N)c(Nc3cc(Cl)ccc3O)c2cc1OC,16982.44,CHEMBL1798351,CHEMBL326445,CHEMBL203
COc1cc2ncc(C#N)c(Nc3cccc(SC)c3)c2cc1OC,758.58,CHEMBL1798351,CHEMBL114496,CHEMBL203
COc1cc2ncc(C#N)c(Nc3ccc(C)c(Cl)c3)c2cc1OC,1479.11,CHEMBL1798351,CHEMBL109355,CHEMBL203
COc1cc2ncc(C#N)c(Nc3ccc(C(C)C)cc3)c2cc1OC,229.09,CHEMBL1798351,CHEMBL323424,CHEMBL203
COc1cc2ncc(C#N)c(Nc3ccccc3C(C)C)c2cc1OC,363.08,CHEMBL1798351,CHEMBL112096,CHEMBL203
COc1cc2ncc(C#N)c(Nc3cccc(C(C)C)c3)c2cc1OC,61659.5,CHEMBL1798351,CHEMBL109625,CHEMBL203
COc1cc2ncc(C#N)c(Nc3ccc(Br)cc3)c2cc1OC,6606.93,CHEMBL1798351,CHEMBL323900,CHEMBL203
COc1cc2ncc(C#N)c(Nc3ccccc3Br)c2cc1OC,4168.69,CHEMBL1798351,CHEMBL109575,CHEMBL203
COc1cc2ncc(C#N)c(Nc3ccc(F)c(C(F)(F)F)c3)c2cc1OC,158.49,CHEMBL1798351,CHEMBL111688,CHEMBL203
COc1cc2ncc(C#N)c(Nc3cccc(Br)c3C)c2cc1OC,831.76,CHEMBL1798351,CHEMBL112225,CHEMBL203
COc1cc2ncc(C#N)c(Nc3ccc(Br)c(C)c3)c2cc1OC,616.6,CHEMBL1798351,CHEMBL110055,CHEMBL203
COc1cc2ncc(C#N)c(Nc3cccc(N=[N+]=[N-])c3)c2cc1OC,2187.76,CHEMBL1798351,CHEMBL113535,CHEMBL203
COc1cc2ncc(C#N)c(Nc3cccc(NC(C)=O)c3)c2cc1OC,69183.1,CHEMBL1798351,CHEMBL324399,CHEMBL203
CCOc1cc2ncc(C#N)c(Nc3cccc(Br)c3)c2cc1OC,21379.62,CHEMBL1798351,CHEMBL111443,CHEMBL203
CCOc1cc2c(Nc3cccc(Br)c3)c(C#N)cnc2cc1OC,33113.11,CHEMBL1798351,CHEMBL110065,CHEMBL203
COc1cc2ncc(C=O)c(Nc3cccc(Br)c3)c2cc1OC,3388.44,CHEMBL1798351,CHEMBL109332,CHEMBL203
COc1cc2ncc(C(=O)O)c(Nc3cccc(Br)c3)c2cc1OC,33884.42,CHEMBL1798351,CHEMBL541988,CHEMBL203
COc1cc2ncc(C(N)=O)c(Nc3cccc(Br)c3)c2cc1OC,15135.61,CHEMBL1798351,CHEMBL114446,CHEMBL203
N#Cc1cnc2cc(O)c(O)cc2c1Nc1cccc(Br)c1,346.74,CHEMBL1798351,CHEMBL111586,CHEMBL203
COCOc1cc2ncc(C#N)c(Nc3cccc(Br)c3)c2cc1OCOC,6760.83,CHEMBL1798351,CHEMBL111222,CHEMBL203
COCCOc1cc2ncc(C#N)c(Nc3cccc(Br)c3)c2cc1OCCOC,1096.48,CHEMBL1798351,CHEMBL109515,CHEMBL203
N#Cc1cnc2cc3c(cc2c1Nc1cccc(Br)c1)OCO3,6760.83,CHEMBL1798351,CHEMBL110062,CHEMBL203
N#Cc1cnc2cc3c(cc2c1Nc1cccc(Br)c1)OCCCO3,5128.61,CHEMBL1798351,CHEMBL325981,CHEMBL203
COc1cc2c(C#N)cnc(Nc3cccc(Br)c3)c2cc1OC,70794.58,CHEMBL1798351,CHEMBL324439,CHEMBL203
COc1cc2c(C#N)cnc(Nc3cccc(Cl)c3)c2cc1OC,89125.09,CHEMBL1798351,CHEMBL109259,CHEMBL203
COc1cc2ncnc(Nc3cccc(Br)c3)c2cc1OC,70.79,CHEMBL1798351,CHEMBL29197,CHEMBL203
CCOc1cc2ncc(C#N)c(Nc3ccc(F)c(Cl)c3)c2cc1NC(=O)/C=C/CN(C)C,79.43,CHEMBL1798351,CHEMBL607707,CHEMBL203
CC#CC(=O)Nc1ccc2ncc(C#N)c(Nc3cccc(Br)c3)c2c1,933.25,CHEMBL1798351,CHEMBL283682,CHEMBL203
COCC#CC(=O)Nc1ccc2ncc(C#N)c(Nc3cccc(Br)c3)c2c1,954.99,CHEMBL1798351,CHEMBL114593,CHEMBL203
COCCOCC#CC(=O)Nc1ccc2ncc(C#N)c(Nc3cccc(Br)c3)c2c1,933.25,CHEMBL1798351,CHEMBL115440,CHEMBL203
COCOCC#CC(=O)Nc1ccc2ncc(C#N)c(Nc3cccc(Br)c3)c2c1,331.13,CHEMBL1798351,CHEMBL441279,CHEMBL203
N#Cc1cnc2ccc(NC(=O)C#CCN3CCSCC3)cc2c1Nc1cccc(Br)c1,549.54,CHEMBL1798351,CHEMBL327023,CHEMBL203
COCC1CCCN1CC#CC(=O)Nc1ccc2ncc(C#N)c(Nc3cccc(Br)c3)c2c1,151.36,CHEMBL1798351,CHEMBL157128,CHEMBL203
CCCN(CC#CC(=O)Nc1ccc2ncc(C#N)c(Nc3cccc(Br)c3)c2c1)CCC,128.82,CHEMBL1798351,CHEMBL115187,CHEMBL203
N#Cc1cnc2ccc(NC(=O)C#CCN(C3CC3)C3CC3)cc2c1Nc1cccc(Br)c1,251.19,CHEMBL1798351,CHEMBL1797541,CHEMBL203
CC#CC(=O)Nc1cc2c(Nc3cccc(Br)c3)c(C#N)cnc2cc1OC,912.01,CHEMBL1798351,CHEMBL116525,CHEMBL203
COCC#CC(=O)Nc1cc2c(Nc3cccc(Br)c3)c(C#N)cnc2cc1OC,794.33,CHEMBL1798351,CHEMBL326280,CHEMBL203
COc1cc2ncc(C#N)c(Nc3cccc(Br)c3)c2cc1NC(=O)C#CCN(C)C,89.13,CHEMBL1798351,CHEMBL116853,CHEMBL203
CN(C)C/C=C/C(=O)Nc1ccc2ncc(C#N)c(Nc3cccc(Br)c3)c2c1,309.03,CHEMBL1798351,CHEMBL30973,CHEMBL203
COc1cc2ncc(C#N)c(Nc3cccc(Br)c3)c2cc1NC(=O)/C=C/CN(C)C,794.33,CHEMBL1798351,CHEMBL263788,CHEMBL203
COc1cc2ncc(C#N)c(Nc3cccc(Br)c3)c2cc1NC(=O)/C=C/CN1CCOCC1,3801.89,CHEMBL1798351,CHEMBL332497,CHEMBL203
CCOc1cc2ncc(C#N)c(Nc3cccc(Br)c3)c2cc1NC(=O)/C=C/CN(C)C,1584.89,CHEMBL1798351,CHEMBL114728,CHEMBL203
CCOc1cc2ncc(C#N)c(Nc3cccc(Br)c3)c2cc1NC(=O)/C=C/CN1CCOCC1,10232.93,CHEMBL1798351,CHEMBL116012,CHEMBL203
COc1cc(NC(=O)/C=C/CN(C)C)cc2c(Nc3cccc(Br)c3)c(C#N)cnc12,2884.03,CHEMBL1798351,CHEMBL116857,CHEMBL203
COc1cc(NC(=O)/C=C/CN2CCOCC2)cc2c(Nc3cccc(Br)c3)c(C#N)cnc12,5370.32,CHEMBL1798351,CHEMBL113985,CHEMBL203
CN(C)C/C=C/C(=O)Nc1ccc2ncc(C#N)c(Nc3ccc(F)c(Cl)c3)c2c1,645.65,CHEMBL1798351,CHEMBL323630,CHEMBL203
N#Cc1cnc2ccc(NC(=O)/C=C/CN3CCOCC3)cc2c1Nc1ccc(F)c(Cl)c1,2290.87,CHEMBL1798351,CHEMBL118000,CHEMBL203
COc1cc2ncc(C#N)c(Nc3ccc(F)c(Cl)c3)c2cc1NC(=O)/C=C/CN(C)C,2344.23,CHEMBL1798351,CHEMBL114490,CHEMBL203
CCN(CC)C/C=C/C(=O)Nc1cc2c(Nc3ccc(F)c(Cl)c3)c(C#N)cnc2cc1OC,1905.46,CHEMBL1798351,CHEMBL424252,CHEMBL203
COc1cc2ncc(C#N)c(Nc3ccc(F)c(Cl)c3)c2cc1NC(=O)/C=C/CN1CCOCC1,13489.63,CHEMBL1798351,CHEMBL113996,CHEMBL203
CN(C)C/C=C/C(=O)Nc1cc2c(Nc3ccc(F)c(Cl)c3)c(C#N)cnc2cc1OC(F)(F)F,2630.27,CHEMBL1798351,CHEMBL421047,CHEMBL203
COc1cc2ncc(C#N)c(Nc3ccc(F)c(Cl)c3)c2cc1NC(=O)/C=C/C(C)N(C)C,5248.07,CHEMBL1798351,CHEMBL113901,CHEMBL203
CCN(CC)C(C)/C=C/C(=O)Nc1cc2c(Nc3ccc(F)c(Cl)c3)c(C#N)cnc2cc1OC,4786.3,CHEMBL1798351,CHEMBL325156,CHEMBL203
COc1cc2ncc(C#N)c(Nc3ccc(F)c(Cl)c3)c2cc1NC(=O)/C=C/C(C)N1CCOCC1,10471.29,CHEMBL1798351,CHEMBL114073,CHEMBL203
C=CC(=O)Nc1ccc2ncc(C#N)c(Nc3cccc(Br)c3)c2c1,588.84,CHEMBL1798351,CHEMBL281300,CHEMBL203
C=CC(=O)Nc1cc2c(Nc3cccc(Br)c3)c(C#N)cnc2cc1OC,812.83,CHEMBL1798351,CHEMBL324718,CHEMBL203
C/C=C/C(=O)Nc1ccc2ncc(C#N)c(Nc3cccc(Br)c3)c2c1,1621.81,CHEMBL1798351,CHEMBL326811,CHEMBL203
C/C=C/C(=O)Nc1cc2c(Nc3ccc(F)c(Cl)c3)c(C#N)cnc2cc1OCC,7585.78,CHEMBL1798351,CHEMBL113902,CHEMBL203
C=C(CN1CCOCC1)C(=O)Nc1ccc2ncc(C#N)c(Nc3ccc(F)c(Cl)c3)c2c1,2691.53,CHEMBL1798351,CHEMBL114392,CHEMBL203
C=C(CN(C)C)C(=O)Nc1cc2c(Nc3ccc(F)c(Cl)c3)c(C#N)cnc2cc1OCC,562.34,CHEMBL1798351,CHEMBL117326,CHEMBL203
CSc1cn2c(-c3cn[nH]c3)cnc2c(Nc2cc(C)ns2)n1,5048.0,CHEMBL1805338,CHEMBL1270795,CHEMBL203
Cc1ccc(-c2nc3cc(NC(=O)CCl)ccc3[nH]2)cc1,1929.0,CHEMBL1817212,CHEMBL1812374,CHEMBL203
Cn1cccc1-c1nc2cc(NC(=O)CCl)ccc2[nH]1,12070.0,CHEMBL1817212,CHEMBL1812491,CHEMBL203
COc1cc2ncnc(Nc3ccc(F)c(Cl)c3)c2cc1OCCCN1CCOCC1,4.2,CHEMBL1817212,CHEMBL939,CHEMBL203
O=C(/C=C/c1ccc(Cl)cc1)Nc1ccc2ncnc(Nc3cccc(Br)c3)c2c1,1210.0,CHEMBL1816084,CHEMBL1812431,CHEMBL203
O=C(/C=C/c1ccccc1Br)Nc1ccc2ncnc(Nc3cccc(Br)c3)c2c1,4280.0,CHEMBL1816084,CHEMBL1812434,CHEMBL203
COc1ccc(/C=C/C(=O)Nc2ccc3ncnc(Nc4cccc(Br)c4)c3c2)cc1,7220.0,CHEMBL1816084,CHEMBL1812435,CHEMBL203
COc1ccccc1/C=C/C(=O)Nc1ccc2ncnc(Nc3cccc(Br)c3)c2c1,7710.0,CHEMBL1816084,CHEMBL1812555,CHEMBL203
COc1cccc(/C=C/C(=O)Nc2ccc3ncnc(Nc4cccc(Br)c4)c3c2)c1,6020.0,CHEMBL1816084,CHEMBL1812556,CHEMBL203
O=C(/C=C/c1ccc([N+](=O)[O-])cc1)Nc1ccc2ncnc(Nc3cccc(Br)c3)c2c1,5160.0,CHEMBL1816084,CHEMBL1812559,CHEMBL203
O=C(/C=C/c1ccccc1[N+](=O)[O-])Nc1ccc2ncnc(Nc3cccc(Br)c3)c2c1,1020.0,CHEMBL1816084,CHEMBL1812560,CHEMBL203
O=C(/C=C/c1ccccc1)Nc1ccc2ncnc(Nc3cccc(Cl)c3)c2c1,3610.0,CHEMBL1816084,CHEMBL1812561,CHEMBL203
O=C(/C=C/c1ccc(Br)cc1)Nc1ccc2ncnc(Nc3cccc(Cl)c3)c2c1,3490.0,CHEMBL1816084,CHEMBL1812564,CHEMBL203
COc1cccc(/C=C/C(=O)Nc2ccc3ncnc(Nc4cccc(Cl)c4)c3c2)c1,6630.0,CHEMBL1816084,CHEMBL1812566,CHEMBL203
O=C(/C=C/c1cccc2ccccc12)Nc1ccc2ncnc(Nc3cccc(Cl)c3)c2c1,2810.0,CHEMBL1816084,CHEMBL1812569,CHEMBL203
O=C(/C=C/c1ccccc1[N+](=O)[O-])Nc1ccc2ncnc(Nc3cccc(Cl)c3)c2c1,940.0,CHEMBL1816084,CHEMBL1812571,CHEMBL203
C#Cc1cccc(Nc2ncnc3cc(OCCOC)c(OCCOC)cc23)c1,30.0,CHEMBL1816084,CHEMBL553,CHEMBL203
Nc1ccc2ncnc(Nc3cccc(Br)c3)c2c1,40.0,CHEMBL1816084,CHEMBL52765,CHEMBL203
Nc1ccc2ncnc(Nc3cccc(Cl)c3)c2c1,200.0,CHEMBL1816084,CHEMBL343352,CHEMBL203
O=C(/C=C/c1ccc([N+](=O)[O-])cc1)Nc1ccc2ncnc(Nc3cccc(Cl)c3)c2c1,3450.0,CHEMBL1816084,CHEMBL1812570,CHEMBL203
O=C(/C=C/c1cccc([N+](=O)[O-])c1)Nc1ccc2ncnc(Nc3cccc(Br)c3)c2c1,120.0,CHEMBL1816084,CHEMBL1812572,CHEMBL203
O=C(/C=C/c1cccc([N+](=O)[O-])c1)Nc1ccc2ncnc(Nc3cccc(Cl)c3)c2c1,190.0,CHEMBL1816084,CHEMBL1812573,CHEMBL203
C/C=C(\C)C(O[C@@H]1O[C@H](CO)[C@@H](O)[C@H](O)[C@H]1O)C(C)/C=C(C)/C=C/CC(C)/C=C/c1oc(OC)c(C)c(=O)c1C,160.0,CHEMBL1820121,CHEMBL1817964,CHEMBL203
C/C=C(\C)C(O[C@@H]1O[C@H](CO)[C@@H](O)[C@H](O)[C@H]1O)C(C)/C=C(C)/C=C/CC(C)/C=C/c1oc(OC)c(C)c(=O)c1C,60.0,CHEMBL1820122,CHEMBL1817964,CHEMBL203
C/C=C(\C)[C@H](O)[C@H](C)/C=C(C)/C=C/CC(C)/C=C/c1oc(OC)c(C)c(=O)c1C,470.0,CHEMBL1820122,CHEMBL1817965,CHEMBL203
C/C=C(\C)C(O[C@@H]1O[C@H](CO)[C@@H](O)[C@H](O)[C@H]1O)C(C)/C=C(C)/C=C/CC(C)/C=C/c1oc(OC)c(C)c(=O)c1C,170.0,CHEMBL1820123,CHEMBL1817964,CHEMBL203
C/C=C(\C)[C@H](O)[C@H](C)/C=C(C)/C=C/CC(C)/C=C/c1oc(OC)c(C)c(=O)c1C,660.0,CHEMBL1820123,CHEMBL1817965,CHEMBL203
Cc1ccc(C2=NN(c3nc(-c4ccccc4)cs3)C(c3ccc(F)cc3)C2)cc1C,1730.0,CHEMBL1827038,CHEMBL1821862,CHEMBL203
Cc1ccc(C2=NN(c3nc(-c4ccccc4)cs3)C(c3ccc(Cl)cc3)C2)cc1C,2360.0,CHEMBL1827038,CHEMBL1821863,CHEMBL203
Cc1ccc(C2=NN(c3nc(-c4ccccc4)cs3)C(c3ccc(Br)cc3)C2)cc1C,1840.0,CHEMBL1827038,CHEMBL1821864,CHEMBL203
Cc1ccc(C2CC(c3ccc(C)c(C)c3)=NN2c2nc(-c3ccccc3)cs2)cc1,2670.0,CHEMBL1827038,CHEMBL1821865,CHEMBL203
COc1ccc(C2CC(c3ccc(C)c(C)c3)=NN2c2nc(-c3ccccc3)cs2)cc1,3080.0,CHEMBL1827038,CHEMBL1821866,CHEMBL203
Cc1ccc(C2=NN(c3nc(-c4ccccc4)cs3)C(c3ccc(O)cc3)C2)cc1C,1920.0,CHEMBL1827038,CHEMBL1821867,CHEMBL203
Cc1ccc(C2=NN(c3nc(-c4ccccc4)cs3)C(c3ccc([N+](=O)[O-])cc3)C2)cc1C,3850.0,CHEMBL1827038,CHEMBL1821868,CHEMBL203
Cc1ccc(C2=NN(c3nc(-c4ccc(Cl)cc4)cs3)C(c3ccc(F)cc3)C2)cc1C,60.0,CHEMBL1827038,CHEMBL1821869,CHEMBL203
Cc1ccc(C2=NN(c3nc(-c4ccc(Cl)cc4)cs3)C(c3ccc(Cl)cc3)C2)cc1C,190.0,CHEMBL1827038,CHEMBL1821870,CHEMBL203
Cc1ccc(C2=NN(c3nc(-c4ccc(Cl)cc4)cs3)C(c3ccc(Br)cc3)C2)cc1C,370.0,CHEMBL1827038,CHEMBL1821871,CHEMBL203
Cc1ccc(C2CC(c3ccc(C)c(C)c3)=NN2c2nc(-c3ccc(Cl)cc3)cs2)cc1,1040.0,CHEMBL1827038,CHEMBL1821872,CHEMBL203
COc1ccc(C2CC(c3ccc(C)c(C)c3)=NN2c2nc(-c3ccc(Cl)cc3)cs2)cc1,820.0,CHEMBL1827038,CHEMBL1821873,CHEMBL203
Cc1ccc(C2=NN(c3nc(-c4ccc(Cl)cc4)cs3)C(c3ccc(O)cc3)C2)cc1C,970.0,CHEMBL1827038,CHEMBL1821874,CHEMBL203
Cc1ccc(C2=NN(c3nc(-c4ccc(Cl)cc4)cs3)C(c3ccc([N+](=O)[O-])cc3)C2)cc1C,630.0,CHEMBL1827038,CHEMBL1821875,CHEMBL203
Fc1ccc(C2CC(c3ccc(Br)cc3)=NN2c2nc(-c3ccccc3)cs2)cc1,11240.0,CHEMBL1827038,CHEMBL1821876,CHEMBL203
Clc1ccc(C2CC(c3ccc(Br)cc3)=NN2c2nc(-c3ccccc3)cs2)cc1,9370.0,CHEMBL1827038,CHEMBL1821877,CHEMBL203
Brc1ccc(C2=NN(c3nc(-c4ccccc4)cs3)C(c3ccc(Br)cc3)C2)cc1,8950.0,CHEMBL1827038,CHEMBL1821878,CHEMBL203
Cc1ccc(C2CC(c3ccc(Br)cc3)=NN2c2nc(-c3ccccc3)cs2)cc1,19640.0,CHEMBL1827038,CHEMBL1821879,CHEMBL203
COc1ccc(C2CC(c3ccc(Br)cc3)=NN2c2nc(-c3ccccc3)cs2)cc1,10170.0,CHEMBL1827038,CHEMBL1821880,CHEMBL203
Oc1ccc(C2CC(c3ccc(Br)cc3)=NN2c2nc(-c3ccccc3)cs2)cc1,22360.0,CHEMBL1827038,CHEMBL1821881,CHEMBL203
O=[N+]([O-])c1ccc(C2CC(c3ccc(Br)cc3)=NN2c2nc(-c3ccccc3)cs2)cc1,15720.0,CHEMBL1827038,CHEMBL1821882,CHEMBL203
C#Cc1cccc(Nc2ncnc3cc(OCCOC)c(OCCOC)cc23)c1,30.0,CHEMBL1827038,CHEMBL553,CHEMBL203
Fc1ccc(C2CC(c3ccc(Br)cc3)=NN2c2nc(-c3ccc(Cl)cc3)cs2)cc1,24160.0,CHEMBL1827038,CHEMBL1821883,CHEMBL203
Clc1ccc(-c2csc(N3N=C(c4ccc(Br)cc4)CC3c3ccc(Cl)cc3)n2)cc1,17840.0,CHEMBL1827038,CHEMBL1821884,CHEMBL203
Clc1ccc(-c2csc(N3N=C(c4ccc(Br)cc4)CC3c3ccc(Br)cc3)n2)cc1,25740.0,CHEMBL1827038,CHEMBL1821885,CHEMBL203
Cc1ccc(C2CC(c3ccc(Br)cc3)=NN2c2nc(-c3ccc(Cl)cc3)cs2)cc1,28170.0,CHEMBL1827038,CHEMBL1821886,CHEMBL203
COc1ccc(C2CC(c3ccc(Br)cc3)=NN2c2nc(-c3ccc(Cl)cc3)cs2)cc1,19830.0,CHEMBL1827038,CHEMBL1821887,CHEMBL203
Oc1ccc(C2CC(c3ccc(Br)cc3)=NN2c2nc(-c3ccc(Cl)cc3)cs2)cc1,21520.0,CHEMBL1827038,CHEMBL1821888,CHEMBL203
O=[N+]([O-])c1ccc(C2CC(c3ccc(Br)cc3)=NN2c2nc(-c3ccc(Cl)cc3)cs2)cc1,24370.0,CHEMBL1827038,CHEMBL1821889,CHEMBL203
COc1ccc(C2=NN(c3nc(-c4ccccc4)cs3)C(c3ccc(F)cc3)C2)cc1,5710.0,CHEMBL1827038,CHEMBL1821890,CHEMBL203
COc1ccc(C2=NN(c3nc(-c4ccccc4)cs3)C(c3ccc(Cl)cc3)C2)cc1,4940.0,CHEMBL1827038,CHEMBL1821891,CHEMBL203
COc1ccc(C2=NN(c3nc(-c4ccccc4)cs3)C(c3ccc(Br)cc3)C2)cc1,5560.0,CHEMBL1827038,CHEMBL1821892,CHEMBL203
COc1ccc(C2=NN(c3nc(-c4ccccc4)cs3)C(c3ccc(C)cc3)C2)cc1,7480.0,CHEMBL1827038,CHEMBL1821893,CHEMBL203
COc1ccc(C2=NN(c3nc(-c4ccccc4)cs3)C(c3ccc(OC)cc3)C2)cc1,6920.0,CHEMBL1827038,CHEMBL1821894,CHEMBL203
COc1ccc(C2=NN(c3nc(-c4ccccc4)cs3)C(c3ccc(O)cc3)C2)cc1,5350.0,CHEMBL1827038,CHEMBL1821895,CHEMBL203
COc1ccc(C2=NN(c3nc(-c4ccccc4)cs3)C(c3ccc([N+](=O)[O-])cc3)C2)cc1,8630.0,CHEMBL1827038,CHEMBL1821896,CHEMBL203
COc1ccc(C2=NN(c3nc(-c4ccc(Cl)cc4)cs3)C(c3ccc(F)cc3)C2)cc1,5070.0,CHEMBL1827038,CHEMBL1821897,CHEMBL203
COc1ccc(C2=NN(c3nc(-c4ccc(Cl)cc4)cs3)C(c3ccc(Cl)cc3)C2)cc1,7780.0,CHEMBL1827038,CHEMBL1822061,CHEMBL203
COc1ccc(C2=NN(c3nc(-c4ccc(Cl)cc4)cs3)C(c3ccc(Br)cc3)C2)cc1,6310.0,CHEMBL1827038,CHEMBL1822062,CHEMBL203
COc1ccc(C2=NN(c3nc(-c4ccc(Cl)cc4)cs3)C(c3ccc(C)cc3)C2)cc1,4680.0,CHEMBL1827038,CHEMBL1822063,CHEMBL203
COc1ccc(C2=NN(c3nc(-c4ccc(Cl)cc4)cs3)C(c3ccc(OC)cc3)C2)cc1,6270.0,CHEMBL1827038,CHEMBL1822064,CHEMBL203
COc1ccc(C2=NN(c3nc(-c4ccc(Cl)cc4)cs3)C(c3ccc(O)cc3)C2)cc1,7660.0,CHEMBL1827038,CHEMBL1822065,CHEMBL203
COc1ccc(C2=NN(c3nc(-c4ccc(Cl)cc4)cs3)C(c3ccc([N+](=O)[O-])cc3)C2)cc1,8430.0,CHEMBL1827038,CHEMBL1822066,CHEMBL203
NC(=S)N/N=C(/C=C/c1ccccc1F)c1ccccc1,22360.0,CHEMBL1831627,CHEMBL1830257,CHEMBL203
NC(=S)N/N=C(/C=C/c1ccccc1Cl)c1ccccc1,23270.0,CHEMBL1831627,CHEMBL1830258,CHEMBL203
NC(=S)N/N=C(/C=C/c1ccccc1Br)c1ccccc1,26000.0,CHEMBL1831627,CHEMBL1830259,CHEMBL203
COc1ccccc1/C=C/C(=N/NC(N)=S)c1ccccc1,33000.0,CHEMBL1831627,CHEMBL1830260,CHEMBL203
NC(=S)N/N=C(/C=C/c1cccc(F)c1)c1ccccc1,2080.0,CHEMBL1831627,CHEMBL1830261,CHEMBL203
COc1cccc(/C=C/C(=N/NC(N)=S)c2ccccc2)c1,10950.0,CHEMBL1831627,CHEMBL1830262,CHEMBL203
NC(=S)N/N=C(/C=C/c1cccc([N+](=O)[O-])c1)c1ccccc1,3740.0,CHEMBL1831627,CHEMBL1830263,CHEMBL203
NC(=S)N/N=C(/C=C/c1ccc(F)cc1)c1ccccc1,19120.0,CHEMBL1831627,CHEMBL1830264,CHEMBL203
NC(=S)N/N=C(/C=C/c1ccc(Cl)cc1)c1ccccc1,20480.0,CHEMBL1831627,CHEMBL1830265,CHEMBL203
NC(=S)N/N=C(/C=C/c1ccc(Br)cc1)c1ccccc1,26560.0,CHEMBL1831627,CHEMBL1830266,CHEMBL203
Cc1ccc(/C=C/C(=N/NC(N)=S)c2ccccc2)cc1,17390.0,CHEMBL1831627,CHEMBL1830267,CHEMBL203
COc1ccc(/C=C/C(=N/NC(N)=S)c2ccccc2)cc1,14830.0,CHEMBL1831627,CHEMBL1830268,CHEMBL203
NC(=S)N/N=C(/C=C/c1ccc([N+](=O)[O-])cc1)c1ccccc1,1570.0,CHEMBL1831627,CHEMBL1830269,CHEMBL203
NC(=S)N/N=C(/C=C/c1ccc(-c2ccccc2)cc1)c1ccccc1,5110.0,CHEMBL1831627,CHEMBL1830270,CHEMBL203
NC(=S)N/N=C(/C=C/c1ccc(OCc2ccccc2)cc1)c1ccccc1,700.0,CHEMBL1831627,CHEMBL1830271,CHEMBL203
NC(=S)N/N=C(/C=C/c1ccccc1)c1ccccc1,2380.0,CHEMBL1831627,CHEMBL1830272,CHEMBL203
NC(=S)N/N=C(/C=C/c1ccccc1)c1ccc(Br)cc1,12240.0,CHEMBL1831627,CHEMBL1830273,CHEMBL203
Cc1ccc(C(/C=C/c2ccccc2)=N\NC(N)=S)cc1,350.0,CHEMBL1831627,CHEMBL1830274,CHEMBL203
COc1ccc(C(/C=C/c2ccccc2)=N\NC(N)=S)cc1,8660.0,CHEMBL1831627,CHEMBL1830275,CHEMBL203
NC(=S)N/N=C(/C=C/c1ccccc1)c1ccc(Cl)cc1,590.0,CHEMBL1831627,CHEMBL1830276,CHEMBL203
NC(=S)N/N=C(/C=C/c1ccccc1)c1ccc(Cl)c(Cl)c1,9780.0,CHEMBL1831627,CHEMBL1830277,CHEMBL203
NC(=S)N/N=C(/C=C/c1ccc(F)cc1)c1ccc(Br)cc1,2170.0,CHEMBL1831627,CHEMBL1830278,CHEMBL203
COc1ccc(C(/C=C/c2ccccc2Cl)=N\NC(N)=S)cc1,7830.0,CHEMBL1831627,CHEMBL1830279,CHEMBL203
NC(=S)N/N=C(/C=C/c1cccc2ccccc12)c1ccccc1,410.0,CHEMBL1831627,CHEMBL1830280,CHEMBL203
C#Cc1cccc(Nc2ncnc3cc(OCCOC)c(OCCOC)cc23)c1,30.0,CHEMBL1831627,CHEMBL553,CHEMBL203
Cc1ncc([N+](=O)[O-])n1CC(=O)NS(=O)(=O)c1ccccc1,2940.0,CHEMBL1831700,CHEMBL1828860,CHEMBL203
Cc1ccc(S(=O)(=O)NC(=O)Cn2c([N+](=O)[O-])cnc2C)cc1,3430.0,CHEMBL1831700,CHEMBL1828861,CHEMBL203
Cc1ncc([N+](=O)[O-])n1CC(=O)NS(=O)(=O)c1ccc(F)cc1,390.0,CHEMBL1831700,CHEMBL1828862,CHEMBL203
Cc1ncc([N+](=O)[O-])n1CC(=O)NS(=O)(=O)c1ccc(Cl)cc1,1510.0,CHEMBL1831700,CHEMBL1828863,CHEMBL203
Cc1ncc([N+](=O)[O-])n1CC(=O)NS(=O)(=O)c1ccc(Br)cc1,2170.0,CHEMBL1831700,CHEMBL1828864,CHEMBL203
O=C(Cc1ccc(F)cc1)NS(=O)(=O)c1ccccc1,6740.0,CHEMBL1831700,CHEMBL1828865,CHEMBL203
Cc1ccc(S(=O)(=O)NC(=O)Cc2ccc(F)cc2)cc1,8280.0,CHEMBL1831700,CHEMBL1828866,CHEMBL203
O=C(Cc1ccc(F)cc1)NS(=O)(=O)c1ccc(F)cc1,5170.0,CHEMBL1831700,CHEMBL1828867,CHEMBL203
O=C(Cc1ccc(F)cc1)NS(=O)(=O)c1ccc(Cl)cc1,5930.0,CHEMBL1831700,CHEMBL1828868,CHEMBL203
O=C(Cc1ccc(F)cc1)NS(=O)(=O)c1ccc(Br)cc1,6410.0,CHEMBL1831700,CHEMBL1828869,CHEMBL203
O=C(Cc1ccc(Cl)cc1)NS(=O)(=O)c1ccccc1,11910.0,CHEMBL1831700,CHEMBL1828870,CHEMBL203
Cc1ccc(S(=O)(=O)NC(=O)Cc2ccc(Cl)cc2)cc1,13730.0,CHEMBL1831700,CHEMBL1828871,CHEMBL203
O=C(Cc1ccc(Cl)cc1)NS(=O)(=O)c1ccc(F)cc1,9590.0,CHEMBL1831700,CHEMBL1828872,CHEMBL203
O=C(Cc1ccc(Cl)cc1)NS(=O)(=O)c1ccc(Cl)cc1,10340.0,CHEMBL1831700,CHEMBL1828873,CHEMBL203
O=C(Cc1ccc(Cl)cc1)NS(=O)(=O)c1ccc(Br)cc1,11290.0,CHEMBL1831700,CHEMBL1828874,CHEMBL203
C#Cc1cccc(Nc2ncnc3cc(OCCOC)c(OCCOC)cc23)c1,32.0,CHEMBL1831700,CHEMBL553,CHEMBL203
O=C(Cc1ccc(Br)cc1)NS(=O)(=O)c1ccccc1,17810.0,CHEMBL1831700,CHEMBL1828875,CHEMBL203
Cc1ccc(S(=O)(=O)NC(=O)Cc2ccc(Br)cc2)cc1,18350.0,CHEMBL1831700,CHEMBL1828876,CHEMBL203
O=C(Cc1ccc(Br)cc1)NS(=O)(=O)c1ccc(F)cc1,14530.0,CHEMBL1831700,CHEMBL1828877,CHEMBL203
O=C(Cc1ccc(Br)cc1)NS(=O)(=O)c1ccc(Cl)cc1,15920.0,CHEMBL1831700,CHEMBL1828878,CHEMBL203
O=C(Cc1ccc(Br)cc1)NS(=O)(=O)c1ccc(Br)cc1,17260.0,CHEMBL1831700,CHEMBL1828879,CHEMBL203
COc1ccc(CC(=O)NS(=O)(=O)c2ccccc2)cc1,26200.0,CHEMBL1831700,CHEMBL1828880,CHEMBL203
COc1ccc(CC(=O)NS(=O)(=O)c2ccc(C)cc2)cc1,38520.0,CHEMBL1831700,CHEMBL1828881,CHEMBL203
COc1ccc(CC(=O)NS(=O)(=O)c2ccc(F)cc2)cc1,21840.0,CHEMBL1831700,CHEMBL1828882,CHEMBL203
COc1ccc(CC(=O)NS(=O)(=O)c2ccc(Cl)cc2)cc1,32850.0,CHEMBL1831700,CHEMBL1828883,CHEMBL203
COc1ccc(CC(=O)NS(=O)(=O)c2ccc(Br)cc2)cc1,24150.0,CHEMBL1831700,CHEMBL1828884,CHEMBL203
O=C(Cc1cccc(Br)c1)NS(=O)(=O)c1ccccc1,24680.0,CHEMBL1831700,CHEMBL1829271,CHEMBL203
Cc1ccc(S(=O)(=O)NC(=O)Cc2cccc(Br)c2)cc1,26170.0,CHEMBL1831700,CHEMBL1829272,CHEMBL203
O=C(Cc1cccc(Br)c1)NS(=O)(=O)c1ccc(F)cc1,18720.0,CHEMBL1831700,CHEMBL1829273,CHEMBL203
O=C(Cc1cccc(Br)c1)NS(=O)(=O)c1ccc(Cl)cc1,21280.0,CHEMBL1831700,CHEMBL1829274,CHEMBL203
O=C(Cc1cccc(Br)c1)NS(=O)(=O)c1ccc(Br)cc1,24330.0,CHEMBL1831700,CHEMBL1829275,CHEMBL203
Cc1ncc([N+](=O)[O-])n1CCOC(=O)/C=C/c1ccc(-c2ccccc2)cc1,620.0,CHEMBL1831702,CHEMBL1173718,CHEMBL203
CC[C@H](C)[C@H](N)C1=N[C@H](C(=O)N[C@@H](CC(C)C)C(=O)N[C@H](CCC(=O)O)C(=O)N[C@H](C(=O)N[C@H]2CCCCNC(=O)[C@H](CC(N)=O)NC(=O)[C@@H](CC(=O)O)NC(=O)[C@H](Cc3cnc[nH]3)NC(=O)[C@@H](Cc3ccccc3)NC(=O)[C@H]([C@@H](C)CC)NC(=O)[C@@H](CCCN)NC2=O)[C@@H](C)CC)CS1,5377.0,CHEMBL1909203,CHEMBL1200558,CHEMBL203
O=C(/C=C/c1ccc(O)c(O)c1)OCCc1ccccc1,1005.0,CHEMBL1909203,CHEMBL319244,CHEMBL203
CCOc1nc2cccc(C(=O)O)c2n1Cc1ccc(-c2ccccc2-c2nnn[nH]2)cc1,3276.9,CHEMBL1909203,CHEMBL1016,CHEMBL203
Oc1c(Cl)cc(Cl)cc1Sc1cc(Cl)cc(Cl)c1O,614.0,CHEMBL1909203,CHEMBL290106,CHEMBL203
COc1ccc(CCN2CCC(Nc3nc4ccccc4n3Cc3ccc(F)cc3)CC2)cc1,6057.0,CHEMBL1909203,CHEMBL296419,CHEMBL203
CCCCCCCCc1ccc(O)cc1,16219.0,CHEMBL1909203,CHEMBL195437,CHEMBL203
CC(C)(C)c1ccc(C(=O)CCCN2CCC(OC(c3ccccc3)c3ccccc3)CC2)cc1,559.1,CHEMBL1909203,CHEMBL305660,CHEMBL203
Clc1ccc(COC(Cn2ccnc2)c2ccc(Cl)cc2Cl)cc1,32404.0,CHEMBL1909203,CHEMBL808,CHEMBL203
CN(C)c1ccc(C(=C2C=CC(=[N+](C)C)C=C2)c2ccc(N(C)C)cc2)cc1.[Cl-],473.0,CHEMBL1909203,CHEMBL64894,CHEMBL203
Oc1c(Cl)cc(Cl)c(Cl)c1Cc1c(O)c(Cl)cc(Cl)c1Cl,748.6,CHEMBL1909203,CHEMBL496,CHEMBL203
OCCN1CCN(CCCN2c3ccccc3Sc3ccc(C(F)(F)F)cc32)CC1,40107.0,CHEMBL1909203,CHEMBL726,CHEMBL203
CN(CCOc1ccc(C[C@H](Nc2ccccc2C(=O)c2ccccc2)C(=O)O)cc1)c1ccccn1,10896.0,CHEMBL1909203,CHEMBL434063,CHEMBL203
CCCCCCCCCCCCCCCC[n+]1ccccc1.[Br-],3472.0,CHEMBL1909203,CHEMBL334255,CHEMBL203
Oc1ccccc1O,26043.0,CHEMBL1909203,CHEMBL280998,CHEMBL203
CC1(COc2ccc(CC3SC(=O)NC3=O)cc2)CCCCC1,4655.0,CHEMBL1909203,CHEMBL7002,CHEMBL203
Cc1cc(C(C#N)c2ccc(Cl)cc2)c(Cl)cc1NC(=O)c1cc(I)cc(I)c1O,564.0,CHEMBL1909203,CHEMBL12131,CHEMBL203
Clc1ccccc1C(c1ccccc1)(c1ccccc1)n1ccnc1,69421.0,CHEMBL1909203,CHEMBL104,CHEMBL203
CC(CCc1ccc(O)cc1)NCCc1ccc(O)c(O)c1,5551.0,CHEMBL1909203,CHEMBL926,CHEMBL203
CCN(CC)CCOc1ccc(/C(=C(/Cl)c2ccccc2)c2ccccc2)cc1,1050.0,CHEMBL1909203,CHEMBL954,CHEMBL203
CN(C)CCCN1c2ccccc2Sc2ccc(Cl)cc21,28868.0,CHEMBL1909203,CHEMBL71,CHEMBL203
C1CCC(C(CC2CCCCN2)C2CCCCC2)CC1,1485.2,CHEMBL1909203,CHEMBL75880,CHEMBL203
Oc1cccc(O)c1O,1230.0,CHEMBL1909203,CHEMBL307145,CHEMBL203
Cc1c(O)cccc1C(=O)N[C@@H](CSc1ccccc1)[C@H](O)CN1C[C@H]2CCCC[C@H]2C[C@H]1C(=O)NC(C)(C)C,55629.0,CHEMBL1909203,CHEMBL584,CHEMBL203
O=C1c2c(O)ccc(O)c2C(=O)c2c(NCCNCCO)ccc(NCCNCCO)c21,5385.9,CHEMBL1909203,CHEMBL58,CHEMBL203
Clc1ccc(COC(Cn2ccnc2)c2ccc(Cl)cc2Cl)c(Cl)c1,29256.0,CHEMBL1909203,CHEMBL91,CHEMBL203
CC[C@H](C)[C@@H](CO[C@@H](Cc1ccccc1)C(=O)N[C@@H](CCS(C)(=O)=O)C(=O)OC(C)C)NC[C@@H](N)CS,3216.0,CHEMBL1909203,CHEMBL1221512,CHEMBL203
CC(C)(O)c1ccccc1CC[C@@H](SCC1(CC(=O)O)CC1)c1cccc(/C=C/c2ccc3ccc(Cl)cc3n2)c1,3197.0,CHEMBL1909203,CHEMBL787,CHEMBL203
N[C@@H](Cc1ccc(O)c(O)c1)C(=O)O,2880.0,CHEMBL1909203,CHEMBL1009,CHEMBL203
C[C@](N)(Cc1ccc(O)c(O)c1)C(=O)O,5228.0,CHEMBL1909203,CHEMBL459,CHEMBL203
Oc1c(I)cc(I)c2cccnc12,1889.0,CHEMBL1909203,CHEMBL86754,CHEMBL203
COc1cc(C(=O)NS(=O)(=O)c2ccccc2C)ccc1Cc1cn(C)c2ccc(NC(=O)OC3CCCC3)cc12,5751.0,CHEMBL1909203,CHEMBL603,CHEMBL203
O=C(Nc1ccc(Br)cc1)c1cc(Br)cc(Br)c1O,2987.0,CHEMBL1909203,CHEMBL24944,CHEMBL203
[Cl-].[Cl-].[Zn+2],2188.4,CHEMBL1909203,CHEMBL1200679,CHEMBL203
C[C@@H]1C[C@H]2[C@@H]3CCC4=CC(=O)C=C[C@]4(C)C3=CC[C@]2(C)[C@H]1C(=O)CN1CCN(c2cc(N3CCCC3)nc(N3CCCC3)n2)CC1,20397.0,CHEMBL1909203,CHEMBL1630578,CHEMBL203
CSc1ccc2c(c1)N(CCC1CCCCN1C)c1ccccc1S2,2947.0,CHEMBL1909203,CHEMBL479,CHEMBL203
CC/C(=C(\c1ccccc1)c1ccc(OCCN(C)C)cc1)c1ccccc1,3553.0,CHEMBL1909203,CHEMBL83,CHEMBL203
CSc1ccc(/C=C2/C(C)=C(CC(=O)O)c3cc(F)ccc32)cc1,23981.0,CHEMBL1909203,CHEMBL18797,CHEMBL203
CCCCCCCCNC(C)C(O)c1ccc(SC(C)C)cc1,794.4,CHEMBL1909203,CHEMBL404849,CHEMBL203
CC(C)(C)c1ccc(C(O)CCCN2CCC(C(O)(c3ccccc3)c3ccccc3)CC2)cc1,3566.0,CHEMBL1909203,CHEMBL17157,CHEMBL203
N#Cc1cc2c(N)ncnc2nc1NCCO,93300.0,CHEMBL1912180,CHEMBL1910268,CHEMBL203
Nc1scc2c1c(Nc1ccc(S(N)(=O)=O)cc1)nc1ncnc(N)c12,29500.0,CHEMBL1912180,CHEMBL1910273,CHEMBL203
Cc1c(C#N)c(NCCO)nc2nc(NCCO)nc(N)c12,47900.0,CHEMBL1912180,CHEMBL1910275,CHEMBL203
Nc1scc2c1c(NCCO)nc1nc(NCCO)nc(N)c12,66100.0,CHEMBL1912180,CHEMBL1910278,CHEMBL203
Cc1ccccc1Nc1nc2cc(F)c(N(C)C(=O)/C=C/CN(C)C)cc2n2cncc12,1.4,CHEMBL1919050,CHEMBL1916891,CHEMBL203
Cc1ccc(F)cc1Nc1nc2cc(Cl)c(N(C)C(=O)/C=C/CN(C)C)cc2n2cncc12,3.35,CHEMBL1919050,CHEMBL1916897,CHEMBL203
Cc1ccccc1Nc1nc2cc(F)c(N(C)C(=O)/C=C/CN(C)C)cc2n2cncc12,17.2,CHEMBL1919051,CHEMBL1916891,CHEMBL203
Cc1ccc(F)cc1Nc1nc2cc(Cl)c(N(C)C(=O)/C=C/CN(C)C)cc2n2cncc12,68.0,CHEMBL1919051,CHEMBL1916897,CHEMBL203
C=CC(=O)N1CCC[C@@H](n2nc(-c3ccc(Oc4ccccc4)cc3)c3c(N)ncnc32)C1,5.6,CHEMBL1919256,CHEMBL1873475,CHEMBL203
Cc1ccccc1Nc1nc2cc(F)c(N(C)C(=O)/C=C/CN(C)C)cc2n2cncc12,75.6,CHEMBL1919477,CHEMBL1916891,CHEMBL203
CN[C@@H]1C[C@H]2O[C@@](C)([C@@H]1OC)n1c3ccccc3c3c4c(c5c6ccccc6n2c5c31)C(=O)NC4,188.3,CHEMBL1921573,CHEMBL388978,CHEMBL203
Br.C[C@@H](Nc1ncnc2[nH]c(-c3ccc(O)cc3)cc12)c1ccccc1,3.7,CHEMBL1920033,CHEMBL1914653,CHEMBL203
Br.C[C@@H](Nc1ncnc2[nH]c(-c3ccc(O)cc3)cc12)c1ccc(F)cc1,3.8,CHEMBL1920033,CHEMBL1914654,CHEMBL203
Br.C[C@@H](Nc1ncnc2[nH]c(-c3ccc(O)cc3)cc12)c1ccc(Br)cc1,62.0,CHEMBL1920033,CHEMBL1914655,CHEMBL203
Br.Cc1ccc([C@@H](C)Nc2ncnc3[nH]c(-c4ccc(O)cc4)cc23)cc1,450.0,CHEMBL1920033,CHEMBL1914656,CHEMBL203
Br.CC(Nc1ncnc2[nH]c(-c3ccc(O)cc3)cc12)c1ccc(C(F)(F)F)cc1,4608.0,CHEMBL1920033,CHEMBL1914657,CHEMBL203
Br.C[C@@H](Nc1ncnc2[nH]c(-c3ccc(O)cc3)cc12)c1ccccc1F,8.0,CHEMBL1920033,CHEMBL1914658,CHEMBL203
Br.Cc1ccccc1C(C)Nc1ncnc2[nH]c(-c3ccc(O)cc3)cc12,17.0,CHEMBL1920033,CHEMBL1914659,CHEMBL203
Br.C[C@@H](Nc1ncnc2[nH]c(-c3ccc(O)cc3)cc12)c1cccc(F)c1,9.0,CHEMBL1920033,CHEMBL1914660,CHEMBL203
Br.Cc1cccc(C(C)Nc2ncnc3[nH]c(-c4ccc(O)cc4)cc23)c1,95.0,CHEMBL1920033,CHEMBL1914661,CHEMBL203
Br.Oc1ccc(-c2cc3c(NCc4ccccc4)ncnc3[nH]2)cc1,3.3,CHEMBL1920033,CHEMBL1914461,CHEMBL203
Br.Oc1ccc(-c2cc3c(NCc4ccc(F)cc4)ncnc3[nH]2)cc1,26.0,CHEMBL1920033,CHEMBL1914662,CHEMBL203
Br.Oc1ccc(-c2cc3c(NCc4ccccc4F)ncnc3[nH]2)cc1,45.0,CHEMBL1920033,CHEMBL1914663,CHEMBL203
Br.Oc1ccc(-c2cc3c(NCc4cccc(F)c4)ncnc3[nH]2)cc1,52.0,CHEMBL1920033,CHEMBL1914664,CHEMBL203
Br.CC[C@@H](Nc1ncnc2[nH]c(-c3ccc(O)cc3)cc12)c1ccccc1,4.0,CHEMBL1920033,CHEMBL1914665,CHEMBL203
Br.CC(Nc1ncnc2[nH]c(-c3ccc(O)cc3)cc12)c1cccc2ccccc12,1008.0,CHEMBL1920033,CHEMBL1914666,CHEMBL203
COc1ccc(-c2cc3c(N[C@H](C)c4ccccc4)ncnc3[nH]2)cc1,4.7,CHEMBL1920033,CHEMBL1914667,CHEMBL203
C[C@@H](Nc1[nH]cnc2nc(-c3ccccc3)cc1-2)c1ccccc1,3.3,CHEMBL1920033,CHEMBL105053,CHEMBL203
C[C@@H](Nc1ncnc2[nH]c(-c3ccc(F)cc3)cc12)c1ccccc1,6.6,CHEMBL1920033,CHEMBL1914668,CHEMBL203
C[C@@H](Nc1ncnc2[nH]c(-c3ccc(Br)cc3)cc12)c1ccccc1,63.0,CHEMBL1920033,CHEMBL1914669,CHEMBL203
C[C@@H](Nc1ncnc2[nH]c(-c3ccc(C#N)cc3)cc12)c1ccccc1,12.0,CHEMBL1920033,CHEMBL1914670,CHEMBL203
C[C@@H](Nc1ncnc2[nH]c(-c3ccccc3)cc12)c1ccc(F)cc1,33.0,CHEMBL1920033,CHEMBL1914671,CHEMBL203
C[C@@H](Nc1ncnc2[nH]c(-c3ccc(F)cc3)cc12)c1ccc(F)cc1,27.0,CHEMBL1920033,CHEMBL1914672,CHEMBL203
C[C@@H](Nc1ncnc2[nH]c(-c3ccc(Br)cc3)cc12)c1ccc(F)cc1,29.0,CHEMBL1920033,CHEMBL1914673,CHEMBL203
C[C@@H](Nc1ncnc2[nH]c(-c3ccc(C#N)cc3)cc12)c1ccc(F)cc1,14.0,CHEMBL1920033,CHEMBL1914674,CHEMBL203
CCN1CCN(Cc2ccc(-c3cc4c(N[C@H](C)c5ccccc5)ncnc4[nH]3)cc2)CC1,2.0,CHEMBL1920033,CHEMBL587723,CHEMBL203
O=C(c1cc2ccccc2[nH]1)c1cc2c(Nc3cccc(Cl)c3)ncnc2s1,300.0,CHEMBL1932379,CHEMBL1928309,CHEMBL203
O=C(c1cc2cc(O)ccc2[nH]1)c1cc2c(Nc3ccc(F)c(Cl)c3)ncnc2s1,100.0,CHEMBL1932379,CHEMBL1928311,CHEMBL203
Cc1ccc(-c2nnc(SCc3ccccc3)o2)c(O)c1,34250.0,CHEMBL1931161,CHEMBL1929312,CHEMBL203
CC(C)(C)c1ccc(-c2nnc(SCc3ccccc3)o2)cc1,7440.0,CHEMBL1931161,CHEMBL1929308,CHEMBL203
COc1ccccc1-c1nnc(SCc2ccccc2)o1,12320.0,CHEMBL1931161,CHEMBL1929307,CHEMBL203
CCOc1ccccc1-c1nnc(SCc2ccccc2)o1,38430.0,CHEMBL1931161,CHEMBL1929306,CHEMBL203
Nc1ccccc1-c1nnc(SCc2ccccc2)o1,1510.0,CHEMBL1931161,CHEMBL1929305,CHEMBL203
O=[N+]([O-])c1ccccc1-c1nnc(SCc2ccccc2)o1,38320.0,CHEMBL1931161,CHEMBL1929304,CHEMBL203
Cc1ccccc1-c1nnc(SCc2ccccc2)o1,5720.0,CHEMBL1931161,CHEMBL1440725,CHEMBL203
Fc1ccccc1-c1nnc(SCc2ccccc2)o1,5110.0,CHEMBL1931161,CHEMBL1929303,CHEMBL203
c1ccc(CSc2nnc(-c3ccccc3)o2)cc1,16630.0,CHEMBL1931161,CHEMBL1929302,CHEMBL203
COc1cc2ncnc(Nc3ccc(F)c(Cl)c3)c2cc1OCCCN1CCOCC1,20.0,CHEMBL1931161,CHEMBL939,CHEMBL203
COc1cc(OC)cc(-c2nnc(SCc3ccccc3)o2)c1,26060.0,CHEMBL1931161,CHEMBL1929314,CHEMBL203
O=C(c1cc2cc(O)ccc2[nH]1)c1cc2c(Nc3ccc(F)c(Cl)c3)ncnc2s1,24.0,CHEMBL1930721,CHEMBL1928311,CHEMBL203
Cc1ccc(-n2nc(C(C)(C)C)cc2NC(=O)Nc2ccc(OCCN3CCOCC3)c3ccccc23)cc1,3800.0,CHEMBL1932841,CHEMBL103667,CHEMBL203
O=[N+]([O-])c1cccc(Oc2cc(Nc3ccc(OCc4cccc(F)c4)c(Cl)c3)ncn2)c1,1204.0,CHEMBL1932747,CHEMBL1928944,CHEMBL203
Nc1cccc(Oc2cc(Nc3ccc(OCc4cccc(F)c4)c(Cl)c3)ncn2)c1,473.0,CHEMBL1932747,CHEMBL1928945,CHEMBL203
CC(=O)Nc1cccc(Oc2cc(Nc3ccc(OCc4cccc(F)c4)c(Cl)c3)ncn2)c1,108.0,CHEMBL1932747,CHEMBL1928946,CHEMBL203
C=CC(=O)Nc1cccc(Oc2cc(Nc3ccc(OCc4cccc(F)c4)c(Cl)c3)ncn2)c1,37.0,CHEMBL1932747,CHEMBL1928947,CHEMBL203
CCOC(=O)/C=C/C(=O)Nc1cccc(Oc2cc(Nc3ccc(OCc4cccc(F)c4)c(Cl)c3)ncn2)c1,129.0,CHEMBL1932747,CHEMBL1928948,CHEMBL203
CCOC(=O)CNc1cccc(Oc2cc(Nc3ccc(OCc4cccc(F)c4)c(Cl)c3)ncn2)c1,370.0,CHEMBL1932747,CHEMBL1928949,CHEMBL203
N#CCC(=O)Nc1cccc(Oc2cc(Nc3ccc(OCc4cccc(F)c4)c(Cl)c3)ncn2)c1,48.0,CHEMBL1932747,CHEMBL1928950,CHEMBL203
Nc1cc(Nc2cccc(Oc3cc(Nc4ccc(OCc5cccc(F)c5)c(Cl)c4)ncn3)c2)ncn1,61.0,CHEMBL1932747,CHEMBL1928952,CHEMBL203
O=C(/C=C/c1ccccc1)Nc1cccc(Oc2cc(Nc3ccc(OCc4cccc(F)c4)c(Cl)c3)ncn2)c1,1671.0,CHEMBL1932747,CHEMBL1928954,CHEMBL203
O=C(COc1ccccc1)Nc1cccc(Oc2cc(Nc3ccc(OCc4cccc(F)c4)c(Cl)c3)ncn2)c1,65.0,CHEMBL1932747,CHEMBL1928955,CHEMBL203
O=C(Cc1cc(F)c(F)cc1F)Nc1cccc(Oc2cc(Nc3ccc(OCc4cccc(F)c4)c(Cl)c3)ncn2)c1,627.0,CHEMBL1932747,CHEMBL1928956,CHEMBL203
O=C(/C=C/c1ccc(F)cc1)Nc1cccc(Oc2cc(Nc3ccc(OCc4cccc(F)c4)c(Cl)c3)ncn2)c1,821.0,CHEMBL1932747,CHEMBL1928957,CHEMBL203
COc1ccc(/C=C/C(=O)Nc2cccc(Oc3cc(Nc4ccc(OCc5cccc(F)c5)c(Cl)c4)ncn3)c2)cc1OC,523.0,CHEMBL1932747,CHEMBL1928958,CHEMBL203
O=C(COc1cc(F)c(F)c(F)c1)Nc1cccc(Oc2cc(Nc3ccc(OCc4cccc(F)c4)c(Cl)c3)ncn2)c1,721.0,CHEMBL1932747,CHEMBL1928959,CHEMBL203
CS(=O)(=O)CCNCc1ccc(-c2ccc3ncnc(Nc4ccc(OCc5cccc(F)c5)c(Cl)c4)c3c2)o1,9.0,CHEMBL1932747,CHEMBL554,CHEMBL203
Cc1ccccc1Cc1cc2c(Nc3cccc(Br)c3)nc(N)nc2[nH]1,9190.0,CHEMBL1932339,CHEMBL1095464,CHEMBL203
COc1ccc(OC)c(Cc2cc3c(Nc4cccc(Br)c4)nc(N)nc3[nH]2)c1,240.0,CHEMBL1932339,CHEMBL1095465,CHEMBL203
Nc1nc(Nc2ccc(Cl)cc2F)c2cc(Cc3cccc4ccccc34)[nH]c2n1,112100.0,CHEMBL1932339,CHEMBL1929554,CHEMBL203
Nc1nc(Nc2ccc(Cl)cc2)c2cc(Cc3cccc4ccccc34)[nH]c2n1,12620.0,CHEMBL1932339,CHEMBL1929555,CHEMBL203
COc1ccc(OC)c(Cc2cc3c(Nc4ccc(Cl)cc4F)nc(N)nc3[nH]2)c1,112700.0,CHEMBL1932339,CHEMBL1929556,CHEMBL203
COc1cc2ncnc(Nc3cccc(Br)c3)c2cc1OC,230.0,CHEMBL1932339,CHEMBL29197,CHEMBL203
C#Cc1cccc(Nc2ncnc3cc(OCCOC)c(OCCOC)cc23)c1,1200.0,CHEMBL1932339,CHEMBL553,CHEMBL203
CCN(CC)CCNC(=O)c1c(C)[nH]c(/C=C2\C(=O)Nc3ccc(F)cc32)c1C,172100.0,CHEMBL1932339,CHEMBL535,CHEMBL203
Oc1ccccc1CNc1ccc2ncnc(Nc3cccc(Br)c3)c2c1,3220.0,CHEMBL1930231,CHEMBL1928707,CHEMBL203
Oc1ccc(CNc2ccc3ncnc(Nc4cccc(Br)c4)c3c2)cc1,870.0,CHEMBL1930231,CHEMBL1928708,CHEMBL203
COc1ccccc1CNc1ccc2ncnc(Nc3cccc(Br)c3)c2c1,11220.0,CHEMBL1930231,CHEMBL1928709,CHEMBL203
Clc1ccc(CNc2ccc3ncnc(Nc4cccc(Br)c4)c3c2)cc1,1640.0,CHEMBL1930231,CHEMBL1928711,CHEMBL203
Brc1ccc(CNc2ccc3ncnc(Nc4cccc(Br)c4)c3c2)cc1,3130.0,CHEMBL1930231,CHEMBL1928712,CHEMBL203
Oc1ccccc1CNc1ccc2ncnc(Nc3cccc(Cl)c3)c2c1,3540.0,CHEMBL1930231,CHEMBL1928716,CHEMBL203
Oc1ccc(CNc2ccc3ncnc(Nc4cccc(Cl)c4)c3c2)cc1,1870.0,CHEMBL1930231,CHEMBL1928886,CHEMBL203
COc1ccccc1CNc1ccc2ncnc(Nc3cccc(Cl)c3)c2c1,13880.0,CHEMBL1930231,CHEMBL1928887,CHEMBL203
Clc1ccc(CNc2ccc3ncnc(Nc4cccc(Cl)c4)c3c2)cc1,4410.0,CHEMBL1930231,CHEMBL1928889,CHEMBL203
Clc1cccc(Nc2ncnc3ccc(NCc4ccc(Br)cc4)cc23)c1,5670.0,CHEMBL1930231,CHEMBL1928890,CHEMBL203
C#Cc1cccc(Nc2ncnc3cc(OCCOC)c(OCCOC)cc23)c1,30.0,CHEMBL1930231,CHEMBL553,CHEMBL203
O=C(c1cc2ccccc2[nH]1)c1cc2c(Nc3ccc(F)c(Cl)c3)ncnc2s1,5.54,CHEMBL1930721,CHEMBL1928291,CHEMBL203
C#Cc1cccc(Nc2ncnc3sc(C(=O)c4cc5ccccc5[nH]4)cc23)c1,18.7,CHEMBL1930721,CHEMBL1928293,CHEMBL203
O=C(c1cc2ccccc2[nH]1)c1cc2c(Nc3ccc(OCc4cccc(F)c4)cc3Cl)ncnc2s1,18.5,CHEMBL1930721,CHEMBL1928301,CHEMBL203
O=C(c1cc2ccccc2[nH]1)c1cc2c(Nc3cccc(Cl)c3)ncnc2s1,16.6,CHEMBL1930721,CHEMBL1928309,CHEMBL203
O=C(c1cc2ccccc2[nH]1)c1cc2c(Nc3ccc(F)cc3)ncnc2s1,43.7,CHEMBL1930721,CHEMBL1928310,CHEMBL203
COc1ccc2[nH]c(C(=O)c3cc4c(Nc5ccc(F)c(Cl)c5)ncnc4s3)cc2c1,5.93,CHEMBL1930721,CHEMBL1928312,CHEMBL203
O=C(c1cc2ccccc2s1)c1cc2c(Nc3ccc(F)c(Cl)c3)ncnc2s1,10.8,CHEMBL1930721,CHEMBL1928315,CHEMBL203
C#Cc1cccc(Nc2ncnc3cc(OCCOC)c(OCCOC)cc23)c1,3.1,CHEMBL1930721,CHEMBL553,CHEMBL203
CS(=O)(=O)CCNCc1ccc(-c2ccc3ncnc(Nc4ccc(OCc5cccc(F)c5)c(Cl)c4)c3c2)o1,8.9,CHEMBL1930721,CHEMBL554,CHEMBL203
Cc1ncnc(Nc2ccc(OCc3cccc(F)c3)c(Cl)c2)c1C#Cc1ccccc1,650.0,CHEMBL1935838,CHEMBL1934621,CHEMBL203
Cc1ncnc(Nc2ccc(OCc3cccc(F)c3)c(Cl)c2)c1C#Cc1ccc(CNCCS(C)(=O)=O)cc1,22.0,CHEMBL1935838,CHEMBL1934622,CHEMBL203
Cc1ncnc(Nc2ccc(OCc3cccc(F)c3)c(Cl)c2)c1C#Cc1ccc(CNC(C)C)cc1,3.0,CHEMBL1935838,CHEMBL1934623,CHEMBL203
Cc1ncnc(Nc2ccc(OCc3cccc(F)c3)c(Cl)c2)c1C#Cc1ccc(CN2CCCC2)cc1,9.0,CHEMBL1935838,CHEMBL1934624,CHEMBL203
Cc1ncnc(Nc2ccc(OCc3cccc(F)c3)c(Cl)c2)c1C#Cc1ccc(CN(C)C)cc1,7.0,CHEMBL1935838,CHEMBL1934625,CHEMBL203
Cc1ncnc(Nc2ccc(OCc3cccc(F)c3)c(Cl)c2)c1C#Cc1ccc(CN2CCCC2)c(F)c1,190.0,CHEMBL1935838,CHEMBL1934626,CHEMBL203
Cc1ncnc(Nc2ccc(OCc3cccc(F)c3)c(Cl)c2)c1C#Cc1ccc(CN2CCCC2)o1,79.0,CHEMBL1935838,CHEMBL1934627,CHEMBL203
Cc1ncnc(Nc2ccc(OCc3cccc(F)c3)c(Cl)c2)c1C#Cc1ccc(CN2CCCC2)s1,30.0,CHEMBL1935838,CHEMBL1934628,CHEMBL203
Cc1ncnc(Nc2ccc(OCc3cccc(F)c3)c(Cl)c2)c1C#Cc1ncc(CN2CCCC2)s1,74.0,CHEMBL1935838,CHEMBL1934629,CHEMBL203
Cc1ncnc(Nc2ccc(OCc3cccc(F)c3)c(Cl)c2)c1C#Cc1cccc(CN(C)C)c1,55.0,CHEMBL1935838,CHEMBL1933083,CHEMBL203
Cc1ncnc(Nc2ccc(OCc3cccc(F)c3)c(Cl)c2)c1C#CCOc1ccc(CNC(C)C)cc1,86.0,CHEMBL1935838,CHEMBL1934630,CHEMBL203
Cc1ncnc(Nc2ccc(OCc3cccc(F)c3)c(Cl)c2)c1/C=C/c1ccc(CNCCS(C)(=O)=O)cc1,94.0,CHEMBL1935838,CHEMBL1934631,CHEMBL203
Cc1ncnc(Nc2ccc(OCc3cccc(F)c3)c(Cl)c2)c1/C=C/c1ccc(CNC(C)C)cc1,24.0,CHEMBL1935838,CHEMBL1934632,CHEMBL203
Cc1ncnc(Nc2ccc(OCc3cccc(F)c3)c(Cl)c2)c1/C=C/c1ccc(CNC2CC2)cc1,98.0,CHEMBL1935838,CHEMBL1934633,CHEMBL203
CS(=O)(=O)CCNCc1ccc(-c2ccc3ncnc(Nc4ccc(OCc5cccc(F)c5)c(Cl)c4)c3c2)o1,10.0,CHEMBL1935838,CHEMBL554,CHEMBL203
C#Cc1cccc(Nc2ncnc3cc(OCCOC)c(OCCOC)cc23)c1,1.0,CHEMBL1935855,CHEMBL553,CHEMBL203
COc1cc2ncnc(Nc3ccc(F)c(Cl)c3)c2cc1OCCCN1CCOCC1,1.0,CHEMBL1935855,CHEMBL939,CHEMBL203
CS(=O)(=O)CCNCc1ccc(-c2ccc3ncnc(Nc4ccc(OCc5cccc(F)c5)c(Cl)c4)c3c2)o1.Cc1ccc(S(=O)(=O)O)cc1.Cc1ccc(S(=O)(=O)O)cc1.O,10.0,CHEMBL1935855,CHEMBL1201179,CHEMBL203
Nc1ccc2ncnc(Nc3cccc(Cl)c3)c2c1,189.0,CHEMBL1949352,CHEMBL343352,CHEMBL203
Nc1ccc2ncnc(Nc3cccc(Br)c3)c2c1,53.0,CHEMBL1949352,CHEMBL52765,CHEMBL203
Nc1ccc2ncnc(Nc3ccc(F)c(Cl)c3)c2c1,29.0,CHEMBL1949352,CHEMBL242541,CHEMBL203
COc1cc2ncc(C(=O)O)c(Nc3cccc(Cl)c3)c2cc1OC,9021.0,CHEMBL1949352,CHEMBL1947122,CHEMBL203
COc1cc2ncc(C(=O)O)c(Nc3cccc(Br)c3)c2cc1OC,8719.0,CHEMBL1949352,CHEMBL541988,CHEMBL203
COc1cc2ncc(C(=O)O)c(Nc3ccc(F)c(Cl)c3)c2cc1OC,9284.0,CHEMBL1949352,CHEMBL1947123,CHEMBL203
CC1(C)CC(C(=O)Nc2ccc3ncnc(Nc4cccc(Cl)c4)c3c2)CC(C)(C)N1[O],65.0,CHEMBL1949352,CHEMBL1947125,CHEMBL203
CC1(C)CC(C(=O)Nc2ccc3ncnc(Nc4cccc(Br)c4)c3c2)CC(C)(C)N1[O],31.0,CHEMBL1949352,CHEMBL1946926,CHEMBL203
CC1(C)CC(C(=O)Nc2ccc3ncnc(Nc4ccc(F)c(Cl)c4)c3c2)CC(C)(C)N1[O],15.0,CHEMBL1949352,CHEMBL1947124,CHEMBL203
COc1cc2ncc(C(=O)NC3CC(C)(C)N([O])C(C)(C)C3)c(Nc3cccc(Cl)c3)c2cc1OC,623.0,CHEMBL1949352,CHEMBL1947126,CHEMBL203
COc1cc2ncc(C(=O)NC3CC(C)(C)N([O])C(C)(C)C3)c(Nc3cccc(Br)c3)c2cc1OC,342.0,CHEMBL1949352,CHEMBL1947127,CHEMBL203
COc1cc2ncc(C(=O)NC3CC(C)(C)N([O])C(C)(C)C3)c(Nc3ccc(F)c(Cl)c3)c2cc1OC,422.0,CHEMBL1949352,CHEMBL1947121,CHEMBL203
COc1cc2ncnc(Nc3ccc(F)c(Cl)c3)c2cc1OCCCN1CCOCC1,7.3,CHEMBL1949352,CHEMBL939,CHEMBL203
Cc1ccc(S(=O)(=O)NC(=O)c2cccnc2)cc1,24830.0,CHEMBL1949030,CHEMBL1916951,CHEMBL203
O=C(NS(=O)(=O)c1ccc(Cl)cc1)c1cccnc1,25360.0,CHEMBL1949030,CHEMBL1916949,CHEMBL203
O=C(NS(=O)(=O)c1ccccc1)c1cncc(Br)c1,20190.0,CHEMBL1949030,CHEMBL1945444,CHEMBL203
Cc1ccc(S(=O)(=O)NC(=O)c2cncc(Br)c2)cc1,12110.0,CHEMBL1949030,CHEMBL1945445,CHEMBL203
O=C(NS(=O)(=O)c1ccc(F)cc1)c1cncc(Br)c1,3270.0,CHEMBL1949030,CHEMBL1945446,CHEMBL203
O=C(NS(=O)(=O)c1ccc(Br)cc1)c1cncc(Br)c1,2080.0,CHEMBL1949030,CHEMBL1945447,CHEMBL203
O=C(NS(=O)(=O)c1ccc(Cl)cc1)c1cncc(Br)c1,90.0,CHEMBL1949030,CHEMBL1945448,CHEMBL203
Cc1ccc(S(=O)(=O)NC(=O)c2cccnc2Cl)cc1,27050.0,CHEMBL1949030,CHEMBL1945450,CHEMBL203
O=C(NS(=O)(=O)c1ccc(F)cc1)c1cccnc1Cl,28660.0,CHEMBL1949030,CHEMBL1945451,CHEMBL203
O=C(NS(=O)(=O)c1ccc(Br)cc1)c1cccnc1Cl,15680.0,CHEMBL1949030,CHEMBL1945452,CHEMBL203
O=C(NS(=O)(=O)c1ccc(Cl)cc1)c1cccnc1Cl,19830.0,CHEMBL1949030,CHEMBL1945453,CHEMBL203
O=C(NS(=O)(=O)c1ccc(Br)cc1)c1ccc(Cl)nc1,29070.0,CHEMBL1949030,CHEMBL1945644,CHEMBL203
O=C(NS(=O)(=O)c1ccc(Cl)cc1)c1ccc(Cl)nc1,18150.0,CHEMBL1949030,CHEMBL1945645,CHEMBL203
Cc1ccc(C(=O)NS(=O)(=O)c2ccccc2)c(Cl)n1,21560.0,CHEMBL1949030,CHEMBL1945646,CHEMBL203
Cc1ccc(S(=O)(=O)NC(=O)c2ccc(C)nc2Cl)cc1,15020.0,CHEMBL1949030,CHEMBL1945647,CHEMBL203
Cc1ccc(C(=O)NS(=O)(=O)c2ccc(Br)cc2)c(Cl)n1,2640.0,CHEMBL1949030,CHEMBL1945648,CHEMBL203
Cc1ccc(C(=O)NS(=O)(=O)c2ccc(Cl)cc2)c(Cl)n1,1190.0,CHEMBL1949030,CHEMBL1945649,CHEMBL203
C#Cc1cccc(Nc2ncnc3cc(OCCOC)c(OCCOC)cc23)c1,30.0,CHEMBL1949030,CHEMBL553,CHEMBL203
CN(C)c1nc(N/N=C/c2cc(Br)c(O)c(Br)c2O)nc(Nc2ccc(F)cc2)n1,25900.0,CHEMBL1947770,CHEMBL1946843,CHEMBL203
COc1cccc(Nc2ccnc(Nc3cccc(OC)c3)n2)c1,7700.0,CHEMBL1947770,CHEMBL1947045,CHEMBL203
COc1ccccc1Nc1ccnc(Nc2ccccc2OC)n1,90400.0,CHEMBL1947770,CHEMBL1947046,CHEMBL203
CS(=O)(=O)CCNCc1ccc(-c2ccc3ncnc(Nc4ccc(OCc5cccc(F)c5)c(Cl)c4)c3c2)o1,8.0,CHEMBL1947770,CHEMBL554,CHEMBL203
COc1cccc2c1C(=O)c1c(O)ccc(O)c1C2=O,4300.0,CHEMBL1947770,CHEMBL1944921,CHEMBL203
CC(=O)Nc1ccc(S(=O)(=O)Nc2nc3ccccc3nc2Nc2ccc(C(=O)O)cc2)cc1,35800.0,CHEMBL1947770,CHEMBL1944923,CHEMBL203
COc1ccc2c3oc(=O)cc(O)c3c(=O)n(C)c2c1,76400.0,CHEMBL1947770,CHEMBL1944928,CHEMBL203
Cc1ccc(-n2c(SCC(=O)Nc3ccccc3Cl)nc3sc(C)c(C)c3c2=O)cc1,81600.0,CHEMBL1947770,CHEMBL1944641,CHEMBL203
O=c1c2c(-c3ccccc3)c3c(nc2nc2[nH]nc(S)n12)-c1ccccc1CC3,85600.0,CHEMBL1947770,CHEMBL1944930,CHEMBL203
CCOC(=O)c1ccc(NC(=O)CSc2nnc(CNc3ccc(OC)cc3)n2-c2ccccc2)cc1,92400.0,CHEMBL1947770,CHEMBL1944931,CHEMBL203
CN(C)c1nc(N/N=C/c2cc(Br)c(O)c(Br)c2O)nc(Nc2ccc(F)cc2)n1,6500.0,CHEMBL1947771,CHEMBL1946843,CHEMBL203
O=C(CSc1nc(O)nc(-c2ccc(Cl)cc2)n1)Nc1ccc(Cl)cc1,13000.0,CHEMBL1947771,CHEMBL1946844,CHEMBL203
CNc1nc(N/N=C\c2ccc(OC)cc2)nc(Nc2ccccc2)n1,31000.0,CHEMBL1947771,CHEMBL1946845,CHEMBL203
COc1nc(NCCN2CCOCC2)nc(Nc2ccc(Cl)cc2)n1,1500.0,CHEMBL1947771,CHEMBL1946846,CHEMBL203
COc1ccc(Nc2nc(Cl)nc(NCc3ccco3)n2)cc1,20900.0,CHEMBL1947771,CHEMBL1348499,CHEMBL203
CNc1nc(N/N=C/c2ccc(O)cc2)nc(Nc2ccccc2)n1,30700.0,CHEMBL1947771,CHEMBL1946847,CHEMBL203
COc1cccc(Nc2ccnc(Nc3cccc(OC)c3)n2)c1,36100.0,CHEMBL1947771,CHEMBL1947045,CHEMBL203
CCOc1cc2ncc(C#N)c(Nc3ccc(OCc4ccccn4)c(Cl)c3)c2cc1NC(=O)/C=C/CN(C)C,3.0,CHEMBL1947771,CHEMBL180022,CHEMBL203
Cn1cc(NC(=O)/C=N/O)c(=O)n1-c1ccccc1,8900.0,CHEMBL1947771,CHEMBL1944920,CHEMBL203
COc1cccc2c1C(=O)c1c(O)ccc(O)c1C2=O,17600.0,CHEMBL1947771,CHEMBL1944921,CHEMBL203
Cn1c2ccccc2n2c(=S)[nH]nc12,22000.0,CHEMBL1947771,CHEMBL1944922,CHEMBL203
CC(=O)Nc1ccc(S(=O)(=O)Nc2nc3ccccc3nc2Nc2ccc(C(=O)O)cc2)cc1,23500.0,CHEMBL1947771,CHEMBL1944923,CHEMBL203
Cc1c(Cc2ccccc2)sc(NCC(=O)COc2ccc3ccccc3c2)c1C(N)=O,24700.0,CHEMBL1947771,CHEMBL1944924,CHEMBL203
O=C(NNC(=O)c1ncc(Cc2ccsc2)s1)Nc1ccccc1,40900.0,CHEMBL1947771,CHEMBL1944925,CHEMBL203
O=C(Nc1cccc(Br)c1)c1c(O)c2ccccc2[nH]c1=O,56800.0,CHEMBL1947771,CHEMBL1944926,CHEMBL203
CCc1ccc(C(=O)NNc2ccc(Cl)cc2C)cc1,65600.0,CHEMBL1947771,CHEMBL1944927,CHEMBL203
COc1ccc2c3oc(=O)cc(O)c3c(=O)n(C)c2c1,65100.0,CHEMBL1947771,CHEMBL1944928,CHEMBL203
C=CCn1c(N)c(C(=O)N/N=C/c2cccs2)sc1=S,66000.0,CHEMBL1947771,CHEMBL1944929,CHEMBL203
O[C@H]1CC[C@H](Nc2ncc3nc(Nc4c(F)cc(F)cc4F)n([C@H]4CCOC4)c3n2)CC1,380.0,CHEMBL1955670,CHEMBL1950289,CHEMBL203
Nc1nccc(-c2c(-c3ccc(F)cc3)ncn2C2CCCCC2)n1,150.0,CHEMBL1954388,CHEMBL1951415,CHEMBL203
COc1ccc(N2Cc3cnc(Nc4ccccc4)nc3N([C@@H]3CC[C@@H](O)C3)C2=O)cc1,310.0,CHEMBL1952840,CHEMBL1952210,CHEMBL203
COc1ccc(N2Cc3cnc(Nc4ccccc4)nc3N([C@@H]3CC[C@@H](O)C3)C2=O)cc1,239.0,CHEMBL1952840,CHEMBL1952210,CHEMBL203
COc1ccc(N2Cc3cnc(Nc4ccccc4)nc3N([C@H]3CC[C@H](O)C3)C2=O)cc1,365.0,CHEMBL1952840,CHEMBL1952211,CHEMBL203
O=C1CSC(N2N=C(c3ccccc3)CC2c2ccccc2)=N1,3380.0,CHEMBL1958796,CHEMBL1958019,CHEMBL203
O=C1CSC(N2N=C(c3ccccc3)CC2c2ccc(F)cc2)=N1,4860.0,CHEMBL1958796,CHEMBL1958020,CHEMBL203
O=C1CSC(N2N=C(c3ccccc3)CC2c2ccc(Cl)cc2)=N1,3490.0,CHEMBL1958796,CHEMBL1958021,CHEMBL203
O=C1CSC(N2N=C(c3ccccc3)CC2c2ccc(Br)cc2)=N1,1350.0,CHEMBL1958796,CHEMBL1958022,CHEMBL203
Cc1ccc(C2CC(c3ccccc3)=NN2C2=NC(=O)CS2)cc1,3030.0,CHEMBL1958796,CHEMBL1958023,CHEMBL203
COc1ccc(C2CC(c3ccccc3)=NN2C2=NC(=O)CS2)cc1,4270.0,CHEMBL1958796,CHEMBL1958024,CHEMBL203
O=C1CSC(N2N=C(c3ccc(F)cc3)CC2c2ccccc2)=N1,8140.0,CHEMBL1958796,CHEMBL1958025,CHEMBL203
O=C1CSC(N2N=C(c3ccc(F)cc3)CC2c2ccc(F)cc2)=N1,16920.0,CHEMBL1958796,CHEMBL1958026,CHEMBL203
O=C1CSC(N2N=C(c3ccc(F)cc3)CC2c2ccc(Cl)cc2)=N1,10920.0,CHEMBL1958796,CHEMBL1958027,CHEMBL203
O=C1CSC(N2N=C(c3ccc(F)cc3)CC2c2ccc(Br)cc2)=N1,4790.0,CHEMBL1958796,CHEMBL1958028,CHEMBL203
Cc1ccc(C2CC(c3ccc(F)cc3)=NN2C2=NC(=O)CS2)cc1,8360.0,CHEMBL1958796,CHEMBL1958029,CHEMBL203
COc1ccc(C2CC(c3ccc(F)cc3)=NN2C2=NC(=O)CS2)cc1,10690.0,CHEMBL1958796,CHEMBL1958030,CHEMBL203
O=C1CSC(N2N=C(c3ccc(Cl)cc3)CC2c2ccccc2)=N1,5340.0,CHEMBL1958796,CHEMBL1958031,CHEMBL203
O=C1CSC(N2N=C(c3ccc(Cl)cc3)CC2c2ccc(F)cc2)=N1,14210.0,CHEMBL1958796,CHEMBL1958032,CHEMBL203
O=C1CSC(N2N=C(c3ccc(Cl)cc3)CC2c2ccc(Cl)cc2)=N1,8160.0,CHEMBL1958796,CHEMBL1958033,CHEMBL203
O=C1CSC(N2N=C(c3ccc(Cl)cc3)CC2c2ccc(Br)cc2)=N1,2280.0,CHEMBL1958796,CHEMBL1958034,CHEMBL203
Cc1ccc(C2CC(c3ccc(Cl)cc3)=NN2C2=NC(=O)CS2)cc1,6670.0,CHEMBL1958796,CHEMBL1958035,CHEMBL203
COc1ccc(C2CC(c3ccc(Cl)cc3)=NN2C2=NC(=O)CS2)cc1,8580.0,CHEMBL1958796,CHEMBL1958036,CHEMBL203
O=C1CSC(N2N=C(c3ccc(Br)cc3)CC2c2ccccc2)=N1,3200.0,CHEMBL1958796,CHEMBL1958037,CHEMBL203
O=C1CSC(N2N=C(c3ccc(Br)cc3)CC2c2ccc(F)cc2)=N1,6480.0,CHEMBL1958796,CHEMBL1958038,CHEMBL203
O=C1CSC(N2N=C(c3ccc(Br)cc3)CC2c2ccc(Cl)cc2)=N1,4120.0,CHEMBL1958796,CHEMBL1958039,CHEMBL203
O=C1CSC(N2N=C(c3ccc(Br)cc3)CC2c2ccc(Br)cc2)=N1,2030.0,CHEMBL1958796,CHEMBL1958209,CHEMBL203
Cc1ccc(C2CC(c3ccc(Br)cc3)=NN2C2=NC(=O)CS2)cc1,5580.0,CHEMBL1958796,CHEMBL1958210,CHEMBL203
COc1ccc(C2CC(c3ccc(Br)cc3)=NN2C2=NC(=O)CS2)cc1,7960.0,CHEMBL1958796,CHEMBL1958211,CHEMBL203
Cc1ccc(C2=NN(C3=NC(=O)CS3)C(c3ccccc3)C2)cc1,1080.0,CHEMBL1958796,CHEMBL1958212,CHEMBL203
Cc1ccc(C2=NN(C3=NC(=O)CS3)C(c3ccc(F)cc3)C2)cc1,2010.0,CHEMBL1958796,CHEMBL1958213,CHEMBL203
Cc1ccc(C2=NN(C3=NC(=O)CS3)C(c3ccc(Cl)cc3)C2)cc1,1660.0,CHEMBL1958796,CHEMBL1958214,CHEMBL203
Cc1ccc(C2=NN(C3=NC(=O)CS3)C(c3ccc(Br)cc3)C2)cc1,240.0,CHEMBL1958796,CHEMBL1958215,CHEMBL203
Cc1ccc(C2=NN(C3=NC(=O)CS3)C(c3ccc(C)cc3)C2)cc1,1160.0,CHEMBL1958796,CHEMBL1958216,CHEMBL203
COc1ccc(C2CC(c3ccc(C)cc3)=NN2C2=NC(=O)CS2)cc1,4240.0,CHEMBL1958796,CHEMBL1958217,CHEMBL203
COc1ccc(C2=NN(C3=NC(=O)CS3)C(c3ccccc3)C2)cc1,2370.0,CHEMBL1958796,CHEMBL1958218,CHEMBL203
COc1ccc(C2=NN(C3=NC(=O)CS3)C(c3ccc(F)cc3)C2)cc1,5950.0,CHEMBL1958796,CHEMBL1958219,CHEMBL203
COc1ccc(C2=NN(C3=NC(=O)CS3)C(c3ccc(Cl)cc3)C2)cc1,5350.0,CHEMBL1958796,CHEMBL1958220,CHEMBL203
COc1ccc(C2=NN(C3=NC(=O)CS3)C(c3ccc(Br)cc3)C2)cc1,1260.0,CHEMBL1958796,CHEMBL1958221,CHEMBL203
COc1ccc(C2=NN(C3=NC(=O)CS3)C(c3ccc(C)cc3)C2)cc1,5460.0,CHEMBL1958796,CHEMBL1958222,CHEMBL203
COc1ccc(C2=NN(C3=NC(=O)CS3)C(c3ccc(OC)cc3)C2)cc1,8890.0,CHEMBL1958796,CHEMBL1958223,CHEMBL203
C#Cc1cccc(Nc2ncnc3cc(OCCOC)c(OCCOC)cc23)c1,30.0,CHEMBL1958796,CHEMBL553,CHEMBL203
Nc1nc(Nc2cccc(Br)c2)c2cc(Cc3ccc(Cl)c(Cl)c3)[nH]c2n1,19770.0,CHEMBL1959298,CHEMBL1956886,CHEMBL203
Nc1nc(Nc2cccc(Br)c2)c2cc(Cc3ccc(Cl)cc3)[nH]c2n1,17420.0,CHEMBL1959298,CHEMBL1956885,CHEMBL203
COc1ccc(OC)c(Cc2cc3c(Nc4cccc(Br)c4)nc(N)nc3[nH]2)c1,12620.0,CHEMBL1959298,CHEMBL1095465,CHEMBL203
Cc1ccccc1Cc1cc2c(Nc3cccc(Br)c3)nc(N)nc2[nH]1,9190.0,CHEMBL1959298,CHEMBL1095464,CHEMBL203
Nc1nc(Nc2cccc(Br)c2)c2cc(Cc3ccc(-c4ccccc4)cc3)[nH]c2n1,6160.0,CHEMBL1959298,CHEMBL1956887,CHEMBL203
Nc1nc(Nc2cccc(Br)c2)c2cc(Cc3ccccc3Cl)[nH]c2n1,4310.0,CHEMBL1959298,CHEMBL499345,CHEMBL203
Nc1nc(Nc2cccc(Br)c2)c2cc(Cc3ccccc3)[nH]c2n1,1670.0,CHEMBL1959298,CHEMBL499344,CHEMBL203
Nc1nc(Nc2cccc(Br)c2)c2cc(Cc3ccc4ccccc4c3)[nH]c2n1,1240.0,CHEMBL1959298,CHEMBL502015,CHEMBL203
Nc1nc(Nc2cccc(Br)c2)c2cc(Cc3ccc(Cl)cc3Cl)[nH]c2n1,230.0,CHEMBL1959298,CHEMBL1095761,CHEMBL203
COc1cc2ncnc(Nc3cccc(Br)c3)c2cc1OC,200.0,CHEMBL1959286,CHEMBL29197,CHEMBL203
Nc1nc(Nc2cccc(Br)c2)c2ccn(Cc3ccccc3)c2n1,166400.0,CHEMBL1959286,CHEMBL1956888,CHEMBL203
Cc1ccccc1Cn1ccc2c(Nc3cccc(Br)c3)nc(N)nc21,113300.0,CHEMBL1959286,CHEMBL1956889,CHEMBL203
Nc1nc(Nc2cccc(Br)c2)c2ccn(Cc3ccc(Cl)cc3)c2n1,99900.0,CHEMBL1959286,CHEMBL1956891,CHEMBL203
COc1ccc(OC)c(Cn2ccc3c(Nc4cccc(Br)c4)nc(N)nc32)c1,69200.0,CHEMBL1959286,CHEMBL1956892,CHEMBL203
O=c1oc2c(O)c(O)cc3c(=O)oc4c(O)c(O)cc1c4c23,690.0,CHEMBL1961280,CHEMBL6246,CHEMBL203
Nc1c(-c2ccc(F)cc2)c(-c2ccncc2)nn1-c1c(Cl)cc(Cl)cc1Cl,113.0,CHEMBL2015060,CHEMBL2011291,CHEMBL203
Nc1c(-c2ccc(F)cc2)c(-c2ccncc2)nn1-c1c(Cl)cc(Cl)cc1Cl,31.0,CHEMBL2015061,CHEMBL2011291,CHEMBL203
COc1cc2ncnc(Nc3ccccc3)c2cc1OC,4300.0,CHEMBL2020642,CHEMBL94191,CHEMBL203
COc1cc2ncnc(Nc3ccc(Br)cc3)c2cc1OC,3600.0,CHEMBL2020642,CHEMBL328106,CHEMBL203
COc1cc2ncnc(Nc3ccc(F)c(Cl)c3)c2cc1OC,380.0,CHEMBL2020642,CHEMBL301018,CHEMBL203
COc1cc2ncnc(Nc3ccc(Br)cc3F)c2cc1OC,5700.0,CHEMBL2020642,CHEMBL1277620,CHEMBL203
COC(=O)Nc1ccc(Nc2ncnc3cc(OC)c(OC)cc23)cc1,6900.0,CHEMBL2020642,CHEMBL1761929,CHEMBL203
CCCOC(=O)Nc1ccc(Nc2ncnc3cc(OC)c(OC)cc23)cc1,7050.0,CHEMBL2020642,CHEMBL2018748,CHEMBL203
CCCCOC(=O)Nc1ccc(Nc2ncnc3cc(OC)c(OC)cc23)cc1,800.0,CHEMBL2020642,CHEMBL2018749,CHEMBL203
COc1cc2ncnc(Nc3ccc(NC(=O)OC(C)C)cc3)c2cc1OC,4800.0,CHEMBL2020642,CHEMBL2018750,CHEMBL203
COC(=O)Nc1ccc(Nc2ncnc3cc(OC)c(OC)cc23)cc1Cl,6150.0,CHEMBL2020642,CHEMBL2018751,CHEMBL203
CCOC(=O)Nc1ccc(Nc2ncnc3cc(OC)c(OC)cc23)cc1Cl,1000.0,CHEMBL2020642,CHEMBL2018752,CHEMBL203
CCCOC(=O)Nc1ccc(Nc2ncnc3cc(OC)c(OC)cc23)cc1Cl,1000.0,CHEMBL2020642,CHEMBL2018753,CHEMBL203
CCCCOC(=O)Nc1ccc(Nc2ncnc3cc(OC)c(OC)cc23)cc1Cl,6400.0,CHEMBL2020642,CHEMBL2018754,CHEMBL203
COC(=O)Nc1ccc(Nc2ncnc3cc(OC)c(OC)cc23)cc1C,4000.0,CHEMBL2020642,CHEMBL2018755,CHEMBL203
CCOC(=O)Nc1ccc(Nc2ncnc3cc(OC)c(OC)cc23)cc1C,900.0,CHEMBL2020642,CHEMBL2018756,CHEMBL203
CCCOC(=O)Nc1ccc(Nc2ncnc3cc(OC)c(OC)cc23)cc1C,900.0,CHEMBL2020642,CHEMBL2018757,CHEMBL203
CCCCOC(=O)Nc1ccc(Nc2ncnc3cc(OC)c(OC)cc23)cc1C,7600.0,CHEMBL2020642,CHEMBL2018758,CHEMBL203
COc1cc2ncnc(Nc3ccc(NC(=O)OC(C)C)c(C)c3)c2cc1OC,5800.0,CHEMBL2020642,CHEMBL2018759,CHEMBL203
CCOC(=O)Nc1cc(Nc2ncnc3cc(OC)c(OC)cc23)ccc1Cl,900.0,CHEMBL2020642,CHEMBL2018760,CHEMBL203
COC(=O)Nc1cc(Nc2ncnc3cc(OC)c(OC)cc23)ccc1C,7200.0,CHEMBL2020642,CHEMBL2018761,CHEMBL203
CCOC(=O)Nc1cc(Nc2ncnc3cc(OC)c(OC)cc23)ccc1C,5000.0,CHEMBL2020642,CHEMBL2018762,CHEMBL203
CCN(CC)CCOc1cc2ncnc(Nc3ccc(F)c(Cl)c3)c2cc1OC,9900.0,CHEMBL2020642,CHEMBL2018765,CHEMBL203
CCN(CC)CCOc1cc2ncnc(Nc3ccc(C)c(Br)c3)c2cc1OC,9450.0,CHEMBL2020642,CHEMBL2018767,CHEMBL203
CCN(CC)CCOc1cc2c(Nc3ccc(Br)cc3F)ncnc2cc1OC,9100.0,CHEMBL2020642,CHEMBL2018773,CHEMBL203
CCCCOc1cc2c(Nc3ccc(NC(=O)OCC)c(Cl)c3)ncnc2cc1OCCN(CC)CC,9150.0,CHEMBL2020642,CHEMBL2018777,CHEMBL203
COc1cc2ncnc(Oc3ccc(Br)c(F)c3)c2cc1OC,5900.0,CHEMBL2020642,CHEMBL1278149,CHEMBL203
C=CC(=O)Nc1cccc(Oc2nc(Nc3ccc(N4CCN(C)CC4)cc3OC)ncc2Cl)c1,6.18,CHEMBL2033651,CHEMBL1229592,CHEMBL203
C=CC(=O)Nc1cccc(N2C(=O)N(C)Cc3cnc(Nc4ccc(N5CCN(C)CC5)cc4OC)nc32)c1,1.16,CHEMBL2033651,CHEMBL2032376,CHEMBL203
C=CC(=O)Nc1cccc(N2C(=O)N(C)Cc3cnc(Nc4ccc(N(C)C)cc4OC)nc32)c1,4.99,CHEMBL2033651,CHEMBL2032377,CHEMBL203
C=CC(=O)Nc1cccc(N2C(=O)N(C)Cc3cnc(Nc4ccc(N5CCCCC5)cc4OC)nc32)c1,29.5,CHEMBL2033651,CHEMBL2032378,CHEMBL203
C=CC(=O)Nc1cccc(N2C(=O)N(C)Cc3cnc(Nc4ccc(N5CCOCC5)cc4OC)nc32)c1,16.4,CHEMBL2033651,CHEMBL2032379,CHEMBL203
C=CC(=O)Nc1cccc(N2C(=O)N(C)Cc3cnc(Nc4ccc(N5CCCN(C)CC5)cc4OC)nc32)c1,1.47,CHEMBL2033651,CHEMBL2032380,CHEMBL203
C=CC(=O)Nc1cccc(N2C(=O)N(C)Cc3cnc(Nc4ccc(N5CCC(N(C)C)CC5)cc4OC)nc32)c1,3.52,CHEMBL2033651,CHEMBL2029425,CHEMBL203
C=CC(=O)Nc1cccc(N2C(=O)N(C)Cc3cnc(Nc4ccccc4)nc32)c1,6.95,CHEMBL2033651,CHEMBL2029426,CHEMBL203
C=CC(=O)Nc1cccc(N2C(=O)N(C)Cc3cnc(NC)nc32)c1,929.0,CHEMBL2033651,CHEMBL2029427,CHEMBL203
C=CC(=O)Nc1cccc(N2C(=O)N(C)Cc3cnc(Nc4ccc(N5CCN(C)CC5)cc4)nc32)c1,0.43,CHEMBL2033651,CHEMBL2029428,CHEMBL203
C=CC(=O)Nc1cccc(N2C(=O)N(C)Cc3cnc(Nc4ccc(N5CCN(C)CC5)c(OC)c4)nc32)c1,0.41,CHEMBL2033651,CHEMBL2029429,CHEMBL203
C=CC(=O)Nc1cccc(N2C(=O)N(C)Cc3cnc(Nc4ccc(N5CCN(C)CC5)cc4OCC)nc32)c1,4.41,CHEMBL2033651,CHEMBL2029430,CHEMBL203
C=CC(=O)Nc1cccc(N2C(=O)N(C)Cc3cnc(Nc4ccc(N5CCN(C)CC5)cc4OC(C)C)nc32)c1,8.81,CHEMBL2033651,CHEMBL2029431,CHEMBL203
C=CC(=O)Nc1cccc(N2C(=O)N(C)Cc3cnc(Nc4ccc(N5CCN(C)CC5)cc4C)nc32)c1,1.95,CHEMBL2033651,CHEMBL2029432,CHEMBL203
C=CC(=O)Nc1cccc(N2C(=O)N(C(C)C)Cc3cnc(Nc4ccc(N5CCN(C)CC5)cc4OC)nc32)c1,0.38,CHEMBL2033651,CHEMBL2029434,CHEMBL203
C=CC(=O)Nc1cccc(N2C(=O)N(C3CC3)Cc3cnc(Nc4ccc(N5CCN(C)CC5)cc4OC)nc32)c1,0.58,CHEMBL2033651,CHEMBL2029435,CHEMBL203
C=CC(=O)Nc1cccc(N2C(=O)N(c3ccccc3)Cc3cnc(Nc4ccc(N5CCN(C)CC5)cc4OC)nc32)c1,0.3,CHEMBL2033651,CHEMBL2029436,CHEMBL203
C=CC(=O)Nc1cccc(N2C(=O)N(c3ccc4ccccc4c3)Cc3cnc(Nc4ccc(N5CCN(C)CC5)cc4OC)nc32)c1,0.8,CHEMBL2033651,CHEMBL2029437,CHEMBL203
C=CC(=O)Nc1cccc(N2C(=O)N(Cc3ccccc3)Cc3cnc(Nc4ccc(N5CCN(C)CC5)cc4OC)nc32)c1,0.29,CHEMBL2033651,CHEMBL2029438,CHEMBL203
C=CC(=O)Nc1cccc(N2C(=O)N(c3ccc(-c4ccccc4)cc3)Cc3cnc(Nc4ccc(N5CCN(C)CC5)cc4OC)nc32)c1,1.41,CHEMBL2033651,CHEMBL2029439,CHEMBL203
C=CC(=O)Nc1cccc(N2C(=O)N(c3ccc(Oc4ccccc4)cc3)Cc3cnc(Nc4ccc(N5CCN(C)CC5)cc4OC)nc32)c1,1.52,CHEMBL2033651,CHEMBL2029440,CHEMBL203
C=CC(=O)Nc1cccc(N2C(=O)N(c3ccc(OCc4ccccc4)cc3)Cc3cnc(Nc4ccc(N5CCN(C)CC5)cc4OC)nc32)c1,1.67,CHEMBL2033651,CHEMBL2029441,CHEMBL203
C=CC(=O)Nc1cccc(Oc2nc(Nc3ccc(N4CCN(C)CC4)cc3OC)ncc2Cl)c1,3.77,CHEMBL2033652,CHEMBL1229592,CHEMBL203
C=CC(=O)Nc1cccc(N2C(=O)N(C)Cc3cnc(Nc4ccc(N5CCN(C)CC5)cc4OC)nc32)c1,6.56,CHEMBL2033652,CHEMBL2032376,CHEMBL203
C=CC(=O)Nc1cccc(N2C(=O)N(C)Cc3cnc(Nc4ccc(N(C)C)cc4OC)nc32)c1,24.9,CHEMBL2033652,CHEMBL2032377,CHEMBL203
C=CC(=O)Nc1cccc(N2C(=O)N(C)Cc3cnc(Nc4ccc(N5CCCCC5)cc4OC)nc32)c1,95.71,CHEMBL2033652,CHEMBL2032378,CHEMBL203
C=CC(=O)Nc1cccc(N2C(=O)N(C)Cc3cnc(Nc4ccc(N5CCOCC5)cc4OC)nc32)c1,60.31,CHEMBL2033652,CHEMBL2032379,CHEMBL203
C=CC(=O)Nc1cccc(N2C(=O)N(C)Cc3cnc(Nc4ccc(N5CCCN(C)CC5)cc4OC)nc32)c1,11.0,CHEMBL2033652,CHEMBL2032380,CHEMBL203
C=CC(=O)Nc1cccc(N2C(=O)N(C)Cc3cnc(Nc4ccc(N5CCC(N(C)C)CC5)cc4OC)nc32)c1,9.52,CHEMBL2033652,CHEMBL2029425,CHEMBL203
C=CC(=O)Nc1cccc(N2C(=O)N(C)Cc3cnc(Nc4ccccc4)nc32)c1,45.7,CHEMBL2033652,CHEMBL2029426,CHEMBL203
C=CC(=O)Nc1cccc(N2C(=O)N(C)Cc3cnc(Nc4ccc(N5CCN(C)CC5)cc4)nc32)c1,1.66,CHEMBL2033652,CHEMBL2029428,CHEMBL203
C=CC(=O)Nc1cccc(N2C(=O)N(C)Cc3cnc(Nc4ccc(N5CCN(C)CC5)c(OC)c4)nc32)c1,1.67,CHEMBL2033652,CHEMBL2029429,CHEMBL203
C=CC(=O)Nc1cccc(N2C(=O)N(C)Cc3cnc(Nc4ccc(N5CCN(C)CC5)cc4OCC)nc32)c1,12.7,CHEMBL2033652,CHEMBL2029430,CHEMBL203
C=CC(=O)Nc1cccc(N2C(=O)N(C)Cc3cnc(Nc4ccc(N5CCN(C)CC5)cc4OC(C)C)nc32)c1,39.9,CHEMBL2033652,CHEMBL2029431,CHEMBL203
C=CC(=O)Nc1cccc(N2C(=O)N(C)Cc3cnc(Nc4ccc(N5CCN(C)CC5)cc4C)nc32)c1,9.37,CHEMBL2033652,CHEMBL2029432,CHEMBL203
C=CC(=O)Nc1cccc(N2C(=O)N(C(C)C)Cc3cnc(Nc4ccc(N5CCN(C)CC5)cc4OC)nc32)c1,6.02,CHEMBL2033652,CHEMBL2029434,CHEMBL203
C=CC(=O)Nc1cccc(N2C(=O)N(C3CC3)Cc3cnc(Nc4ccc(N5CCN(C)CC5)cc4OC)nc32)c1,10.5,CHEMBL2033652,CHEMBL2029435,CHEMBL203
C=CC(=O)Nc1cccc(N2C(=O)N(c3ccccc3)Cc3cnc(Nc4ccc(N5CCN(C)CC5)cc4OC)nc32)c1,0.51,CHEMBL2033652,CHEMBL2029436,CHEMBL203
C=CC(=O)Nc1cccc(N2C(=O)N(c3ccc4ccccc4c3)Cc3cnc(Nc4ccc(N5CCN(C)CC5)cc4OC)nc32)c1,1.34,CHEMBL2033652,CHEMBL2029437,CHEMBL203
C=CC(=O)Nc1cccc(N2C(=O)N(Cc3ccccc3)Cc3cnc(Nc4ccc(N5CCN(C)CC5)cc4OC)nc32)c1,0.67,CHEMBL2033652,CHEMBL2029438,CHEMBL203
C=CC(=O)Nc1cccc(N2C(=O)N(c3ccc(-c4ccccc4)cc3)Cc3cnc(Nc4ccc(N5CCN(C)CC5)cc4OC)nc32)c1,5.24,CHEMBL2033652,CHEMBL2029439,CHEMBL203
C=CC(=O)Nc1cccc(N2C(=O)N(c3ccc(Oc4ccccc4)cc3)Cc3cnc(Nc4ccc(N5CCN(C)CC5)cc4OC)nc32)c1,2.03,CHEMBL2033652,CHEMBL2029440,CHEMBL203
C=CC(=O)Nc1cccc(N2C(=O)N(c3ccc(OCc4ccccc4)cc3)Cc3cnc(Nc4ccc(N5CCN(C)CC5)cc4OC)nc32)c1,2.43,CHEMBL2033652,CHEMBL2029441,CHEMBL203
C=CC(=O)Nc1cccc(Oc2nc(Nc3ccc(N4CCN(C)CC4)cc3OC)ncc2Cl)c1,5.37,CHEMBL2033653,CHEMBL1229592,CHEMBL203
C=CC(=O)Nc1cccc(N2C(=O)N(C)Cc3cnc(Nc4ccc(N5CCN(C)CC5)cc4OC)nc32)c1,1.08,CHEMBL2033653,CHEMBL2032376,CHEMBL203
C=CC(=O)Nc1cccc(N2C(=O)N(C)Cc3cnc(Nc4ccc(N(C)C)cc4OC)nc32)c1,4.95,CHEMBL2033653,CHEMBL2032377,CHEMBL203
C=CC(=O)Nc1cccc(N2C(=O)N(C)Cc3cnc(Nc4ccc(N5CCCCC5)cc4OC)nc32)c1,10.42,CHEMBL2033653,CHEMBL2032378,CHEMBL203
C=CC(=O)Nc1cccc(N2C(=O)N(C)Cc3cnc(Nc4ccc(N5CCOCC5)cc4OC)nc32)c1,10.33,CHEMBL2033653,CHEMBL2032379,CHEMBL203
C=CC(=O)Nc1cccc(N2C(=O)N(C)Cc3cnc(Nc4ccc(N5CCCN(C)CC5)cc4OC)nc32)c1,2.11,CHEMBL2033653,CHEMBL2032380,CHEMBL203
C=CC(=O)Nc1cccc(N2C(=O)N(C)Cc3cnc(Nc4ccc(N5CCC(N(C)C)CC5)cc4OC)nc32)c1,2.41,CHEMBL2033653,CHEMBL2029425,CHEMBL203
C=CC(=O)Nc1cccc(N2C(=O)N(C)Cc3cnc(Nc4ccccc4)nc32)c1,10.9,CHEMBL2033653,CHEMBL2029426,CHEMBL203
C=CC(=O)Nc1cccc(N2C(=O)N(C)Cc3cnc(Nc4ccc(N5CCN(C)CC5)cc4)nc32)c1,0.53,CHEMBL2033653,CHEMBL2029428,CHEMBL203
C=CC(=O)Nc1cccc(N2C(=O)N(C)Cc3cnc(Nc4ccc(N5CCN(C)CC5)c(OC)c4)nc32)c1,0.63,CHEMBL2033653,CHEMBL2029429,CHEMBL203
C=CC(=O)Nc1cccc(N2C(=O)N(C)Cc3cnc(Nc4ccc(N5CCN(C)CC5)cc4OCC)nc32)c1,2.68,CHEMBL2033653,CHEMBL2029430,CHEMBL203
C=CC(=O)Nc1cccc(N2C(=O)N(C)Cc3cnc(Nc4ccc(N5CCN(C)CC5)cc4OC(C)C)nc32)c1,13.7,CHEMBL2033653,CHEMBL2029431,CHEMBL203
C=CC(=O)Nc1cccc(N2C(=O)N(C)Cc3cnc(Nc4ccc(N5CCN(C)CC5)cc4C)nc32)c1,1.21,CHEMBL2033653,CHEMBL2029432,CHEMBL203
C=CC(=O)Nc1cccc(N2C(=O)N(C(C)C)Cc3cnc(Nc4ccc(N5CCN(C)CC5)cc4OC)nc32)c1,0.45,CHEMBL2033653,CHEMBL2029434,CHEMBL203
C=CC(=O)Nc1cccc(N2C(=O)N(C3CC3)Cc3cnc(Nc4ccc(N5CCN(C)CC5)cc4OC)nc32)c1,0.66,CHEMBL2033653,CHEMBL2029435,CHEMBL203
C=CC(=O)Nc1cccc(N2C(=O)N(c3ccccc3)Cc3cnc(Nc4ccc(N5CCN(C)CC5)cc4OC)nc32)c1,0.46,CHEMBL2033653,CHEMBL2029436,CHEMBL203
C=CC(=O)Nc1cccc(N2C(=O)N(c3ccc4ccccc4c3)Cc3cnc(Nc4ccc(N5CCN(C)CC5)cc4OC)nc32)c1,1.16,CHEMBL2033653,CHEMBL2029437,CHEMBL203
C=CC(=O)Nc1cccc(N2C(=O)N(Cc3ccccc3)Cc3cnc(Nc4ccc(N5CCN(C)CC5)cc4OC)nc32)c1,0.38,CHEMBL2033653,CHEMBL2029438,CHEMBL203
C=CC(=O)Nc1cccc(N2C(=O)N(c3ccc(-c4ccccc4)cc3)Cc3cnc(Nc4ccc(N5CCN(C)CC5)cc4OC)nc32)c1,1.67,CHEMBL2033653,CHEMBL2029439,CHEMBL203
C=CC(=O)Nc1cccc(N2C(=O)N(c3ccc(Oc4ccccc4)cc3)Cc3cnc(Nc4ccc(N5CCN(C)CC5)cc4OC)nc32)c1,1.66,CHEMBL2033653,CHEMBL2029440,CHEMBL203
C=CC(=O)Nc1cccc(N2C(=O)N(c3ccc(OCc4ccccc4)cc3)Cc3cnc(Nc4ccc(N5CCN(C)CC5)cc4OC)nc32)c1,2.42,CHEMBL2033653,CHEMBL2029441,CHEMBL203
COc1cc(N2CCN(C)CC2)ccc1Nc1ncc2c(n1)N(c1cccc(N)c1)C(=O)N(C)C2,478.0,CHEMBL2033653,CHEMBL2029442,CHEMBL203
C=CC(=O)Nc1cccc(Oc2nc(Nc3ccc(N4CCN(C)CC4)cc3OC)ncc2Cl)c1,6.13,CHEMBL2033654,CHEMBL1229592,CHEMBL203
C=CC(=O)Nc1cccc(N2C(=O)N(C)Cc3cnc(Nc4ccc(N5CCN(C)CC5)cc4OC)nc32)c1,1.21,CHEMBL2033654,CHEMBL2032376,CHEMBL203
C=CC(=O)Nc1cccc(N2C(=O)N(C)Cc3cnc(Nc4ccc(N(C)C)cc4OC)nc32)c1,6.22,CHEMBL2033654,CHEMBL2032377,CHEMBL203
C=CC(=O)Nc1cccc(N2C(=O)N(C)Cc3cnc(Nc4ccc(N5CCCCC5)cc4OC)nc32)c1,15.4,CHEMBL2033654,CHEMBL2032378,CHEMBL203
C=CC(=O)Nc1cccc(N2C(=O)N(C)Cc3cnc(Nc4ccc(N5CCOCC5)cc4OC)nc32)c1,12.74,CHEMBL2033654,CHEMBL2032379,CHEMBL203
C=CC(=O)Nc1cccc(N2C(=O)N(C)Cc3cnc(Nc4ccc(N5CCCN(C)CC5)cc4OC)nc32)c1,2.75,CHEMBL2033654,CHEMBL2032380,CHEMBL203
C=CC(=O)Nc1cccc(N2C(=O)N(C)Cc3cnc(Nc4ccc(N5CCC(N(C)C)CC5)cc4OC)nc32)c1,2.83,CHEMBL2033654,CHEMBL2029425,CHEMBL203
C=CC(=O)Nc1cccc(N2C(=O)N(C)Cc3cnc(Nc4ccccc4)nc32)c1,12.1,CHEMBL2033654,CHEMBL2029426,CHEMBL203
C=CC(=O)Nc1cccc(N2C(=O)N(C)Cc3cnc(NC)nc32)c1,837.1,CHEMBL2033654,CHEMBL2029427,CHEMBL203
C=CC(=O)Nc1cccc(N2C(=O)N(C)Cc3cnc(Nc4ccc(N5CCN(C)CC5)cc4)nc32)c1,0.56,CHEMBL2033654,CHEMBL2029428,CHEMBL203
C=CC(=O)Nc1cccc(N2C(=O)N(C)Cc3cnc(Nc4ccc(N5CCN(C)CC5)c(OC)c4)nc32)c1,2.31,CHEMBL2033654,CHEMBL2029429,CHEMBL203
C=CC(=O)Nc1cccc(N2C(=O)N(C)Cc3cnc(Nc4ccc(N5CCN(C)CC5)cc4OCC)nc32)c1,3.02,CHEMBL2033654,CHEMBL2029430,CHEMBL203
C=CC(=O)Nc1cccc(N2C(=O)N(C)Cc3cnc(Nc4ccc(N5CCN(C)CC5)cc4OC(C)C)nc32)c1,13.5,CHEMBL2033654,CHEMBL2029431,CHEMBL203
C=CC(=O)Nc1cccc(N2C(=O)N(C)Cc3cnc(Nc4ccc(N5CCN(C)CC5)cc4C)nc32)c1,1.31,CHEMBL2033654,CHEMBL2029432,CHEMBL203
C=CC(=O)Nc1cccc(N2C(=O)N(C(C)C)Cc3cnc(Nc4ccc(N5CCN(C)CC5)cc4OC)nc32)c1,0.46,CHEMBL2033654,CHEMBL2029434,CHEMBL203
C=CC(=O)Nc1cccc(N2C(=O)N(C3CC3)Cc3cnc(Nc4ccc(N5CCN(C)CC5)cc4OC)nc32)c1,0.73,CHEMBL2033654,CHEMBL2029435,CHEMBL203
C=CC(=O)Nc1cccc(N2C(=O)N(c3ccccc3)Cc3cnc(Nc4ccc(N5CCN(C)CC5)cc4OC)nc32)c1,0.93,CHEMBL2033654,CHEMBL2029436,CHEMBL203
C=CC(=O)Nc1cccc(N2C(=O)N(c3ccc4ccccc4c3)Cc3cnc(Nc4ccc(N5CCN(C)CC5)cc4OC)nc32)c1,1.59,CHEMBL2033654,CHEMBL2029437,CHEMBL203
C=CC(=O)Nc1cccc(N2C(=O)N(Cc3ccccc3)Cc3cnc(Nc4ccc(N5CCN(C)CC5)cc4OC)nc32)c1,0.72,CHEMBL2033654,CHEMBL2029438,CHEMBL203
C=CC(=O)Nc1cccc(N2C(=O)N(c3ccc(-c4ccccc4)cc3)Cc3cnc(Nc4ccc(N5CCN(C)CC5)cc4OC)nc32)c1,3.43,CHEMBL2033654,CHEMBL2029439,CHEMBL203
C=CC(=O)Nc1cccc(N2C(=O)N(c3ccc(Oc4ccccc4)cc3)Cc3cnc(Nc4ccc(N5CCN(C)CC5)cc4OC)nc32)c1,2.31,CHEMBL2033654,CHEMBL2029440,CHEMBL203
C=CC(=O)Nc1cccc(N2C(=O)N(c3ccc(OCc4ccccc4)cc3)Cc3cnc(Nc4ccc(N5CCN(C)CC5)cc4OC)nc32)c1,2.56,CHEMBL2033654,CHEMBL2029441,CHEMBL203
C=CC(=O)Nc1cccc(Oc2nc(Nc3ccc(N4CCN(C)CC4)cc3OC)ncc2Cl)c1,1.88,CHEMBL2033655,CHEMBL1229592,CHEMBL203
C=CC(=O)Nc1cccc(N2C(=O)N(C)Cc3cnc(Nc4ccc(N5CCN(C)CC5)cc4OC)nc32)c1,3.14,CHEMBL2033655,CHEMBL2032376,CHEMBL203
C=CC(=O)Nc1cccc(N2C(=O)N(C)Cc3cnc(Nc4ccc(N(C)C)cc4OC)nc32)c1,11.5,CHEMBL2033655,CHEMBL2032377,CHEMBL203
C=CC(=O)Nc1cccc(N2C(=O)N(C)Cc3cnc(Nc4ccc(N5CCCCC5)cc4OC)nc32)c1,36.43,CHEMBL2033655,CHEMBL2032378,CHEMBL203
C=CC(=O)Nc1cccc(N2C(=O)N(C)Cc3cnc(Nc4ccc(N5CCOCC5)cc4OC)nc32)c1,28.85,CHEMBL2033655,CHEMBL2032379,CHEMBL203
C=CC(=O)Nc1cccc(N2C(=O)N(C)Cc3cnc(Nc4ccc(N5CCCN(C)CC5)cc4OC)nc32)c1,5.17,CHEMBL2033655,CHEMBL2032380,CHEMBL203
C=CC(=O)Nc1cccc(N2C(=O)N(C)Cc3cnc(Nc4ccc(N5CCC(N(C)C)CC5)cc4OC)nc32)c1,5.2,CHEMBL2033655,CHEMBL2029425,CHEMBL203
C=CC(=O)Nc1cccc(N2C(=O)N(C)Cc3cnc(Nc4ccccc4)nc32)c1,28.3,CHEMBL2033655,CHEMBL2029426,CHEMBL203
C=CC(=O)Nc1cccc(N2C(=O)N(C)Cc3cnc(Nc4ccc(N5CCN(C)CC5)cc4)nc32)c1,1.19,CHEMBL2033655,CHEMBL2029428,CHEMBL203
C=CC(=O)Nc1cccc(N2C(=O)N(C)Cc3cnc(Nc4ccc(N5CCN(C)CC5)c(OC)c4)nc32)c1,2.04,CHEMBL2033655,CHEMBL2029429,CHEMBL203
C=CC(=O)Nc1cccc(N2C(=O)N(C)Cc3cnc(Nc4ccc(N5CCN(C)CC5)cc4OCC)nc32)c1,7.1,CHEMBL2033655,CHEMBL2029430,CHEMBL203
C=CC(=O)Nc1cccc(N2C(=O)N(C)Cc3cnc(Nc4ccc(N5CCN(C)CC5)cc4OC(C)C)nc32)c1,36.3,CHEMBL2033655,CHEMBL2029431,CHEMBL203
C=CC(=O)Nc1cccc(N2C(=O)N(C)Cc3cnc(Nc4ccc(N5CCN(C)CC5)cc4C)nc32)c1,4.18,CHEMBL2033655,CHEMBL2029432,CHEMBL203
C=CC(=O)Nc1cccc(N2C(=O)N(C(C)C)Cc3cnc(Nc4ccc(N5CCN(C)CC5)cc4OC)nc32)c1,4.42,CHEMBL2033655,CHEMBL2029434,CHEMBL203
C=CC(=O)Nc1cccc(N2C(=O)N(C3CC3)Cc3cnc(Nc4ccc(N5CCN(C)CC5)cc4OC)nc32)c1,6.02,CHEMBL2033655,CHEMBL2029435,CHEMBL203
C=CC(=O)Nc1cccc(N2C(=O)N(c3ccccc3)Cc3cnc(Nc4ccc(N5CCN(C)CC5)cc4OC)nc32)c1,0.98,CHEMBL2033655,CHEMBL2029436,CHEMBL203
C=CC(=O)Nc1cccc(N2C(=O)N(c3ccc4ccccc4c3)Cc3cnc(Nc4ccc(N5CCN(C)CC5)cc4OC)nc32)c1,2.44,CHEMBL2033655,CHEMBL2029437,CHEMBL203
C=CC(=O)Nc1cccc(N2C(=O)N(Cc3ccccc3)Cc3cnc(Nc4ccc(N5CCN(C)CC5)cc4OC)nc32)c1,0.93,CHEMBL2033655,CHEMBL2029438,CHEMBL203
C=CC(=O)Nc1cccc(N2C(=O)N(c3ccc(-c4ccccc4)cc3)Cc3cnc(Nc4ccc(N5CCN(C)CC5)cc4OC)nc32)c1,4.64,CHEMBL2033655,CHEMBL2029439,CHEMBL203
C=CC(=O)Nc1cccc(N2C(=O)N(c3ccc(Oc4ccccc4)cc3)Cc3cnc(Nc4ccc(N5CCN(C)CC5)cc4OC)nc32)c1,3.57,CHEMBL2033655,CHEMBL2029440,CHEMBL203
C=CC(=O)Nc1cccc(N2C(=O)N(c3ccc(OCc4ccccc4)cc3)Cc3cnc(Nc4ccc(N5CCN(C)CC5)cc4OC)nc32)c1,6.31,CHEMBL2033655,CHEMBL2029441,CHEMBL203
CN(C)CCC(=O)Nc1ccc2ncnc(Nc3cccc(Br)c3)c2c1,0.28,CHEMBL2033041,CHEMBL2031297,CHEMBL203
O=C(CCN1CCCCC1)Nc1ccc2ncnc(Nc3cccc(Br)c3)c2c1,0.27,CHEMBL2033041,CHEMBL2031298,CHEMBL203
O=C(CCN1CCOCC1)Nc1ccc2ncnc(Nc3cccc(Br)c3)c2c1,0.51,CHEMBL2033041,CHEMBL2031299,CHEMBL203
CN1CCN(CCC(=O)Nc2ccc3ncnc(Nc4cccc(Br)c4)c3c2)CC1,0.23,CHEMBL2033041,CHEMBL2031300,CHEMBL203
CN(C)CCC(=O)N(C)c1ccc2ncnc(Nc3cccc(Br)c3)c2c1,17.4,CHEMBL2033041,CHEMBL2031301,CHEMBL203
C=CC(=O)Nc1cc2c(Nc3ccc(F)c(Cl)c3)ncnc2cc1OCC,0.18,CHEMBL2033041,CHEMBL2031302,CHEMBL203
CCOc1cc2ncnc(Nc3ccc(F)c(Cl)c3)c2cc1NC(=O)CCN(C)C,0.27,CHEMBL2033041,CHEMBL2031303,CHEMBL203
CCOc1cc2ncnc(Nc3ccc(F)c(Cl)c3)c2cc1NC(=O)CCN1CCCCC1,0.51,CHEMBL2033041,CHEMBL2031304,CHEMBL203
CCOc1cc2ncnc(Nc3ccc(F)c(Cl)c3)c2cc1NC(=O)CCN1CCOCC1,0.29,CHEMBL2033041,CHEMBL2031305,CHEMBL203
C=CC(=O)Nc1cc2c(Nc3ccc(F)c(Cl)c3)c(C#N)cnc2cc1OCC,1.46,CHEMBL2033041,CHEMBL2031306,CHEMBL203
CCOc1cc2ncc(C#N)c(Nc3ccc(F)c(Cl)c3)c2cc1NC(=O)CCN(C)C,0.68,CHEMBL2033041,CHEMBL2031307,CHEMBL203
CCOc1cc2ncc(C#N)c(Nc3ccc(F)c(Cl)c3)c2cc1NC(=O)CCN1CCCCC1,2.21,CHEMBL2033041,CHEMBL2031308,CHEMBL203
CCOc1cc2ncc(C#N)c(Nc3ccc(F)c(Cl)c3)c2cc1NC(=O)CCN1CCOCC1,2.02,CHEMBL2033041,CHEMBL2031309,CHEMBL203
C=CC(=O)Nc1cc2c(Nc3ccc(OCc4ccccn4)c(Cl)c3)c(C#N)cnc2cc1OCC,50.7,CHEMBL2033041,CHEMBL2031310,CHEMBL203
CCOc1cc2ncc(C#N)c(Nc3ccc(OCc4ccccn4)c(Cl)c3)c2cc1NC(=O)CCN(C)C,12.5,CHEMBL2033041,CHEMBL2031311,CHEMBL203
CCOc1cc2ncc(C#N)c(Nc3ccc(OCc4ccccn4)c(Cl)c3)c2cc1NC(=O)CCN1CCCCC1,24.8,CHEMBL2033041,CHEMBL2031312,CHEMBL203
CCOc1cc2ncc(C#N)c(Nc3ccc(OCc4ccccn4)c(Cl)c3)c2cc1NC(=O)CCN1CCOCC1,37.5,CHEMBL2033041,CHEMBL2031313,CHEMBL203
CN(C)CCC(=O)Nc1ccc2ncnc(Nc3cccc(Br)c3)c2c1,70.0,CHEMBL2033042,CHEMBL2031297,CHEMBL203
CCOc1cc2ncc(C#N)c(Nc3ccc(OCc4ccccn4)c(Cl)c3)c2cc1NC(=O)CCN1CCCCC1,150.0,CHEMBL2033042,CHEMBL2031312,CHEMBL203
O=S(=O)(c1ccc(/N=C/c2cc(Br)ccc2O)cc1)N1CCCCC1,9700.0,CHEMBL2034705,CHEMBL2029689,CHEMBL203
Cc1ccc(N2NC(=O)/C(=C\c3ccc(-c4cc([N+](=O)[O-])ccc4O)o3)C2=O)cc1C,74300.0,CHEMBL2034705,CHEMBL2029690,CHEMBL203
O=C(Cc1ccc(F)cc1)Nc1cc(SC[C@@H](O)CO)cc([N+](=O)[O-])c1,48600.0,CHEMBL2034705,CHEMBL2029691,CHEMBL203
O=C(Cn1c(-c2ccccc2)cc(=O)n2ncnc12)NNC(=S)Nc1ccccc1,6800.0,CHEMBL2034705,CHEMBL2029692,CHEMBL203
Cc1cccc(N2NC(=O)/C(=C/c3ccc(-c4ccccc4F)o3)C2=O)c1,23100.0,CHEMBL2034705,CHEMBL2029693,CHEMBL203
CCOc1ccc(-c2cc(C(F)(F)F)c(C#N)c(SCC(=O)NCC(=O)O)n2)cc1,8400.0,CHEMBL2034705,CHEMBL2029694,CHEMBL203
Cn1c(NCc2cccc(C(F)(F)F)c2)cc(=O)n(C)c1=O,83900.0,CHEMBL2034705,CHEMBL2029695,CHEMBL203
O=C1NN(c2ccc(F)cc2)C(=O)/C1=C\c1cccc(OCc2ccccc2F)c1,5600.0,CHEMBL2034705,CHEMBL2029696,CHEMBL203
Cc1nn(C)cc1C(=O)Nc1ccn(Cc2c(F)cccc2Cl)n1,72400.0,CHEMBL2034705,CHEMBL2029697,CHEMBL203
O=C1NN(c2ccc(F)c(Cl)c2)C(=O)/C1=C\c1cccc(OC(=O)c2cccs2)c1,3500.0,CHEMBL2034705,CHEMBL1504817,CHEMBL203
C=C(N/N=C/c1cn[nH]c1-c1ccccc1)[C@H](C)Cc1ccccc1,26600.0,CHEMBL2034705,CHEMBL2029698,CHEMBL203
Cc1ccc(N2NC(=O)/C(=C/c3ccc(OCc4ccccc4)cc3)C2=O)cc1Cl,8600.0,CHEMBL2034705,CHEMBL2029699,CHEMBL203
Nc1nn2c(=O)cc(-c3ccccc3)[nH]c2c1/N=N/c1ccc2c(c1)OCO2,5300.0,CHEMBL2034705,CHEMBL2029700,CHEMBL203
CS(=O)(=O)CCNCc1ccc(-c2ccc3ncnc(Nc4ccc(OCc5cccc(F)c5)c(Cl)c4)c3c2)o1,9.0,CHEMBL2034705,CHEMBL554,CHEMBL203
CS(=O)(=O)CCNCc1ccc(-c2ccc3ncnc(Nc4ccc(OCc5cccc(F)c5)c(Cl)c4)c3c2)o1,52.2,CHEMBL2038916,CHEMBL554,CHEMBL203
C=CC(=O)NCc1coc(-c2c(N)ncnc2Nc2ccc(OCc3ccccn3)c(Cl)c2)n1,3.3,CHEMBL2038916,CHEMBL2035810,CHEMBL203
C=CC(=O)NCc1coc(-c2c(N)ncnc2Nc2ccc(OCc3ccccn3)c(Cl)c2)n1,3.2,CHEMBL2038917,CHEMBL2035810,CHEMBL203
O=C(CCCCCC(=O)Nc1ccc(O)c(C(=O)Nc2ccccc2)c1)NO,2340.0,CHEMBL2050675,CHEMBL2047015,CHEMBL203
O=C(CCCCCC(=O)Nc1ccc(O)c(C(=O)Nc2cccc(F)c2)c1)NO,1410.0,CHEMBL2050675,CHEMBL2047016,CHEMBL203
O=C(CCCCCC(=O)Nc1ccc(O)c(C(=O)Nc2ccc(F)c(F)c2)c1)NO,2220.0,CHEMBL2050675,CHEMBL2047017,CHEMBL203
O=C(CCCCCC(=O)Nc1ccc(O)c(C(=O)Nc2ccc(F)c(Cl)c2)c1)NO,3530.0,CHEMBL2050675,CHEMBL2047018,CHEMBL203
O=C(CCCCCC(=O)Nc1ccc(O)c(C(=O)Nc2cccc(C(F)(F)F)c2)c1)NO,4200.0,CHEMBL2050675,CHEMBL2047019,CHEMBL203
C#Cc1cccc(NC(=O)c2cc(NC(=O)CCCCCC(=O)NO)ccc2O)c1,3310.0,CHEMBL2050675,CHEMBL2047020,CHEMBL203
O=C(CCCCCC(=O)Nc1ccc(O)c(C(=O)Nc2ccc(Cl)c(Cl)c2)c1)NO,1800.0,CHEMBL2050675,CHEMBL2047021,CHEMBL203
O=C(CCCCCC(=O)Nc1ccc(O)c(C(=O)Nc2ccc(Cl)c(C(F)(F)F)c2)c1)NO,1410.0,CHEMBL2050675,CHEMBL2047022,CHEMBL203
O=C(CCCCCC(=O)Nc1ccc(O)c(C(=O)Nc2ccc(OCc3cccc(F)c3)c(Cl)c2)c1)NO,1100.0,CHEMBL2050675,CHEMBL2047023,CHEMBL203
C#Cc1cccc(NC(=O)c2cc(NC(=O)CCCCCCC(=O)NO)ccc2O)c1,2250.0,CHEMBL2050675,CHEMBL2047024,CHEMBL203
COc1cc(O)c(C(=O)Nc2ccc(F)c(Cl)c2)cc1NC(=O)CCCCCC(=O)NO,1560.0,CHEMBL2050675,CHEMBL2047025,CHEMBL203
C#Cc1cccc(NC(=O)c2cc(NC(=O)CCCCCC(=O)NO)c(OC)cc2O)c1,1120.0,CHEMBL2050675,CHEMBL2047026,CHEMBL203
C#Cc1cccc(NC(=O)c2cccc(NC(=O)CCCCCC(=O)NO)c2)c1,6170.0,CHEMBL2050675,CHEMBL2047027,CHEMBL203
C#Cc1cccc(NC(=O)c2cc(NC(=O)CCCCCC(=O)NO)ccc2OC)c1,5160.0,CHEMBL2050675,CHEMBL2047028,CHEMBL203
C#Cc1cccc(NC(=O)c2cc(OCCCCCCC(=O)NO)ccc2O)c1,900.0,CHEMBL2050675,CHEMBL2047029,CHEMBL203
COc1cc2ncnc(Nc3ccc(F)c(Cl)c3)c2cc1OCCCN1CCOCC1,1080.0,CHEMBL2050675,CHEMBL939,CHEMBL203
C#Cc1cccc(Nc2ncnc3cc(OCCOC)c(OCCOC)cc23)c1,1200.0,CHEMBL2050143,CHEMBL553,CHEMBL203
CCN(CC)CCNC(=O)c1c(C)[nH]c(/C=C2\C(=O)Nc3ccc(F)cc32)c1C,172100.0,CHEMBL2050143,CHEMBL535,CHEMBL203
COc1cc2ncnc(Nc3cccc(Br)c3)c2cc1OC,230.0,CHEMBL2050143,CHEMBL29197,CHEMBL203
Nc1nc2c(c(Nc3ccc(Cl)cc3F)n1)-c1ccccc1C2,11700.0,CHEMBL2050143,CHEMBL2047253,CHEMBL203
Nc1nc2c(c(Nc3cccc(Br)c3)n1)-c1ccccc1C2,24100.0,CHEMBL2050143,CHEMBL2047248,CHEMBL203
Nc1nc2c(c(Nc3ccc(Cl)cc3)n1)-c1ccccc1C2,26000.0,CHEMBL2050143,CHEMBL2047247,CHEMBL203
Nc1nc2c(c(Nc3cccc(Cl)c3)n1)-c1ccccc1C2,19600.0,CHEMBL2050143,CHEMBL2047242,CHEMBL203
Nc1nc2c(c(Nc3ccc(F)cc3)n1)-c1ccccc1C2,276100.0,CHEMBL2050143,CHEMBL2047241,CHEMBL203
CC(C)c1ccc(Nc2nc(N)nc3c2-c2ccccc2C3)cc1,42600.0,CHEMBL2050143,CHEMBL2047245,CHEMBL203
CC(C)(N)C(=O)NCCn1ccc2ncnc(Nc3ccc(Oc4cccc5sncc45)c(Cl)c3)c21,2.6,CHEMBL2050649,CHEMBL2048912,CHEMBL203
Cl.O=C(NCCn1ccc2ncnc(Nc3ccc(Oc4cccc5sncc45)c(Cl)c3)c21)[C@@H]1CCCN1,3.0,CHEMBL2050649,CHEMBL2048911,CHEMBL203
CC(C)(C)C(=O)NCCn1ccc2ncnc(Nc3ccc(Oc4cccc5sncc45)c(Cl)c3)c21.CS(=O)(=O)O,21.0,CHEMBL2050649,CHEMBL2048910,CHEMBL203
CC(C)(C(=O)NCCn1ccc2ncnc(Nc3ccc(Oc4cccc5sncc45)c(Cl)c3)c21)S(C)(=O)=O,5.5,CHEMBL2050649,CHEMBL2048909,CHEMBL203
CC(C)(CO)C(=O)NCCn1ccc2ncnc(Nc3ccc(Oc4cccc5sncc45)c(Cl)c3)c21,7.0,CHEMBL2050649,CHEMBL2048908,CHEMBL203
CC(C)(O)C(=O)NCCn1ccc2ncnc(Nc3ccc(Oc4cccc5sncc45)c(Cl)c3)c21.CS(=O)(=O)O,7.0,CHEMBL2050649,CHEMBL2048907,CHEMBL203
CC(=O)NCCn1ccc2ncnc(Nc3ccc(Oc4cccc5sncc45)c(Cl)c3)c21,2.9,CHEMBL2050649,CHEMBL2048906,CHEMBL203
OCCn1ccc2ncnc(Nc3ccc(Oc4cccc5sncc45)c(Cl)c3)c21,4.1,CHEMBL2050649,CHEMBL2048905,CHEMBL203
Cn1ncc2c(Oc3ccc(Nc4ncnc5ccn(CCO)c45)cc3Cl)cccc21,36.0,CHEMBL2050649,CHEMBL2048904,CHEMBL203
OCCn1ccc2ncnc(Nc3ccc(Oc4cccc5[nH]ncc45)c(Cl)c3)c21,1.9,CHEMBL2050649,CHEMBL2048903,CHEMBL203
OCCn1ccc2ncnc(Nc3ccc(Oc4cccc5sccc45)c(Cl)c3)c21,8.8,CHEMBL2050649,CHEMBL2048798,CHEMBL203
OCCn1ccc2ncnc(Nc3ccc(Oc4cccc5[nH]ccc45)c(Cl)c3)c21,3.1,CHEMBL2050649,CHEMBL2048797,CHEMBL203
O=C1Cc2c(cccc2Oc2ccc(Nc3ncnc4ccn(CCO)c34)cc2Cl)N1,3.0,CHEMBL2050649,CHEMBL2048796,CHEMBL203
O=C1Cc2cccc(Oc3ccc(Nc4ncnc5ccn(CCO)c45)cc3Cl)c2N1,2.8,CHEMBL2050649,CHEMBL2048795,CHEMBL203
O=C1NCc2cccc(Oc3ccc(Nc4ncnc5ccn(CCO)c45)cc3Cl)c21,21.0,CHEMBL2050649,CHEMBL2048794,CHEMBL203
O=C1NCc2c(Oc3ccc(Nc4ncnc5ccn(CCO)c45)cc3Cl)cccc21,890.0,CHEMBL2050649,CHEMBL2048793,CHEMBL203
O=C1Cc2ccc(Oc3ccc(Nc4ncnc5ccn(CCO)c45)cc3Cl)cc2N1,2300.0,CHEMBL2050649,CHEMBL2048792,CHEMBL203
O=C1Cc2cc(Oc3ccc(Nc4ncnc5ccn(CCO)c45)cc3Cl)ccc2N1,960.0,CHEMBL2050649,CHEMBL2048791,CHEMBL203
O=C1NCc2cc(Oc3ccc(Nc4ncnc5ccn(CCO)c45)cc3Cl)ccc21,510.0,CHEMBL2050649,CHEMBL2048790,CHEMBL203
O=C1NCc2ccc(Oc3ccc(Nc4ncnc5ccn(CCO)c45)cc3Cl)cc21,7.8,CHEMBL2050649,CHEMBL2048789,CHEMBL203
CC(C)(C)NC(=O)c1cccc(Oc2ccc(Nc3ncnc4ccn(CCO)c34)cc2Cl)c1,33.0,CHEMBL2050649,CHEMBL2048788,CHEMBL203
OCCn1ccc2ncnc(Nc3ccc(Oc4cccc(C(F)(F)F)c4)c(Cl)c3)c21,34.0,CHEMBL2050649,CHEMBL1923007,CHEMBL203
O=c1oc2cc3ncnc(Nc4ccc(F)c(Cl)c4)c3cc2n1CCCN1CCOCC1,78.0,CHEMBL2066000,CHEMBL2064372,CHEMBL203
C#Cc1cccc(Nc2ncnc3cc4oc(=O)n(CCCN5CCOCC5)c4cc23)c1,380.0,CHEMBL2066000,CHEMBL2064373,CHEMBL203
CCOC(=O)c1ccc(Nc2ncnc3cc4oc(=O)n(CCCN5CCOCC5)c4cc23)cc1,5800.0,CHEMBL2066000,CHEMBL2064374,CHEMBL203
COc1ccc(Nc2ncnc3cc4oc(=O)n(CCCN5CCOCC5)c4cc23)cc1,380.0,CHEMBL2066000,CHEMBL2064376,CHEMBL203
Cc1cc(C)cc(Nc2ncnc3cc4oc(=O)n(CCCN5CCOCC5)c4cc23)c1,75000.0,CHEMBL2066000,CHEMBL2064379,CHEMBL203
CCOC(=O)c1ccc(O)c(Nc2ncnc3cc4oc(=O)n(CCCN5CCOCC5)c4cc23)c1,230.0,CHEMBL2066000,CHEMBL2064380,CHEMBL203
CCOc1ccc(Nc2ncnc3cc4oc(=O)n(CCCN5CCOCC5)c4cc23)cc1,1400.0,CHEMBL2066000,CHEMBL2064382,CHEMBL203
Cc1ccc(Nc2ncnc3cc4oc(=O)n(CCCN5CCOCC5)c4cc23)cc1,67.0,CHEMBL2066000,CHEMBL2064383,CHEMBL203
O=c1oc2cc3ncnc(Nc4ccc(OCc5ccc(Cl)cc5)cc4)c3cc2n1CCCN1CCOCC1,990.0,CHEMBL2066000,CHEMBL2064384,CHEMBL203
O=c1oc2cc3ncnc(Nc4ccc(OCc5ccccc5)cc4)c3cc2n1CCCN1CCOCC1,140.0,CHEMBL2066000,CHEMBL2064386,CHEMBL203
O=c1oc2cc3ncnc(Nc4ccccc4O)c3cc2n1CCCN1CCOCC1,30000.0,CHEMBL2066000,CHEMBL2064388,CHEMBL203
O=c1oc2cc3ncnc(Nc4ccc(F)c(F)c4)c3cc2n1CCCN1CCOCC1,570.0,CHEMBL2066000,CHEMBL2064389,CHEMBL203
CC(C)Oc1cccc(Nc2ncnc3cc4oc(=O)n(CCCN5CCOCC5)c4cc23)c1,3000.0,CHEMBL2066000,CHEMBL2064390,CHEMBL203
CC(=O)c1cccc(Nc2ncnc3cc4oc(=O)n(CCCN5CCOCC5)c4cc23)c1,6800.0,CHEMBL2066000,CHEMBL2064391,CHEMBL203
Cc1c(OCC(F)(F)F)ccnc1COc1ccc(Nc2ncnc3cc4oc(=O)n(CCCN5CCOCC5)c4cc23)cc1,7800.0,CHEMBL2066000,CHEMBL2064392,CHEMBL203
Cc1c(OCC(F)(F)F)ccnc1COc1cccc(Nc2ncnc3cc4oc(=O)n(CCCN5CCOCC5)c4cc23)c1,99.0,CHEMBL2066000,CHEMBL2064393,CHEMBL203
O=c1oc2cc3ncnc(Nc4ccc(OCc5ccccn5)cc4)c3cc2n1CCCN1CCOCC1,1700.0,CHEMBL2066000,CHEMBL2064394,CHEMBL203
O=c1oc2cc3ncnc(Nc4ccc(OCc5ccc(Cl)cc5)c(Cl)c4)c3cc2n1CCCN1CCOCC1,61.0,CHEMBL2066000,CHEMBL2064395,CHEMBL203
CC(C)(C)c1ccc(Nc2ncnc3cc4oc(=O)n(CCCN5CCOCC5)c4cc23)cc1,79000.0,CHEMBL2066000,CHEMBL2064396,CHEMBL203
COc1cc2ncnc(Nc3ccc(F)c(Cl)c3)c2cc1OCCCN1CCOCC1,72.0,CHEMBL2066000,CHEMBL939,CHEMBL203
CN(c1ccccc1)c1ncnc2cc3oc(=O)n(CCCN4CCOCC4)c3cc12,7200.0,CHEMBL2066000,CHEMBL2064397,CHEMBL203
C[C@@H](Nc1ncnc2cc3oc(=O)n(CCCN4CCOCC4)c3cc12)c1ccccc1,4500.0,CHEMBL2066000,CHEMBL2064398,CHEMBL203
C[C@H](Nc1ncnc2cc3oc(=O)n(CCCN4CCOCC4)c3cc12)c1ccccc1,3700.0,CHEMBL2066000,CHEMBL2064399,CHEMBL203
O=c1oc2cc3ncnc(NCc4ccccc4)c3cc2n1CCCN1CCOCC1,65000.0,CHEMBL2066000,CHEMBL2064400,CHEMBL203
O=c1oc2cc3ncnc(Nc4ccc5[nH]ncc5c4)c3cc2n1CCCN1CCOCC1,120.0,CHEMBL2066000,CHEMBL2064403,CHEMBL203
Nc1ncnn2ccc(C(=O)Nc3ccc(NC(=O)Nc4cccc(F)c4)cc3)c12,2090.0,CHEMBL2064929,CHEMBL1990583,CHEMBL203
O=C(Nc1ccc2ncnc(Nc3cccc(Br)c3)c2c1)c1cccc2c1OCCO2,1630.0,CHEMBL2071758,CHEMBL2070190,CHEMBL203
O=C(Nc1ccc2ncnc(Nc3cccc(Cl)c3)c2c1)c1cccc2c1OCCO2,1290.0,CHEMBL2071758,CHEMBL2070194,CHEMBL203
O=C(Nc1ccc2ncnc(Nc3cccc(Br)c3)c2c1)C1COc2ccccc2O1,3680.0,CHEMBL2071758,CHEMBL2070195,CHEMBL203
O=C(Nc1ccc2ncnc(Nc3cccc(Cl)c3)c2c1)C1COc2ccccc2O1,2750.0,CHEMBL2071758,CHEMBL2070196,CHEMBL203
Brc1cccc(Nc2ncnc3ccc(NCc4ccc5c(c4)OCO5)cc23)c1,630.0,CHEMBL2071758,CHEMBL2070197,CHEMBL203
Clc1cccc(Nc2ncnc3ccc(NCc4ccc5c(c4)OCO5)cc23)c1,570.0,CHEMBL2071758,CHEMBL2070191,CHEMBL203
Brc1cccc(Nc2ncnc3ccc(NCc4ccc5c(c4)OCCO5)cc23)c1,1020.0,CHEMBL2071758,CHEMBL2070192,CHEMBL203
Clc1cccc(Nc2ncnc3ccc(NCc4ccc5c(c4)OCCO5)cc23)c1,790.0,CHEMBL2071758,CHEMBL2070193,CHEMBL203
Brc1cccc(Nc2ncnc3ccc(NCc4ccc5c(c4)OCCCO5)cc23)c1,98.0,CHEMBL2071758,CHEMBL2070198,CHEMBL203
Clc1cccc(Nc2ncnc3ccc(NCc4ccc5c(c4)OCCCO5)cc23)c1,216.0,CHEMBL2071758,CHEMBL2070199,CHEMBL203
Brc1cccc(Nc2ncnc3ccc(NCc4ccc5c(c4)OCCCCO5)cc23)c1,1140.0,CHEMBL2071758,CHEMBL2070200,CHEMBL203
Clc1cccc(Nc2ncnc3ccc(NCc4ccc5c(c4)OCCCCO5)cc23)c1,920.0,CHEMBL2071758,CHEMBL2070201,CHEMBL203
COc1ccc2cc(-c3nn(C(C)C)c4ncnc(N)c34)ccc2c1.Cl,510.0,CHEMBL2072949,CHEMBL2070045,CHEMBL203
CCOc1ccc2cc(-c3nn(C(C)C)c4ncnc(N)c34)ccc2c1.Cl,700.0,CHEMBL2072949,CHEMBL2070048,CHEMBL203
CCN1CCC(Nc2ccc3c(c2)C(=C(c2ccc(Cl)cc2)c2ncc[nH]2)C(=O)N3)CC1,137.0,CHEMBL2089890,CHEMBL2086760,CHEMBL203
Brc1cccc(Nc2ncnc3cc4c(cc23)OCCCO4)c1,85.0,CHEMBL2090277,CHEMBL1198361,CHEMBL203
Brc1cccc(Nc2ncnc3cc4c(cc23)Oc2ccccc2O4)c1,120.0,CHEMBL2090277,CHEMBL2087352,CHEMBL203
Brc1cccc(Nc2ncnc3cc4c(cc23)OCCOCCO4)c1,55.0,CHEMBL2090277,CHEMBL2087353,CHEMBL203
Cc1ccc(S(=O)(=O)N2CCOc3cc4ncnc(Nc5cccc(Br)c5)c4cc3OCC2)cc1,150.0,CHEMBL2090277,CHEMBL2087354,CHEMBL203
Brc1cccc(Nc2ncnc3cc4c(cc23)OCCOCCOCCO4)c1,5.0,CHEMBL2090277,CHEMBL2087355,CHEMBL203
Brc1cccc(Nc2ncnc3cc4c(cc23)OCCOCOCOCCO4)c1,5.0,CHEMBL2090277,CHEMBL2087356,CHEMBL203
Brc1cccc(Nc2ncnc3cc4c(cc23)OCCSCCO4)c1,7.0,CHEMBL2090277,CHEMBL2087357,CHEMBL203
Clc1cccc(Nc2ncnc3cc4c(cc23)OCCOCCOCCO4)c1,2.0,CHEMBL2090277,CHEMBL2087358,CHEMBL203
Brc1cccc(Nc2ncnc3cc4c(cc23)OCCCSCCCO4)c1,8.0,CHEMBL2090277,CHEMBL2087359,CHEMBL203
Fc1ccc(Nc2ncnc3cc4c(cc23)OCCOCCOCCO4)cc1Cl,2.0,CHEMBL2090277,CHEMBL2087360,CHEMBL203
C#Cc1cccc(Nc2ncnc3cc4c(cc23)OCCOCCOCCO4)c1,2.0,CHEMBL2090277,CHEMBL2087361,CHEMBL203
Brc1cccc(Nc2ncnc3cc4c(cc23)OCCOCCOCCO4)c1,50.0,CHEMBL2090278,CHEMBL2087355,CHEMBL203
Brc1cccc(Nc2ncnc3cc4c(cc23)OCCOCOCOCCO4)c1,50.0,CHEMBL2090278,CHEMBL2087356,CHEMBL203
Clc1cccc(Nc2ncnc3cc4c(cc23)OCCOCCOCCO4)c1,55.0,CHEMBL2090278,CHEMBL2087358,CHEMBL203
Fc1ccc(Nc2ncnc3cc4c(cc23)OCCOCCOCCO4)cc1Cl,45.0,CHEMBL2090278,CHEMBL2087360,CHEMBL203
C#Cc1cccc(Nc2ncnc3cc4c(cc23)OCCOCCOCCO4)c1,45.0,CHEMBL2090278,CHEMBL2087361,CHEMBL203
C#Cc1cccc(Nc2ncnc3cc(OCCOC)c(OCCOC)cc23)c1,1360.0,CHEMBL2150828,CHEMBL553,CHEMBL203
CS(=O)(=O)CC(=O)NCCn1ccc2ncnc(Nc3ccc(Oc4cccc(C(F)(F)F)c4)c(Cl)c3)c21,15.0,CHEMBL2150609,CHEMBL2148044,CHEMBL203
CCS(=O)(=O)CC(=O)NCCn1ccc2ncnc(Nc3ccc(Oc4cccc(C(F)(F)F)c4)c(Cl)c3)c21,31.0,CHEMBL2150609,CHEMBL2148045,CHEMBL203
CC(C)S(=O)(=O)CC(=O)NCCn1ccc2ncnc(Nc3ccc(Oc4cccc(C(F)(F)F)c4)c(Cl)c3)c21,53.0,CHEMBL2150609,CHEMBL2148046,CHEMBL203
CC(C)(C)S(=O)(=O)CC(=O)NCCn1ccc2ncnc(Nc3ccc(Oc4cccc(C(F)(F)F)c4)c(Cl)c3)c21,56.0,CHEMBL2150609,CHEMBL2148047,CHEMBL203
CC(C(=O)NCCn1ccc2ncnc(Nc3ccc(Oc4cccc(C(F)(F)F)c4)c(Cl)c3)c21)S(C)(=O)=O,18.0,CHEMBL2150609,CHEMBL2148048,CHEMBL203
CC(C)(C(=O)NCCn1ccc2ncnc(Nc3ccc(Oc4cccc(C(F)(F)F)c4)c(Cl)c3)c21)S(C)(=O)=O,47.0,CHEMBL2150609,CHEMBL2148049,CHEMBL203
CS(=O)(=O)CC(=O)NCCn1ccc2ncnc(Nc3ccc(Oc4cccc(Cl)c4)c(Cl)c3)c21,6.7,CHEMBL2150609,CHEMBL2148050,CHEMBL203
CC(C(=O)NCCn1ccc2ncnc(Nc3ccc(Oc4cccc(Cl)c4)c(Cl)c3)c21)S(C)(=O)=O,9.8,CHEMBL2150609,CHEMBL2148051,CHEMBL203
CC(C)(C(=O)NCCn1ccc2ncnc(Nc3ccc(Oc4cccc(Cl)c4)c(Cl)c3)c21)S(C)(=O)=O,11.0,CHEMBL2150609,CHEMBL2148052,CHEMBL203
CC(C)(C(=O)NCCn1ccc2ncnc(Nc3ccc(Oc4cccc(Cl)c4)c(Cl)c3)c21)S(C)(=O)=O.Cc1ccc(S(=O)(=O)O)cc1,11.0,CHEMBL2150609,CHEMBL2148053,CHEMBL203
Cc1ccc(O)cc1-n1c(=O)c2c(c3c(N)ncnc31)CCCC2,1620.0,CHEMBL2154039,CHEMBL2152704,CHEMBL203
CNC(=O)c1nc(-c2ccc(Cl)c(S(=O)(=O)Nc3cccc(F)c3F)c2)cnc1N,739.0,CHEMBL2156898,CHEMBL2152252,CHEMBL203
CNC(=O)c1nc(-c2ccc(Cl)c(S(=O)(=O)Nc3cccc(F)c3C)c2)cnc1N,410.0,CHEMBL2156898,CHEMBL2152253,CHEMBL203
COc1ccc(C2=NN(C(=O)c3ccc(Cl)cc3O)C(c3ccc(Cl)cc3)C2)cc1,10490.0,CHEMBL2162537,CHEMBL2159053,CHEMBL203
CN1CCN(c2ccc(Nc3ncc4nc(Nc5ccccc5)n(C5CCCC5)c4n3)cc2)CC1,400.0,CHEMBL2188083,CHEMBL2178352,CHEMBL203
CN1CCN(c2ccc(Nc3ncc4nc(Nc5ccccc5)n(C5CCCC5)c4n3)cc2)CC1,400.0,CHEMBL2188084,CHEMBL2178352,CHEMBL203
CN1CCN(c2ccc(Nc3ncc4nc(Nc5ccccc5)n(C5CCCC5)c4n3)cc2)CC1,400.0,CHEMBL2188085,CHEMBL2178352,CHEMBL203
CN1CCN(c2ccc(Nc3ncc4nc(Nc5ccccc5)n(C5CCCC5)c4n3)cc2)CC1,4.0,CHEMBL2188539,CHEMBL2178352,CHEMBL203
CN1CCN(c2ccc(Nc3ncc4nc(Nc5ccccc5)[nH]c4n3)cc2)CC1,978.0,CHEMBL2183197,CHEMBL2178368,CHEMBL203
CN1CCN(c2ccc(Nc3ncc4nc(Nc5ccccc5)[nH]c4n3)cc2)CC1,98.0,CHEMBL2183198,CHEMBL2178368,CHEMBL203
COc1cc2ncc(C#N)c(Nc3cccc(Br)c3)c2cc1OC,190.0,CHEMBL2208630,CHEMBL111038,CHEMBL203
COc1cc2ncnc(Nc3cccc(Br)c3)c2cc1OC,70.0,CHEMBL2208630,CHEMBL29197,CHEMBL203
O=S1(=O)N=S(c2ccc(Br)cc2)c2ccncc21,5400.0,CHEMBL2208688,CHEMBL2205030,CHEMBL203
O=[N+]([O-])c1ccc2c(c1)S(=O)(=O)N=S2c1ccc(Br)cc1,22000.0,CHEMBL2208688,CHEMBL605161,CHEMBL203
COC(=O)c1ccc2c(c1)S(=O)(=O)N=S2c1ccc(Br)cc1,1000.0,CHEMBL2208688,CHEMBL1917092,CHEMBL203
COc1cc2ncnc(Nc3ccc(F)c(Cl)c3)c2cc1NC(=O)/C=C/CN1CCCCC1.O,6.0,CHEMBL2217241,CHEMBL2105719,CHEMBL203
CC#CC(=O)Nc1ccc2ncnc(Nc3cccc(Br)c3)c2c1,5.0,CHEMBL2217238,CHEMBL91867,CHEMBL203
CN(C)C/C=C/C(=O)Nc1cc2c(Nc3ccc(F)c(Cl)c3)ncnc2cc1O[C@H]1CCOC1,0.5,CHEMBL2217237,CHEMBL1173655,CHEMBL203
C=CC(=O)Nc1cc2c(Nc3ccc(F)c(Cl)c3)ncnc2cc1OCCCN1CCOCC1,1.5,CHEMBL2217237,CHEMBL31965,CHEMBL203
CC#CC(=O)Nc1ccc2ncnc(Nc3cccc(Br)c3)c2c1,0.37,CHEMBL2217237,CHEMBL91867,CHEMBL203
C=CC(=O)Nc1ccc2ncnc(Nc3cccc(Br)c3)c2c1,0.7,CHEMBL2217236,CHEMBL285063,CHEMBL203
C=C(CN(C)C)C(=O)Nc1cc2c(Nc3ccc(F)c(Cl)c3)c(C#N)cnc2cc1OCC,560015.44,CHEMBL3056386,CHEMBL117326,CHEMBL203
C=C(CN1CCOCC1)C(=O)Nc1ccc2ncc(C#N)c(Nc3ccc(F)c(Cl)c3)c2c1,2700225.29,CHEMBL3056386,CHEMBL114392,CHEMBL203
C/C=C/C(=O)Nc1cc2c(Nc3ccc(F)c(Cl)c3)c(C#N)cnc2cc1OCC,7500668.99,CHEMBL3056386,CHEMBL113902,CHEMBL203
C/C=C/C(=O)Nc1ccc2ncc(C#N)c(Nc3cccc(Br)c3)c2c1,1620317.04,CHEMBL3056386,CHEMBL326811,CHEMBL203
C=CC(=O)Nc1cc2c(Nc3cccc(Br)c3)c(C#N)cnc2cc1OC,810027.94,CHEMBL3056386,CHEMBL324718,CHEMBL203
C=CC(=O)Nc1ccc2ncc(C#N)c(Nc3cccc(Br)c3)c2c1,590065.2,CHEMBL3056386,CHEMBL281300,CHEMBL203
COc1cc2ncc(C#N)c(Nc3ccc(F)c(Cl)c3)c2cc1NC(=O)/C=C/C(C)N1CCOCC1,10590098.51,CHEMBL3056386,CHEMBL114073,CHEMBL203
CCN(CC)C(C)/C=C/C(=O)Nc1cc2c(Nc3ccc(F)c(Cl)c3)c(C#N)cnc2cc1OC,4840608.96,CHEMBL3056386,CHEMBL325156,CHEMBL203
COc1cc2ncc(C#N)c(Nc3ccc(F)c(Cl)c3)c2cc1NC(=O)/C=C/C(C)N(C)C,5220354.55,CHEMBL3056386,CHEMBL113901,CHEMBL203
CN(C)C/C=C/C(=O)Nc1cc2c(Nc3ccc(F)c(Cl)c3)c(C#N)cnc2cc1OC(F)(F)F,2640584.08,CHEMBL3056386,CHEMBL421047,CHEMBL203
COc1cc2ncc(C#N)c(Nc3ccc(F)c(Cl)c3)c2cc1NC(=O)/C=C/CN1CCOCC1,13567505.3,CHEMBL3056386,CHEMBL113996,CHEMBL203
CCN(CC)C/C=C/C(=O)Nc1cc2c(Nc3ccc(F)c(Cl)c3)c(C#N)cnc2cc1OC,1910293.07,CHEMBL3056386,CHEMBL424252,CHEMBL203
COc1cc2ncc(C#N)c(Nc3ccc(F)c(Cl)c3)c2cc1NC(=O)/C=C/CN(C)C,2320064.19,CHEMBL3056386,CHEMBL114490,CHEMBL203
N#Cc1cnc2ccc(NC(=O)/C=C/CN3CCOCC3)cc2c1Nc1ccc(F)c(Cl)c1,2290340.22,CHEMBL3056386,CHEMBL118000,CHEMBL203
CN(C)C/C=C/C(=O)Nc1ccc2ncc(C#N)c(Nc3ccc(F)c(Cl)c3)c2c1,650129.69,CHEMBL3056386,CHEMBL323630,CHEMBL203
COc1cc(NC(=O)/C=C/CN2CCOCC2)cc2c(Nc3cccc(Br)c3)c(C#N)cnc12,5390139.44,CHEMBL3056386,CHEMBL113985,CHEMBL203
COc1cc(NC(=O)/C=C/CN(C)C)cc2c(Nc3cccc(Br)c3)c(C#N)cnc12,2880049.82,CHEMBL3056386,CHEMBL116857,CHEMBL203
CCOc1cc2ncc(C#N)c(Nc3cccc(Br)c3)c2cc1NC(=O)/C=C/CN1CCOCC1,10320482.46,CHEMBL3056386,CHEMBL116012,CHEMBL203
CCOc1cc2ncc(C#N)c(Nc3cccc(Br)c3)c2cc1NC(=O)/C=C/CN(C)C,1600294.82,CHEMBL3056386,CHEMBL114728,CHEMBL203
COc1cc2ncc(C#N)c(Nc3cccc(Br)c3)c2cc1NC(=O)/C=C/CN1CCOCC1,3830010.81,CHEMBL3056386,CHEMBL332497,CHEMBL203
COc1cc2ncc(C#N)c(Nc3cccc(Br)c3)c2cc1NC(=O)/C=C/CN(C)C,790132.64,CHEMBL3056386,CHEMBL263788,CHEMBL203
CN(C)C/C=C/C(=O)Nc1ccc2ncc(C#N)c(Nc3cccc(Br)c3)c2c1,310027.34,CHEMBL3056386,CHEMBL30973,CHEMBL203
COc1cc2ncc(C#N)c(Nc3cccc(Br)c3)c2cc1NC(=O)C#CCN(C)C,90011.91,CHEMBL3056386,CHEMBL116853,CHEMBL203
COCC#CC(=O)Nc1cc2c(Nc3cccc(Br)c3)c(C#N)cnc2cc1OC,790678.63,CHEMBL3056386,CHEMBL326280,CHEMBL203
CC#CC(=O)Nc1cc2c(Nc3cccc(Br)c3)c(C#N)cnc2cc1OC,190020.3,CHEMBL3056386,CHEMBL116525,CHEMBL203
CC(C)NCC#CC(=O)Nc1ccc2ncc(C#N)c(Nc3cccc(Br)c3)c2c1,250034.54,CHEMBL3056386,CHEMBL2262408,CHEMBL203
CCCNCC#CC(=O)Nc1ccc2ncc(C#N)c(Nc3cccc(Br)c3)c2c1,130016.96,CHEMBL3056386,CHEMBL2262407,CHEMBL203
COC[C@@H]1CCCN1CC#CC(=O)Nc1ccc2ncc(C#N)c(Nc3cccc(Br)c3)c2c1,150003.02,CHEMBL3056386,CHEMBL117324,CHEMBL203
N#Cc1cnc2ccc(NC(=O)C#CCN3CCSCC3)cc2c1Nc1cccc(Br)c1,550047.25,CHEMBL3056386,CHEMBL327023,CHEMBL203
COCOCC#CC(=O)Nc1ccc2ncc(C#N)c(Nc3cccc(Br)c3)c2c1,330065.4,CHEMBL3056386,CHEMBL441279,CHEMBL203
COCCOCC#CC(=O)Nc1ccc2ncc(C#N)c(Nc3cccc(Br)c3)c2c1,930036.51,CHEMBL3056386,CHEMBL115440,CHEMBL203
COCC#CC(=O)Nc1ccc2ncc(C#N)c(Nc3cccc(Br)c3)c2c1,960063.59,CHEMBL3056386,CHEMBL114593,CHEMBL203
CC#CC(=O)Nc1ccc2ncc(C#N)c(Nc3cccc(Br)c3)c2c1,940156.17,CHEMBL3056386,CHEMBL283682,CHEMBL203
CCOc1cc2ncc(C#N)c(Nc3ccc(F)c(Cl)c3)c2cc1NC(=O)/C=C/CN(C)C,79983.43,CHEMBL3056386,CHEMBL607707,CHEMBL203
C#Cc1cccc(Nc2ncnc3cc(OCCOC)c(OCCOC)cc23)c1,340.0,CHEMBL3077166,CHEMBL553,CHEMBL203
CC(C)(C)NC(=O)/C=C/c1ccccc1,29850.0,CHEMBL3077166,CHEMBL2283259,CHEMBL203
CCCCCCCCCCCCNC(=O)/C=C/c1ccccc1,38460.0,CHEMBL3077166,CHEMBL2283258,CHEMBL203
O=C(/C=C/c1ccccc1)Nc1ccccc1Br,15740.0,CHEMBL3077166,CHEMBL2283257,CHEMBL203
O=C(/C=C/c1ccccc1)Nc1cc(Cl)cc(Cl)c1,13930.0,CHEMBL3077166,CHEMBL2283256,CHEMBL203
O=C(/C=C/c1ccccc1)Nc1ccc(Cl)cc1Cl,16170.0,CHEMBL3077166,CHEMBL2283255,CHEMBL203
O=C(/C=C/c1ccccc1)Nc1ccc(Cl)cc1,13710.0,CHEMBL3077166,CHEMBL2336335,CHEMBL203
O=C(/C=C/c1ccccc1)Nc1cccc(Cl)c1,14590.0,CHEMBL3077166,CHEMBL1830131,CHEMBL203
O=C(/C=C/c1ccccc1)Nc1ccccc1Cl,9860.0,CHEMBL3077166,CHEMBL1981977,CHEMBL203
O=C(/C=C/c1ccccc1)Nc1cc(F)c(F)c(F)c1,12880.0,CHEMBL3077166,CHEMBL2283253,CHEMBL203
O=C(/C=C/c1ccccc1)Nc1cc(F)cc(F)c1,13230.0,CHEMBL3077166,CHEMBL2283252,CHEMBL203
O=C(/C=C/c1ccccc1)Nc1ccc(F)cc1F,11690.0,CHEMBL3077166,CHEMBL2283251,CHEMBL203
O=C(/C=C/c1ccccc1)Nc1ccc(F)cc1,10020.0,CHEMBL3077166,CHEMBL2336361,CHEMBL203
O=C(/C=C/c1ccccc1)Nc1ccccc1F,7370.0,CHEMBL3077166,CHEMBL1998736,CHEMBL203
CCOc1ccc(NC(=O)/C=C/c2ccccc2)cc1,10230.0,CHEMBL3077166,CHEMBL2283249,CHEMBL203
CCOc1ccccc1NC(=O)/C=C/c1ccccc1,9350.0,CHEMBL3077166,CHEMBL2283248,CHEMBL203
COc1ccc(NC(=O)/C=C/c2ccccc2)cc1,9050.0,CHEMBL3077166,CHEMBL2336357,CHEMBL203
COc1ccccc1NC(=O)/C=C/c1ccccc1,5160.0,CHEMBL3077166,CHEMBL2336355,CHEMBL203
CC(C)c1ccc(NC(=O)/C=C/c2ccccc2)cc1,14580.0,CHEMBL3077166,CHEMBL2283245,CHEMBL203
Cc1ccc(NC(=O)/C=C/c2ccccc2)cc1,12690.0,CHEMBL3077166,CHEMBL2336359,CHEMBL203
Cc1cccc(NC(=O)/C=C/c2ccccc2)c1,19690.0,CHEMBL3077166,CHEMBL1830130,CHEMBL203
Cc1ccccc1NC(=O)/C=C/c1ccccc1,12290.0,CHEMBL3077166,CHEMBL2336358,CHEMBL203
O=C(/C=C/c1ccccc1)Nc1ccccc1,23160.0,CHEMBL3077166,CHEMBL1830129,CHEMBL203
C#Cc1cccc(Nc2ncnc3cc(OCCOC)c(OCCOC)cc23)c1,30.0,CHEMBL2318907,CHEMBL553,CHEMBL203
COc1cc(/C=C/C(=O)CC(=O)/C=C/c2ccc(O)c(OC)c2)ccc1O,8600.0,CHEMBL2318907,CHEMBL140,CHEMBL203
COc1cc(/C=C2\CCC/C(=C\c3cc(C(C)(C)C)c(O)c(C(C)(C)C)c3)C2=O)cc(OC)c1,4800.0,CHEMBL2318907,CHEMBL2316159,CHEMBL203
COc1cc(/C=C2\CCC/C(=C\c3ccc(S(C)(=O)=O)cc3)C2=O)cc(OC)c1,1900.0,CHEMBL2318907,CHEMBL2316158,CHEMBL203
COc1cc(/C=C2\CCC/C(=C\c3cc(OC)cc(OC)c3)C2=O)cc(OC)c1,2000.0,CHEMBL2318907,CHEMBL2316157,CHEMBL203
COc1ccc(/C=C2\CCC/C(=C\c3cc(OC)cc(OC)c3)C2=O)cc1,18600.0,CHEMBL2318907,CHEMBL2316156,CHEMBL203
COc1cc(/C=C2\CCC/C(=C\c3ccc(OC)c(O)c3)C2=O)cc(OC)c1,5300.0,CHEMBL2318907,CHEMBL2316155,CHEMBL203
COc1cc(/C=C2\CCC/C(=C\c3ccc(N(C)C)cc3)C2=O)cc(OC)c1,3900.0,CHEMBL2318907,CHEMBL2316154,CHEMBL203
COc1cc(/C=C2\CCC/C(=C\c3ccc(O)cc3)C2=O)cc(OC)c1,4600.0,CHEMBL2318907,CHEMBL2316153,CHEMBL203
COc1cc(/C=C2\CCC/C(=C\c3ccccc3OC)C2=O)cc(OC)c1,20800.0,CHEMBL2318907,CHEMBL2316152,CHEMBL203
COc1cc(/C=C2\CCC/C(=C\c3ccc(O)c(O)c3)C2=O)cc(OC)c1,400.0,CHEMBL2318907,CHEMBL2316151,CHEMBL203
COc1cccc(/C=C2\CCC/C(=C\c3cc(OC)cc(OC)c3)C2=O)c1,6100.0,CHEMBL2318907,CHEMBL2316150,CHEMBL203
COc1cc(/C=C2\CCC/C(=C\C3CCCCC3)C2=O)cc(OC)c1,7500.0,CHEMBL2318907,CHEMBL2316149,CHEMBL203
COc1cc(/C=C2\CCC/C(=C\c3ccc(Cl)cc3)C2=O)cc(OC)c1,15300.0,CHEMBL2318907,CHEMBL2316148,CHEMBL203
COc1cc(/C=C2\CCC/C(=C\c3ccc(F)cc3)C2=O)cc(OC)c1,5600.0,CHEMBL2318907,CHEMBL2316147,CHEMBL203
COc1cc(/C=C2\CCC/C(=C\c3ccc(Br)cc3)C2=O)cc(OC)c1,7100.0,CHEMBL2318907,CHEMBL2316146,CHEMBL203
COc1cc(/C=C2\CCC/C(=C\c3cccc(Br)c3)C2=O)cc(OC)c1,6800.0,CHEMBL2318907,CHEMBL2316145,CHEMBL203
COc1cc(/C=C2\CCC/C(=C\c3ccccc3Br)C2=O)cc(OC)c1,8000.0,CHEMBL2318907,CHEMBL2316144,CHEMBL203
COc1cc(/C=C2\CCC/C(=C\c3ccccc3F)C2=O)cc(OC)c1,2100.0,CHEMBL2318907,CHEMBL2316143,CHEMBL203
COc1cc(/C=C2\CCC/C(=C\c3ccccc3Cl)C2=O)cc(OC)c1,1500.0,CHEMBL2318907,CHEMBL2316142,CHEMBL203
COc1cc(/C=C2\CCC/C(=C\c3cccc(Cl)c3)C2=O)cc(OC)c1,2200.0,CHEMBL2318907,CHEMBL2316141,CHEMBL203
COc1cc(/C=C2\CCC/C(=C\c3ccccc3)C2=O)cc(OC)c1,1600.0,CHEMBL2318907,CHEMBL2316140,CHEMBL203
O=C(NCCCN1CCOC1=O)c1cnc(NCc2cc(Cl)ccc2Cl)nc1NC1CCCC1,4090.0,CHEMBL2319132,CHEMBL2312304,CHEMBL203
O=C(NCCCN1CCCC1=O)c1cnc(NCc2cc(Cl)ccc2Cl)nc1NC1CCCC1,4290.0,CHEMBL2319132,CHEMBL2312303,CHEMBL203
Cc1cc(-c2cnc(Nc3cc(Cl)cc(Cl)c3)nc2NC2CCC(N(C)C)CC2)on1,590.0,CHEMBL2317775,CHEMBL2312654,CHEMBL203
CN1CCC(NC(=O)c2cnc(Nc3cc(Cl)cc(Cl)c3)nc2N[C@@H]2COC[C@H]2O)CC1,30000.0,CHEMBL2317775,CHEMBL2312652,CHEMBL203
CN1CCC(NC(=O)c2cnc(Nc3cc(Cl)cc(Cl)c3)nc2NC2CCC(N(C)C)CC2)CC1,30000.0,CHEMBL2317775,CHEMBL2312649,CHEMBL203
CN1CCC(NC(=O)c2cnc(NCc3cc(Cl)ccc3Cl)nc2NC2CCCC2)CC1,30000.0,CHEMBL2317775,CHEMBL2312646,CHEMBL203
COc1ccccc1CNc1ncc(C(=O)NC2CCN(C)CC2)c(NC2CCCC2)n1,30000.0,CHEMBL2317775,CHEMBL2312645,CHEMBL203
O=C(Nc1cccc(Oc2ccc(Nc3ncnc4ccn(CCOCCO)c34)cc2Cl)c1)NC1CCCCC1,6.9,CHEMBL2328801,CHEMBL2322330,CHEMBL203
CCOc1cc2ncc(C#N)c(Nc3ccc(OCc4ccccn4)c(Cl)c3)c2cc1NC(=O)/C=C/CN(C)C,2.5,CHEMBL2328801,CHEMBL180022,CHEMBL203
CN(C)C/C=C/C(=O)NCCn1ccc2ncnc(Nc3ccc(Oc4cccc(C(F)(F)F)c4)c(Cl)c3)c21,4.6,CHEMBL2328801,CHEMBL2322329,CHEMBL203
CC(C)(O)CC(=O)NCCn1ccc2ncnc(Nc3ccc(Oc4cccc(C(F)(F)F)c4)c(Cl)c3)c21,4.0,CHEMBL2328801,CHEMBL1614725,CHEMBL203
O=C(Nc1cccc(Oc2ccc(Nc3ncnc4ccn(CCOCCO)c34)cc2Cl)c1)NC1CCCCC1,19.0,CHEMBL2328802,CHEMBL2322330,CHEMBL203
CCOc1cc2ncc(C#N)c(Nc3ccc(OCc4ccccn4)c(Cl)c3)c2cc1NC(=O)/C=C/CN(C)C,66.0,CHEMBL2328802,CHEMBL180022,CHEMBL203
CN(C)C/C=C/C(=O)NCCn1ccc2ncnc(Nc3ccc(Oc4cccc(C(F)(F)F)c4)c(Cl)c3)c21,8100.0,CHEMBL2328802,CHEMBL2322329,CHEMBL203
CC(C)(O)CC(=O)NCCn1ccc2ncnc(Nc3ccc(Oc4cccc(C(F)(F)F)c4)c(Cl)c3)c21,8400.0,CHEMBL2328802,CHEMBL1614725,CHEMBL203
C#Cc1cccc(Nc2ncnc3cc(OCCOC)c(OCCOC)cc23)c1,30.0,CHEMBL2327216,CHEMBL553,CHEMBL203
Clc1ccc(C2=NN(c3ccccc3)C(c3ccc4ccccc4c3)C2)cc1Cl,50.0,CHEMBL2327216,CHEMBL2325101,CHEMBL203
Cc1ccc(C2=NN(c3ccccc3)C(c3ccc4ccccc4c3)C2)cc1,60.0,CHEMBL2327216,CHEMBL2325100,CHEMBL203
COc1ccc(C2=NN(c3ccccc3)C(c3ccc4ccccc4c3)C2)cc1,120.0,CHEMBL2327216,CHEMBL2325099,CHEMBL203
Brc1ccc(C2=NN(c3ccccc3)C(c3ccc4ccccc4c3)C2)cc1,710.0,CHEMBL2327216,CHEMBL2325098,CHEMBL203
Clc1ccc(C2=NN(c3ccccc3)C(c3ccc4ccccc4c3)C2)cc1,110.0,CHEMBL2327216,CHEMBL2325097,CHEMBL203
Fc1ccc(C2=NN(c3ccccc3)C(c3ccc4ccccc4c3)C2)cc1,300.0,CHEMBL2327216,CHEMBL2325096,CHEMBL203
c1ccc(C2=NN(c3ccccc3)C(c3ccc4ccccc4c3)C2)cc1,240.0,CHEMBL2327216,CHEMBL2325095,CHEMBL203
Clc1ccc(C2=NN(c3ccccc3)C(c3cccc4ccccc34)C2)cc1Cl,140.0,CHEMBL2327216,CHEMBL2325094,CHEMBL203
Cc1ccc(C2=NN(c3ccccc3)C(c3cccc4ccccc34)C2)cc1,200.0,CHEMBL2327216,CHEMBL2325093,CHEMBL203
COc1ccc(C2=NN(c3ccccc3)C(c3cccc4ccccc34)C2)cc1,100.0,CHEMBL2327216,CHEMBL2325092,CHEMBL203
Brc1ccc(C2=NN(c3ccccc3)C(c3cccc4ccccc34)C2)cc1,490.0,CHEMBL2327216,CHEMBL2325091,CHEMBL203
Clc1ccc(C2=NN(c3ccccc3)C(c3cccc4ccccc34)C2)cc1,680.0,CHEMBL2327216,CHEMBL2325090,CHEMBL203
Fc1ccc(C2=NN(c3ccccc3)C(c3cccc4ccccc34)C2)cc1,1070.0,CHEMBL2327216,CHEMBL2325089,CHEMBL203
c1ccc(C2=NN(c3ccccc3)C(c3cccc4ccccc34)C2)cc1,2520.0,CHEMBL2327216,CHEMBL2325088,CHEMBL203
NC(=S)N1N=C(c2ccc(Cl)c(Cl)c2)CC1c1ccc2ccccc2c1,660.0,CHEMBL2327216,CHEMBL2325087,CHEMBL203
Cc1ccc(C2=NN(C(N)=S)C(c3ccc4ccccc4c3)C2)cc1,520.0,CHEMBL2327216,CHEMBL2324873,CHEMBL203
COc1ccc(C2=NN(C(N)=S)C(c3ccc4ccccc4c3)C2)cc1,1040.0,CHEMBL2327216,CHEMBL2324872,CHEMBL203
NC(=S)N1N=C(c2ccc(Br)cc2)CC1c1ccc2ccccc2c1,350.0,CHEMBL2327216,CHEMBL2324871,CHEMBL203
NC(=S)N1N=C(c2ccc(Cl)cc2)CC1c1ccc2ccccc2c1,530.0,CHEMBL2327216,CHEMBL2324870,CHEMBL203
NC(=S)N1N=C(c2ccc(F)cc2)CC1c1ccc2ccccc2c1,3280.0,CHEMBL2327216,CHEMBL2325110,CHEMBL203
NC(=S)N1N=C(c2ccccc2)CC1c1ccc2ccccc2c1,3010.0,CHEMBL2327216,CHEMBL2325109,CHEMBL203
NC(=S)N1N=C(c2ccc(Cl)c(Cl)c2)CC1c1cccc2ccccc12,210.0,CHEMBL2327216,CHEMBL2325108,CHEMBL203
Cc1ccc(C2=NN(C(N)=S)C(c3cccc4ccccc34)C2)cc1,2060.0,CHEMBL2327216,CHEMBL2325107,CHEMBL203
COc1ccc(C2=NN(C(N)=S)C(c3cccc4ccccc34)C2)cc1,160.0,CHEMBL2327216,CHEMBL2325106,CHEMBL203
NC(=S)N1N=C(c2ccc(Br)cc2)CC1c1cccc2ccccc12,5680.0,CHEMBL2327216,CHEMBL2325105,CHEMBL203
NC(=S)N1N=C(c2ccc(Cl)cc2)CC1c1cccc2ccccc12,940.0,CHEMBL2327216,CHEMBL2325104,CHEMBL203
NC(=S)N1N=C(c2ccc(F)cc2)CC1c1cccc2ccccc12,8250.0,CHEMBL2327216,CHEMBL2325103,CHEMBL203
NC(=S)N1N=C(c2ccccc2)CC1c1cccc2ccccc12,2230.0,CHEMBL2327216,CHEMBL2325102,CHEMBL203
O=C(NCCc1ccc(O)c(Br)c1)/C(Cc1cc(Br)c(O)c(Oc2ccc(CCNC(=O)/C(Cc3cc(Br)c(O)c(-c4cc(C/C(=N\O)C(=O)NCCc5ccc(O)c(Br)c5)cc(Br)c4O)c3)=N/O)cc2Br)c1)=N/O,600.0,CHEMBL2344161,CHEMBL2333163,CHEMBL203
O=C(NCCc1ccc(O)c(Br)c1)/C(Cc1cc(Br)c(O)c(-c2cc(C/C(=N/O)C(=O)NCCc3ccc(O)c(Br)c3)cc(Br)c2O)c1)=N\O,1300.0,CHEMBL2344161,CHEMBL505637,CHEMBL203
O=C1NCCc2cc(Br)c(O)c(c2)Oc2c(Br)cc(cc2Br)CCNC(=O)/C(=N/O)Cc2cc(Br)c(O)c(c2)Oc2c(Br)cc(cc2Br)C/C1=N\O,2000.0,CHEMBL2344161,CHEMBL510730,CHEMBL203
O=C1N/C=C/c2ccc(c(Br)c2)Oc2cc(cc(Br)c2O)CCNC(=O)/C(=N/O)Cc2ccc(c(Br)c2)Oc2cc(cc(Br)c2O)C/C1=N\O,1500.0,CHEMBL2344161,CHEMBL360190,CHEMBL203
O=C1NCCc2ccc(O)c(c2)Oc2c(Br)cc(cc2Br)CCNC(=O)/C(=N/O)Cc2cc(Br)c(O)c(c2)Oc2c(Br)cc(cc2Br)C/C1=N\O,2900.0,CHEMBL2344161,CHEMBL2333164,CHEMBL203
C#Cc1cccc(Nc2ncnc3cc(OCCOC)c(OCCOC)cc23)c1,1200.0,CHEMBL2344596,CHEMBL553,CHEMBL203
CCN(CC)CCNC(=O)c1c(C)[nH]c(/C=C2\C(=O)Nc3ccc(F)cc32)c1C,172100.0,CHEMBL2344596,CHEMBL535,CHEMBL203
COc1cc2ncnc(Nc3cccc(Br)c3)c2cc1OC,200.0,CHEMBL2344596,CHEMBL29197,CHEMBL203
COc1cccc(Nc2nc(NC(=O)C(C)(C)C)nc3[nH]c4cccc(Cl)c4c23)c1,130500.0,CHEMBL2344596,CHEMBL2337372,CHEMBL203
CC(C)(C)C(=O)Nc1nc(Nc2cccc(F)c2)c2c(n1)[nH]c1cccc(Cl)c12,30800.0,CHEMBL2344596,CHEMBL2337371,CHEMBL203
CC(C)(C)C(=O)Nc1nc(Nc2ccc(Cl)cc2)c2c(n1)[nH]c1cccc(Cl)c12,58700.0,CHEMBL2344596,CHEMBL2337369,CHEMBL203
CC(C)c1ccc(Nc2nc(NC(=O)C(C)(C)C)nc3[nH]c4cccc(Cl)c4c23)cc1,39200.0,CHEMBL2344596,CHEMBL2337368,CHEMBL203
CC(C)(C)C(=O)Nc1nc(Nc2ccccc2)c2c(n1)[nH]c1cccc(Cl)c12,114700.0,CHEMBL2344596,CHEMBL2337367,CHEMBL203
COc1cccc(Nc2nc(N)nc3[nH]c4cccc(Cl)c4c23)c1,82900.0,CHEMBL2344596,CHEMBL2337366,CHEMBL203
Nc1nc(Nc2ccc(Cl)cc2F)c2c(n1)[nH]c1cccc(Cl)c12,38900.0,CHEMBL2344596,CHEMBL2337364,CHEMBL203
Nc1nc(Nc2ccc(Cl)cc2)c2c(n1)[nH]c1cccc(Cl)c12,63600.0,CHEMBL2344596,CHEMBL2337363,CHEMBL203
CC(C)c1ccc(Nc2nc(N)nc3[nH]c4cccc(Cl)c4c23)cc1,42000.0,CHEMBL2344596,CHEMBL2337362,CHEMBL203
Nc1nc(Nc2ccccc2)c2c(n1)[nH]c1ccccc12,147.0,CHEMBL2344596,CHEMBL2337373,CHEMBL203
Clc1cccc(Nc2ncnc3[nH]c4ccccc4c23)c1,6.0,CHEMBL2344596,CHEMBL306315,CHEMBL203
CCN(CC)CCNC(=O)c1c(C)[nH]c(/C=C2\C(=O)Nc3ccc(F)cc32)c1C,172100.0,CHEMBL2343569,CHEMBL535,CHEMBL203
Nc1nc(Nc2ccc(F)c(Cl)c2)c2cc(CCc3ccccn3)[nH]c2n1,110600.0,CHEMBL2343569,CHEMBL2335378,CHEMBL203
Nc1nc(Nc2ccc(F)c(Br)c2)c2cc(CCc3ccccn3)[nH]c2n1,85900.0,CHEMBL2343569,CHEMBL2335377,CHEMBL203
CC(C)(C)C(=O)Nc1nc(Nc2ccc(F)c(C(F)(F)F)c2)c2cc(CCc3ccccn3)[nH]c2n1,26900.0,CHEMBL2343569,CHEMBL2335019,CHEMBL203
C#Cc1cccc(Nc2nc(N)nc3[nH]c(CCc4ccccn4)cc23)c1,19900.0,CHEMBL2343569,CHEMBL2335379,CHEMBL203
Nc1nc(Nc2cccc(C(F)(F)F)c2)c2cc(CCc3ccccn3)[nH]c2n1,19300.0,CHEMBL2343569,CHEMBL2335013,CHEMBL203
CC(C)(C)C(=O)Nc1nc(Nc2ccc(F)c(Cl)c2)c2cc(CCc3ccccn3)[nH]c2n1,16300.0,CHEMBL2343569,CHEMBL2335016,CHEMBL203
Nc1nc(Nc2ccc(F)c(C(F)(F)F)c2)c2cc(CCc3ccccn3)[nH]c2n1,15600.0,CHEMBL2343569,CHEMBL2335014,CHEMBL203
CC(C)(C)C(=O)Nc1nc(Nc2cccc(C(F)(F)F)c2)c2cc(CCc3ccccn3)[nH]c2n1,12800.0,CHEMBL2343569,CHEMBL2335018,CHEMBL203
CC(C)(C)C(=O)Nc1nc(Nc2ccc(F)c(Br)c2)c2cc(CCc3ccccn3)[nH]c2n1,5400.0,CHEMBL2343569,CHEMBL2335015,CHEMBL203
C#Cc1cccc(Nc2ncnc3cc(OCCOC)c(OCCOC)cc23)c1,1200.0,CHEMBL2343569,CHEMBL553,CHEMBL203
Nc1nc(Nc2cccc(Br)c2)c2cc(CCc3ccccn3)[nH]c2n1,300.0,CHEMBL2343569,CHEMBL2335376,CHEMBL203
COc1cc2ncnc(Nc3cccc(Br)c3)c2cc1OC,230.0,CHEMBL2343569,CHEMBL29197,CHEMBL203
NC(=O)C1=C(N)C(=O)C=C(Nc2ccccc2O)C1=O,2600.0,CHEMBL2343159,CHEMBL2332119,CHEMBL203
COc1cc2ncnc(Nc3ccccc3C(F)(F)F)c2cc1OC,10000.0,CHEMBL2341278,CHEMBL2333986,CHEMBL203
COc1cc2ncnc(Nc3ccc(C(C)(F)F)cc3)c2cc1OC,4700.0,CHEMBL2341278,CHEMBL2333985,CHEMBL203
COc1cc2ncnc(Nc3cccc(C(F)(F)F)c3)c2cc1OC,15.0,CHEMBL2341278,CHEMBL316064,CHEMBL203
COc1cc2ncnc(Nc3ccc(F)c(Cl)c3)c2cc1OC,9.0,CHEMBL2341279,CHEMBL301018,CHEMBL203
COc1cc2ncnc(Nc3ccc(F)c(Cl)c3)c2cc1OCCn1ccnc1,60.2,CHEMBL2341281,CHEMBL294034,CHEMBL203
COc1cc2ncnc(Nc3ccc(F)c(Cl)c3)c2cc1OCCCNCCN,13.6,CHEMBL2341281,CHEMBL2334003,CHEMBL203
COc1cc2ncnc(Nc3ccc(F)c(Cl)c3)c2cc1OCCNCCN,12.1,CHEMBL2341281,CHEMBL2334002,CHEMBL203
COc1cc2ncnc(Nc3ccc(F)c(Cl)c3)c2cc1OCCO,63.4,CHEMBL2341281,CHEMBL2334001,CHEMBL203
COc1cc2ncnc(Nc3ccc(F)c(Cl)c3)c2cc1OCCBr,18.1,CHEMBL2341281,CHEMBL2333999,CHEMBL203
COc1cc2ncnc(Nc3cccc(C#N)c3)c2cc1OC,412.8,CHEMBL2341281,CHEMBL2333998,CHEMBL203
COc1cc2ncnc(Nc3cccc(-c4ccccc4)c3)c2cc1OC,126.7,CHEMBL2341281,CHEMBL2333991,CHEMBL203
COc1cc2ncnc(Nc3cccc(SC)c3)c2cc1OC,126.7,CHEMBL2341281,CHEMBL29641,CHEMBL203
COc1cc2ncnc(Nc3ccccc3)c2cc1OC,201.0,CHEMBL2341281,CHEMBL94191,CHEMBL203
COc1cc2ncnc(Nc3ccc(F)c(Cl)c3)c2cc1OC,3.8,CHEMBL2341281,CHEMBL301018,CHEMBL203
NC(=O)Nc1ccc2ncnc(Nc3ccc(Cl)cc3)c2c1,61.0,CHEMBL2351374,CHEMBL2347231,CHEMBL203
COc1cc2ncnc(Nc3ccc(F)c(Cl)c3)c2cc1OCCCN1CCOCC1,15.0,CHEMBL2351568,CHEMBL939,CHEMBL203
CCN1CCN(Cc2ccc(-c3cc4c(N[C@@H](C)c5ccccc5)ncnc4[nH]3)cc2)CC1,9.0,CHEMBL2351568,CHEMBL484270,CHEMBL203
CC(C)CCCC(=O)Nc1cccc(-c2c(-c3ccccc3)oc3ncnc(N[C@H](CO)c4ccccc4)c23)c1,1270.0,CHEMBL2351568,CHEMBL2347959,CHEMBL203
CN(C)CCCCCC(=O)Nc1cccc(-c2c(-c3ccccc3)oc3ncnc(N[C@H](CO)c4ccccc4)c23)c1,486.0,CHEMBL2351568,CHEMBL2347962,CHEMBL203
CN(C)CCCCC(=O)Nc1cccc(-c2c(-c3ccccc3)oc3ncnc(N[C@H](CO)c4ccccc4)c23)c1,4.0,CHEMBL2351568,CHEMBL2347961,CHEMBL203
CN(C)CCCC(=O)Nc1cccc(-c2c(-c3ccccc3)oc3ncnc(N[C@H](CO)c4ccccc4)c23)c1,34.0,CHEMBL2351568,CHEMBL2347960,CHEMBL203
CN(C)CCC(=O)Nc1cccc(-c2c(-c3ccccc3)oc3ncnc(N[C@H](CO)c4ccccc4)c23)c1,2.0,CHEMBL2351568,CHEMBL2347963,CHEMBL203
CN(C)CC(=O)Nc1cccc(-c2c(-c3ccccc3)oc3ncnc(N[C@H](CO)c4ccccc4)c23)c1,4.0,CHEMBL2351568,CHEMBL2347966,CHEMBL203
CC(=O)Nc1cccc(-c2c(-c3ccccc3)oc3ncnc(N[C@H](CO)c4ccccc4)c23)c1,29.0,CHEMBL2351568,CHEMBL2347965,CHEMBL203
CC(=O)Nc1ccc(-c2c(-c3ccccc3)oc3ncnc(N[C@H](CO)c4ccccc4)c23)cc1,23.0,CHEMBL2351568,CHEMBL2347964,CHEMBL203
Nc1cccc(-c2c(-c3ccccc3)oc3ncnc(N[C@H](CO)c4ccccc4)c23)c1,22.0,CHEMBL2351568,CHEMBL2346678,CHEMBL203
O=[N+]([O-])c1cccc(-c2c(-c3ccccc3)oc3ncnc(N[C@H](CO)c4ccccc4)c23)c1,49.0,CHEMBL2351568,CHEMBL2347967,CHEMBL203
OC[C@@H](Nc1ncnc2oc(-c3ccccc3)c(-c3ccc4c(c3)OCO4)c12)c1ccccc1,30.0,CHEMBL2351568,CHEMBL2347972,CHEMBL203
OC[C@@H](Nc1ncnc2oc(-c3ccccc3)c(-c3ccoc3)c12)c1ccccc1,44.0,CHEMBL2351568,CHEMBL2347971,CHEMBL203
OC[C@@H](Nc1ncnc2oc(-c3ccccc3)c(-c3ccco3)c12)c1ccccc1,73.0,CHEMBL2351568,CHEMBL2347970,CHEMBL203
OC[C@@H](Nc1ncnc2oc(-c3ccccc3)c(Br)c12)c1ccccc1,90.0,CHEMBL2351568,CHEMBL2347969,CHEMBL203
OC[C@@H](Nc1ncnc2oc(-c3ccccc3)c(Cl)c12)c1ccccc1,168.0,CHEMBL2351568,CHEMBL2347968,CHEMBL203
COC(=O)[C@@H](Nc1ncnc2oc(-c3ccccc3)c(-c3ccccc3)c12)c1ccccc1,1451.0,CHEMBL2351568,CHEMBL2347973,CHEMBL203
C[C@@H](Nc1ncnc2oc(-c3ccccc3)c(-c3ccccc3)c12)c1ccccc1,339.0,CHEMBL2351568,CHEMBL2348194,CHEMBL203
OC[C@@H](Nc1ncnc2oc(-c3ccccc3)c(-c3ccccc3)c12)c1ccccc1,52.0,CHEMBL2351568,CHEMBL1172781,CHEMBL203
COc1cc2ncnc(Nc3ccc(F)c(Cl)c3)c2cc1OCCCN1CCOCC1,33.0,CHEMBL2351567,CHEMBL939,CHEMBL203
CCN1CCN(Cc2ccc(-c3cc4c(N[C@@H](C)c5ccccc5)ncnc4[nH]3)cc2)CC1,40.0,CHEMBL2351567,CHEMBL484270,CHEMBL203
CN(C)CCCCCC(=O)Nc1cccc(-c2c(-c3ccccc3)oc3ncnc(N[C@H](CO)c4ccccc4)c23)c1,4327.0,CHEMBL2351567,CHEMBL2347962,CHEMBL203
CN(C)CCCCC(=O)Nc1cccc(-c2c(-c3ccccc3)oc3ncnc(N[C@H](CO)c4ccccc4)c23)c1,34.0,CHEMBL2351567,CHEMBL2347961,CHEMBL203
CN(C)CCCC(=O)Nc1cccc(-c2c(-c3ccccc3)oc3ncnc(N[C@H](CO)c4ccccc4)c23)c1,29.0,CHEMBL2351567,CHEMBL2347960,CHEMBL203
CN(C)CCC(=O)Nc1cccc(-c2c(-c3ccccc3)oc3ncnc(N[C@H](CO)c4ccccc4)c23)c1,8.0,CHEMBL2351567,CHEMBL2347963,CHEMBL203
CN(C)CC(=O)Nc1cccc(-c2c(-c3ccccc3)oc3ncnc(N[C@H](CO)c4ccccc4)c23)c1,48.0,CHEMBL2351567,CHEMBL2347966,CHEMBL203
CC(=O)Nc1cccc(-c2c(-c3ccccc3)oc3ncnc(N[C@H](CO)c4ccccc4)c23)c1,218.0,CHEMBL2351567,CHEMBL2347965,CHEMBL203
CC(=O)Nc1ccc(-c2c(-c3ccccc3)oc3ncnc(N[C@H](CO)c4ccccc4)c23)cc1,179.0,CHEMBL2351567,CHEMBL2347964,CHEMBL203
Nc1cccc(-c2c(-c3ccccc3)oc3ncnc(N[C@H](CO)c4ccccc4)c23)c1,203.0,CHEMBL2351567,CHEMBL2346678,CHEMBL203
O=[N+]([O-])c1cccc(-c2c(-c3ccccc3)oc3ncnc(N[C@H](CO)c4ccccc4)c23)c1,820.0,CHEMBL2351567,CHEMBL2347967,CHEMBL203
OC[C@@H](Nc1ncnc2oc(-c3ccccc3)c(-c3ccc4c(c3)OCO4)c12)c1ccccc1,258.0,CHEMBL2351567,CHEMBL2347972,CHEMBL203
OC[C@@H](Nc1ncnc2oc(-c3ccccc3)c(-c3ccoc3)c12)c1ccccc1,352.0,CHEMBL2351567,CHEMBL2347971,CHEMBL203
OC[C@@H](Nc1ncnc2oc(-c3ccccc3)c(-c3ccco3)c12)c1ccccc1,434.0,CHEMBL2351567,CHEMBL2347970,CHEMBL203
OC[C@@H](Nc1ncnc2oc(-c3ccccc3)c(Br)c12)c1ccccc1,452.0,CHEMBL2351567,CHEMBL2347969,CHEMBL203
OC[C@@H](Nc1ncnc2oc(-c3ccccc3)c(Cl)c12)c1ccccc1,589.0,CHEMBL2351567,CHEMBL2347968,CHEMBL203
COC(=O)[C@@H](Nc1ncnc2oc(-c3ccccc3)c(-c3ccccc3)c12)c1ccccc1,7893.0,CHEMBL2351567,CHEMBL2347973,CHEMBL203
C[C@@H](Nc1ncnc2oc(-c3ccccc3)c(-c3ccccc3)c12)c1ccccc1,2991.0,CHEMBL2351567,CHEMBL2348194,CHEMBL203
OC[C@@H](Nc1ncnc2oc(-c3ccccc3)c(-c3ccccc3)c12)c1ccccc1,393.0,CHEMBL2351567,CHEMBL1172781,CHEMBL203
CC(C)(O)CC(=O)NCCn1ccc2ncnc(Nc3ccc(Oc4cccc(C(F)(F)F)c4)c(Cl)c3)c21,23.0,CHEMBL2351562,CHEMBL1614725,CHEMBL203
CS(=O)(=O)CCNC(=O)C1=Cc2c(ncnc2Nc2ccc(Oc3cccc4sccc34)c(Cl)c2)NCC1,47.0,CHEMBL2351562,CHEMBL2348418,CHEMBL203
O=C(NCCO)C1=Cc2c(ncnc2Nc2ccc(Oc3cccc4sccc34)c(Cl)c2)NCC1,36.0,CHEMBL2351562,CHEMBL2348417,CHEMBL203
COC(=O)C1=Cc2c(ncnc2Nc2ccc(Oc3cccc4sccc34)c(Cl)c2)NCC1,44.0,CHEMBL2351562,CHEMBL2348416,CHEMBL203
CS(=O)(=O)CCNC(=O)C1=Cc2c(ncnc2Nc2ccc(Oc3cccc(C(F)(F)F)c3)c(Cl)c2)NCC1,75.0,CHEMBL2351562,CHEMBL2348415,CHEMBL203
O=C(NCCO)C1=Cc2c(ncnc2Nc2ccc(Oc3cccc(C(F)(F)F)c3)c(Cl)c2)NCC1,38.0,CHEMBL2351562,CHEMBL2348414,CHEMBL203
COC(=O)C1=Cc2c(ncnc2Nc2ccc(Oc3cccc(C(F)(F)F)c3)c(Cl)c2)NCC1,110.0,CHEMBL2351562,CHEMBL2348419,CHEMBL203
COc1cc2ncnc(Nc3ccc(F)c(Cl)c3)c2cc1OCCCN1CCOCC1,33.0,CHEMBL2351374,CHEMBL939,CHEMBL203
C=CC(=O)Nc1cccc(Oc2nc(Nc3ccc(N4CCN(CC(=O)OCCCCCCOc5no[n+]([O-])c5S(=O)(=O)c5ccccc5)CC4)cc3OC)ncc2Cl)c1,292.0,CHEMBL2383984,CHEMBL2381511,CHEMBL203
C=CC(=O)Nc1cccc(Oc2nc(Nc3ccc(N4CCN(CC(=O)OCCOCCOc5no[n+]([O-])c5S(=O)(=O)c5ccccc5)CC4)cc3OC)ncc2Cl)c1,101.0,CHEMBL2383984,CHEMBL2381510,CHEMBL203
C=CC(=O)Nc1cccc(Oc2nc(Nc3ccc(N4CCN(CC(=O)OCC#CCOc5no[n+]([O-])c5S(=O)(=O)c5ccccc5)CC4)cc3OC)ncc2Cl)c1,52.0,CHEMBL2383984,CHEMBL2381509,CHEMBL203
C=CC(=O)Nc1cccc(Oc2nc(Nc3ccc(N4CCN(CC(=O)OCCCCOc5no[n+]([O-])c5S(=O)(=O)c5ccccc5)CC4)cc3OC)ncc2Cl)c1,174.0,CHEMBL2383984,CHEMBL2381508,CHEMBL203
C=CC(=O)Nc1cccc(Oc2nc(Nc3ccc(N4CCN(CC(=O)OCCCOc5no[n+]([O-])c5S(=O)(=O)c5ccccc5)CC4)cc3OC)ncc2Cl)c1,99.0,CHEMBL2383984,CHEMBL2381507,CHEMBL203
C=CC(=O)Nc1cccc(Oc2nc(Nc3ccc(N4CCN(CC(=O)OCCOc5no[n+]([O-])c5S(=O)(=O)c5ccccc5)CC4)cc3OC)ncc2Cl)c1,59.0,CHEMBL2383984,CHEMBL2381506,CHEMBL203
C=CC(=O)Nc1cccc(Oc2nc(Nc3ccc(N4CCN(CC(=O)NCC(C)Oc5no[n+]([O-])c5S(=O)(=O)c5ccccc5)CC4)cc3OC)ncc2Cl)c1,73.0,CHEMBL2383984,CHEMBL2381505,CHEMBL203
C=CC(=O)Nc1cccc(Oc2nc(Nc3ccc(N4CCN(CC(=O)N5CCC(Oc6no[n+]([O-])c6S(=O)(=O)c6ccccc6)CC5)CC4)cc3OC)ncc2Cl)c1,42.0,CHEMBL2383984,CHEMBL2381504,CHEMBL203
C=CC(=O)Nc1cccc(Oc2nc(Nc3ccc(N4CCN(CC(=O)N5CCN(CCOc6no[n+]([O-])c6S(=O)(=O)c6ccccc6)CC5)CC4)cc3OC)ncc2Cl)c1,39.0,CHEMBL2383984,CHEMBL2381516,CHEMBL203
C=CC(=O)Nc1cccc(Oc2nc(Nc3ccc(N4CCN(CC(=O)NCCCOc5no[n+]([O-])c5S(=O)(=O)c5ccccc5)CC4)cc3OC)ncc2Cl)c1,59.0,CHEMBL2383984,CHEMBL2381515,CHEMBL203
C=CC(=O)Nc1cccc(Oc2nc(Nc3ccc(N4CCN(CC(=O)NCCOc5no[n+]([O-])c5S(=O)(=O)c5ccccc5)CC4)cc3OC)ncc2Cl)c1,51.0,CHEMBL2383984,CHEMBL2381514,CHEMBL203
C=CC(=O)Nc1cccc(Oc2nc(Nc3ccc(N4CCN(C)CC4)cc3OC)ncc2Cl)c1,3.2,CHEMBL2383984,CHEMBL1229592,CHEMBL203
COc1cc2ncnc(Nc3ccc(F)c(Cl)c3)c2cc1OCCCN1CCOCC1,0.1,CHEMBL2383984,CHEMBL939,CHEMBL203
C=CC(=O)Nc1cccc(Oc2nc(Nc3ccc(N4CCN(CC(=O)OCCCCCCOc5no[n+]([O-])c5S(=O)(=O)c5ccccc5)CC4)cc3OC)ncc2Cl)c1,47.0,CHEMBL2383986,CHEMBL2381511,CHEMBL203
C=CC(=O)Nc1cccc(Oc2nc(Nc3ccc(N4CCN(CC(=O)OCCOCCOc5no[n+]([O-])c5S(=O)(=O)c5ccccc5)CC4)cc3OC)ncc2Cl)c1,30.0,CHEMBL2383986,CHEMBL2381510,CHEMBL203
C=CC(=O)Nc1cccc(Oc2nc(Nc3ccc(N4CCN(CC(=O)OCC#CCOc5no[n+]([O-])c5S(=O)(=O)c5ccccc5)CC4)cc3OC)ncc2Cl)c1,16.0,CHEMBL2383986,CHEMBL2381509,CHEMBL203
C=CC(=O)Nc1cccc(Oc2nc(Nc3ccc(N4CCN(CC(=O)OCCCCOc5no[n+]([O-])c5S(=O)(=O)c5ccccc5)CC4)cc3OC)ncc2Cl)c1,38.0,CHEMBL2383986,CHEMBL2381508,CHEMBL203
C=CC(=O)Nc1cccc(Oc2nc(Nc3ccc(N4CCN(CC(=O)OCCCOc5no[n+]([O-])c5S(=O)(=O)c5ccccc5)CC4)cc3OC)ncc2Cl)c1,23.0,CHEMBL2383986,CHEMBL2381507,CHEMBL203
C=CC(=O)Nc1cccc(Oc2nc(Nc3ccc(N4CCN(CC(=O)OCCOc5no[n+]([O-])c5S(=O)(=O)c5ccccc5)CC4)cc3OC)ncc2Cl)c1,17.0,CHEMBL2383986,CHEMBL2381506,CHEMBL203
C=CC(=O)Nc1cccc(Oc2nc(Nc3ccc(N4CCN(CC(=O)NCC(C)Oc5no[n+]([O-])c5S(=O)(=O)c5ccccc5)CC4)cc3OC)ncc2Cl)c1,20.0,CHEMBL2383986,CHEMBL2381505,CHEMBL203
C=CC(=O)Nc1cccc(Oc2nc(Nc3ccc(N4CCN(CC(=O)N5CCC(Oc6no[n+]([O-])c6S(=O)(=O)c6ccccc6)CC5)CC4)cc3OC)ncc2Cl)c1,13.0,CHEMBL2383986,CHEMBL2381504,CHEMBL203
C=CC(=O)Nc1cccc(Oc2nc(Nc3ccc(N4CCN(CC(=O)N5CCN(CCOc6no[n+]([O-])c6S(=O)(=O)c6ccccc6)CC5)CC4)cc3OC)ncc2Cl)c1,6.0,CHEMBL2383986,CHEMBL2381516,CHEMBL203
C=CC(=O)Nc1cccc(Oc2nc(Nc3ccc(N4CCN(CC(=O)NCCCOc5no[n+]([O-])c5S(=O)(=O)c5ccccc5)CC4)cc3OC)ncc2Cl)c1,13.0,CHEMBL2383986,CHEMBL2381515,CHEMBL203
C=CC(=O)Nc1cccc(Oc2nc(Nc3ccc(N4CCN(CC(=O)NCCOc5no[n+]([O-])c5S(=O)(=O)c5ccccc5)CC4)cc3OC)ncc2Cl)c1,14.0,CHEMBL2383986,CHEMBL2381514,CHEMBL203
C=CC(=O)Nc1cccc(Oc2nc(Nc3ccc(N4CCN(C)CC4)cc3OC)ncc2Cl)c1,0.8,CHEMBL2383986,CHEMBL1229592,CHEMBL203
COc1cc2ncnc(Nc3ccc(F)c(Cl)c3)c2cc1OCCCN1CCOCC1,941.0,CHEMBL2383986,CHEMBL939,CHEMBL203
C=CC(=O)Nc1cccc(Oc2nc(Nc3ccc(N4CCN(CC(=O)OCCCCCCOc5no[n+]([O-])c5S(=O)(=O)c5ccccc5)CC4)cc3OC)ncc2Cl)c1,305.0,CHEMBL2383987,CHEMBL2381511,CHEMBL203
C=CC(=O)Nc1cccc(Oc2nc(Nc3ccc(N4CCN(CC(=O)OCCOCCOc5no[n+]([O-])c5S(=O)(=O)c5ccccc5)CC4)cc3OC)ncc2Cl)c1,113.0,CHEMBL2383987,CHEMBL2381510,CHEMBL203
C=CC(=O)Nc1cccc(Oc2nc(Nc3ccc(N4CCN(CC(=O)OCC#CCOc5no[n+]([O-])c5S(=O)(=O)c5ccccc5)CC4)cc3OC)ncc2Cl)c1,64.0,CHEMBL2383987,CHEMBL2381509,CHEMBL203
C=CC(=O)Nc1cccc(Oc2nc(Nc3ccc(N4CCN(CC(=O)OCCCCOc5no[n+]([O-])c5S(=O)(=O)c5ccccc5)CC4)cc3OC)ncc2Cl)c1,189.0,CHEMBL2383987,CHEMBL2381508,CHEMBL203
C=CC(=O)Nc1cccc(Oc2nc(Nc3ccc(N4CCN(CC(=O)OCCCOc5no[n+]([O-])c5S(=O)(=O)c5ccccc5)CC4)cc3OC)ncc2Cl)c1,98.0,CHEMBL2383987,CHEMBL2381507,CHEMBL203
C=CC(=O)Nc1cccc(Oc2nc(Nc3ccc(N4CCN(CC(=O)OCCOc5no[n+]([O-])c5S(=O)(=O)c5ccccc5)CC4)cc3OC)ncc2Cl)c1,83.0,CHEMBL2383987,CHEMBL2381506,CHEMBL203
C=CC(=O)Nc1cccc(Oc2nc(Nc3ccc(N4CCN(CC(=O)NCC(C)Oc5no[n+]([O-])c5S(=O)(=O)c5ccccc5)CC4)cc3OC)ncc2Cl)c1,99.0,CHEMBL2383987,CHEMBL2381505,CHEMBL203
C=CC(=O)Nc1cccc(Oc2nc(Nc3ccc(N4CCN(CC(=O)N5CCC(Oc6no[n+]([O-])c6S(=O)(=O)c6ccccc6)CC5)CC4)cc3OC)ncc2Cl)c1,66.0,CHEMBL2383987,CHEMBL2381504,CHEMBL203
C=CC(=O)Nc1cccc(Oc2nc(Nc3ccc(N4CCN(CC(=O)N5CCN(CCOc6no[n+]([O-])c6S(=O)(=O)c6ccccc6)CC5)CC4)cc3OC)ncc2Cl)c1,40.0,CHEMBL2383987,CHEMBL2381516,CHEMBL203
C=CC(=O)Nc1cccc(Oc2nc(Nc3ccc(N4CCN(CC(=O)NCCCOc5no[n+]([O-])c5S(=O)(=O)c5ccccc5)CC4)cc3OC)ncc2Cl)c1,68.0,CHEMBL2383987,CHEMBL2381515,CHEMBL203
C=CC(=O)Nc1cccc(Oc2nc(Nc3ccc(N4CCN(CC(=O)NCCOc5no[n+]([O-])c5S(=O)(=O)c5ccccc5)CC4)cc3OC)ncc2Cl)c1,63.0,CHEMBL2383987,CHEMBL2381514,CHEMBL203
C=CC(=O)Nc1cccc(Oc2nc(Nc3ccc(N4CCN(C)CC4)cc3OC)ncc2Cl)c1,5.4,CHEMBL2383987,CHEMBL1229592,CHEMBL203
COc1cc2ncnc(Nc3ccc(F)c(Cl)c3)c2cc1OCCCN1CCOCC1,0.2,CHEMBL2383987,CHEMBL939,CHEMBL203
Cc1ccc(NC(=O)c2ccc(CN3CCN(C)CC3)cc2)cc1C(=O)Nc1nccc(-c2cccc(F)c2)n1,6000.0,CHEMBL2390159,CHEMBL2385993,CHEMBL203
Cc1ccc(NC(=O)/C=C/CN(C)C)cc1C(=O)Nc1nccc(-c2cccnc2)n1,5000.0,CHEMBL2390159,CHEMBL2385992,CHEMBL203
Cc1ccc(NC(=O)c2ccc(CN3CCN(C)CC3)cc2)cc1C(=O)Nc1ccc(OCc2cccc(F)c2)c(Cl)c1,600.0,CHEMBL2390159,CHEMBL2385991,CHEMBL203
Cc1ccc(NC(=O)/C=C/CN(C)C)cc1C(=O)Nc1ccc(OCc2cccc(F)c2)c(Cl)c1,450.0,CHEMBL2390159,CHEMBL2385990,CHEMBL203
CCOc1ccc(C(=O)Nc2nccc(-c3cccnc3)n2)cc1NC(=O)/C=C/CN(C)C,6000.0,CHEMBL2390159,CHEMBL2385988,CHEMBL203
CCOc1ccc(C(=O)Nc2ccc(OCc3ccccn3)c(Cl)c2)cc1NC(=O)c1ccc(CN2CCN(C)CC2)cc1,3500.0,CHEMBL2390159,CHEMBL2385987,CHEMBL203
CCOc1ccc(C(=O)Nc2ccc(OCc3ccccn3)c(Cl)c2)cc1NC(=O)/C=C/CN(C)C,1200.0,CHEMBL2390159,CHEMBL2385986,CHEMBL203
CCOc1cc(N)c(C(=O)Nc2ccc(F)c(Cl)c2)cc1NC(=O)c1ccc(CN2CCN(C)CC2)cc1,800.0,CHEMBL2390159,CHEMBL2385985,CHEMBL203
CCOc1cc([N+](=O)[O-])c(C(=O)Nc2ccc(F)c(Cl)c2)cc1NC(=O)c1ccc(CN2CCN(C)CC2)cc1,5000.0,CHEMBL2390159,CHEMBL2385984,CHEMBL203
CCOc1cc(N)c(C(=O)Nc2ccc(F)c(Cl)c2)cc1NC(=O)/C=C/CN(C)C,4500.0,CHEMBL2390159,CHEMBL2385983,CHEMBL203
CCOc1cc([N+](=O)[O-])c(C(=O)Nc2ccc(F)c(Cl)c2)cc1NC(=O)/C=C/CN(C)C,6000.0,CHEMBL2390159,CHEMBL2385982,CHEMBL203
CCOc1cc(N)c(C(=O)Nc2ccc(OCc3cccc(F)c3)c(Cl)c2)cc1NC(=O)c1ccc(CN2CCN(C)CC2)cc1,5000.0,CHEMBL2390159,CHEMBL2385981,CHEMBL203
CCOc1cc([N+](=O)[O-])c(C(=O)Nc2ccc(OCc3cccc(F)c3)c(Cl)c2)cc1NC(=O)c1ccc(CN2CCN(C)CC2)cc1,5500.0,CHEMBL2390159,CHEMBL2385980,CHEMBL203
CCOc1cc(N)c(C(=O)Nc2ccc(OCc3cccc(F)c3)c(Cl)c2)cc1NC(=O)/C=C/CN(C)C,1500.0,CHEMBL2390159,CHEMBL2385979,CHEMBL203
CCOc1cc([N+](=O)[O-])c(C(=O)Nc2ccc(OCc3cccc(F)c3)c(Cl)c2)cc1NC(=O)/C=C/CN(C)C,2000.0,CHEMBL2390159,CHEMBL2385978,CHEMBL203
CCOc1cc(N)c(C(=O)Nc2ccc(OCc3ccccn3)c(Cl)c2)cc1NC(=O)c1ccc(CN2CCN(C)CC2)cc1,1000.0,CHEMBL2390159,CHEMBL2385977,CHEMBL203
CCOc1cc([N+](=O)[O-])c(C(=O)Nc2ccc(OCc3ccccn3)c(Cl)c2)cc1NC(=O)c1ccc(CN2CCN(C)CC2)cc1,900.0,CHEMBL2390159,CHEMBL2385976,CHEMBL203
CCOc1cc(N)c(C(=O)Nc2ccc(OCc3ccccn3)c(Cl)c2)cc1NC(=O)/C=C/CN(C)C,800.0,CHEMBL2390159,CHEMBL2385975,CHEMBL203
CCOc1cc([N+](=O)[O-])c(C(=O)Nc2ccc(OCc3ccccn3)c(Cl)c2)cc1NC(=O)/C=C/CN(C)C,850.0,CHEMBL2390159,CHEMBL2385974,CHEMBL203
CN1CCN(Cc2ccc(C(=O)Nc3ccc(-c4cncc(C#N)c4Nc4ccc(F)c(Cl)c4)cc3)cc2)CC1,3000.0,CHEMBL2390159,CHEMBL2385971,CHEMBL203
CN(C)C/C=C/C(=O)Nc1ccc(-c2cncc(C#N)c2Nc2ccc(F)c(Cl)c2)cc1,3500.0,CHEMBL2390159,CHEMBL2385970,CHEMBL203
CN1CCN(Cc2ccc(C(=O)Nc3ccc(-c4cncc(C#N)c4Nc4ccc(OCc5cccc(F)c5)c(Cl)c4)cc3)cc2)CC1,2500.0,CHEMBL2390159,CHEMBL2385969,CHEMBL203
CN(C)C/C=C/C(=O)Nc1ccc(-c2cncc(C#N)c2Nc2ccc(OCc3cccc(F)c3)c(Cl)c2)cc1,660.0,CHEMBL2390159,CHEMBL2385968,CHEMBL203
CN1CCN(Cc2ccc(C(=O)Nc3ccc(-c4cncc(C#N)c4Nc4ccc(OCc5ccccn5)c(Cl)c4)cc3)cc2)CC1,2300.0,CHEMBL2390159,CHEMBL2385967,CHEMBL203
Cc1ncnc(Nc2ccc(OCc3cccc(F)c3)c(Cl)c2)c1/C=C/c1ccc(CNCCS(C)(=O)=O)o1,460.0,CHEMBL2390159,CHEMBL2385959,CHEMBL203
Cc1ncnc(Nc2ccc(OCc3cccc(F)c3)c(Cl)c2)c1C#Cc1ccc(CNCCS(C)(=O)=O)o1,45.0,CHEMBL2390159,CHEMBL2385960,CHEMBL203
Cc1ncc(C#N)c(Nc2ccc(OCc3ccccn3)c(Cl)c2)c1C#Cc1ccc(CNCCS(C)(=O)=O)o1,1500.0,CHEMBL2390159,CHEMBL2385964,CHEMBL203
CCOc1cc2ncc(C#N)c(Nc3ccc(OCc4ccccn4)c(Cl)c3)c2cc1NC(=O)/C=C/CN(C)C,2.2,CHEMBL2390159,CHEMBL180022,CHEMBL203
Cc1cc(Nc2ncc(Cl)c(Nc3ccccc3S(=O)(=O)C(C)C)n2)c(OC(C)C)cc1C1CCNCC1,900.0,CHEMBL2406344,CHEMBL2403108,CHEMBL203
C=CC(=O)Nc1cccc(Oc2nc(Nc3ccc(N4CCN(C)CC4)cc3OC)ncc2Cl)c1,0.8,CHEMBL2412778,CHEMBL1229592,CHEMBL203
COc1cc2ncnc(Nc3ccc(F)c(Cl)c3)c2cc1OCCCN1CCOCC1,941.0,CHEMBL2412778,CHEMBL939,CHEMBL203
C=CC(=O)N1CCN(c2ccc(Nc3ncc(Cl)c(Oc4cccc(COc5no[n+]([O-])c5S(=O)(=O)c5ccccc5)c4)n3)c(OC)c2)CC1,45.0,CHEMBL2412778,CHEMBL2408830,CHEMBL203
COc1cc(N2CCC(O)CC2)ccc1Nc1ncc(Cl)c(Oc2cccc(COc3no[n+]([O-])c3S(=O)(=O)c3ccccc3)c2)n1,68.0,CHEMBL2412778,CHEMBL2408829,CHEMBL203
COc1cc(N2CCN(C)CC2)ccc1Nc1ncc(Cl)c(Oc2cccc(COc3no[n+]([O-])c3S(=O)(=O)c3ccccc3)c2)n1,19.0,CHEMBL2412778,CHEMBL2408828,CHEMBL203
C=CC(=O)N1CCN(c2ccc(Nc3ncc(Cl)c(Oc4ccc(COc5no[n+]([O-])c5S(=O)(=O)c5ccccc5)cc4)n3)c(OC)c2)CC1,410.0,CHEMBL2412778,CHEMBL2408827,CHEMBL203
COc1cc(N2CCC(O)CC2)ccc1Nc1ncc(Cl)c(Oc2ccc(COc3no[n+]([O-])c3S(=O)(=O)c3ccccc3)cc2)n1,250.0,CHEMBL2412778,CHEMBL2408826,CHEMBL203
COc1cc(N2CCN(C)CC2)ccc1Nc1ncc(Cl)c(Oc2ccc(COc3no[n+]([O-])c3S(=O)(=O)c3ccccc3)cc2)n1,140.0,CHEMBL2412778,CHEMBL2408825,CHEMBL203
COc1cc(N2CCN(C)CC2)ccc1Nc1ncc(Cl)c(Oc2ccc(CCOc3no[n+]([O-])c3S(=O)(=O)c3ccccc3)cc2)n1,960.0,CHEMBL2412778,CHEMBL2408824,CHEMBL203
COc1cc(N2CCN(C)CC2)ccc1Nc1ncc(Cl)c(Oc2ccc(CCCOc3no[n+]([O-])c3S(=O)(=O)c3ccccc3)cc2)n1,780.0,CHEMBL2412778,CHEMBL2408823,CHEMBL203
C=CC(=O)Nc1cccc(Oc2nc(Nc3ccc(N4CCN(C)CC4)cc3OC)ncc2Cl)c1,5.4,CHEMBL2412779,CHEMBL1229592,CHEMBL203
COc1cc2ncnc(Nc3ccc(F)c(Cl)c3)c2cc1OCCCN1CCOCC1,0.2,CHEMBL2412779,CHEMBL939,CHEMBL203
C=CC(=O)N1CCN(c2ccc(Nc3ncc(Cl)c(Oc4cccc(COc5no[n+]([O-])c5S(=O)(=O)c5ccccc5)c4)n3)c(OC)c2)CC1,370.0,CHEMBL2412779,CHEMBL2408830,CHEMBL203
COc1cc(N2CCC(O)CC2)ccc1Nc1ncc(Cl)c(Oc2cccc(COc3no[n+]([O-])c3S(=O)(=O)c3ccccc3)c2)n1,490.0,CHEMBL2412779,CHEMBL2408829,CHEMBL203
COc1cc(N2CCN(C)CC2)ccc1Nc1ncc(Cl)c(Oc2cccc(COc3no[n+]([O-])c3S(=O)(=O)c3ccccc3)c2)n1,150.0,CHEMBL2412779,CHEMBL2408828,CHEMBL203
COc1cc(N2CCC(O)CC2)ccc1Nc1ncc(Cl)c(Oc2ccc(COc3no[n+]([O-])c3S(=O)(=O)c3ccccc3)cc2)n1,3220.0,CHEMBL2412779,CHEMBL2408826,CHEMBL203
COc1cc(N2CCN(C)CC2)ccc1Nc1ncc(Cl)c(Oc2ccc(COc3no[n+]([O-])c3S(=O)(=O)c3ccccc3)cc2)n1,1530.0,CHEMBL2412779,CHEMBL2408825,CHEMBL203
COc1cc(N2CCN(C)CC2)ccc1Nc1ncc(Cl)c(Oc2ccc(CCOc3no[n+]([O-])c3S(=O)(=O)c3ccccc3)cc2)n1,5360.0,CHEMBL2412779,CHEMBL2408824,CHEMBL203
C=CC(=O)Nc1cccc(Oc2nc(Nc3ccc(N4CCN(C)CC4)cc3OC)ncc2Cl)c1,3.2,CHEMBL2412780,CHEMBL1229592,CHEMBL203
COc1cc2ncnc(Nc3ccc(F)c(Cl)c3)c2cc1OCCCN1CCOCC1,0.1,CHEMBL2412780,CHEMBL939,CHEMBL203
C=CC(=O)N1CCN(c2ccc(Nc3ncc(Cl)c(Oc4cccc(COc5no[n+]([O-])c5S(=O)(=O)c5ccccc5)c4)n3)c(OC)c2)CC1,350.0,CHEMBL2412780,CHEMBL2408830,CHEMBL203
COc1cc(N2CCC(O)CC2)ccc1Nc1ncc(Cl)c(Oc2cccc(COc3no[n+]([O-])c3S(=O)(=O)c3ccccc3)c2)n1,240.0,CHEMBL2412780,CHEMBL2408829,CHEMBL203
COc1cc(N2CCN(C)CC2)ccc1Nc1ncc(Cl)c(Oc2cccc(COc3no[n+]([O-])c3S(=O)(=O)c3ccccc3)c2)n1,130.0,CHEMBL2412780,CHEMBL2408828,CHEMBL203
COc1cc(N2CCC(O)CC2)ccc1Nc1ncc(Cl)c(Oc2ccc(COc3no[n+]([O-])c3S(=O)(=O)c3ccccc3)cc2)n1,3150.0,CHEMBL2412780,CHEMBL2408826,CHEMBL203
COc1cc(N2CCN(C)CC2)ccc1Nc1ncc(Cl)c(Oc2ccc(COc3no[n+]([O-])c3S(=O)(=O)c3ccccc3)cc2)n1,1090.0,CHEMBL2412780,CHEMBL2408825,CHEMBL203
COc1cc(N2CCN(C)CC2)ccc1Nc1ncc(Cl)c(Oc2ccc(CCOc3no[n+]([O-])c3S(=O)(=O)c3ccccc3)cc2)n1,2940.0,CHEMBL2412780,CHEMBL2408824,CHEMBL203
COc1cc(N2CCN(C)CC2)ccc1Nc1ncc(Cl)c(Oc2ccc(CCCOc3no[n+]([O-])c3S(=O)(=O)c3ccccc3)cc2)n1,2280.0,CHEMBL2412780,CHEMBL2408823,CHEMBL203
CNC(=O)CN1CCC(Oc2cc3c(Nc4cccc(Cl)c4F)ncnc3cc2OC)CC1,12.0,CHEMBL2412606,CHEMBL2408045,CHEMBL203
CNC(=O)CN1CCC(Oc2cc3c(Nc4cccc(Cl)c4F)ncnc3cc2OC)CC1,4.0,CHEMBL2412605,CHEMBL2408045,CHEMBL203
Cl.c1ccc(-c2cccc(Nc3ncnc4cc5c(cc34)OCCCO5)c2)cc1,27.0,CHEMBL2422326,CHEMBL2419762,CHEMBL203
Cl.c1ccc(-c2cccc(Nc3ncnc4cc5c(cc34)OCO5)c2)cc1,2.0,CHEMBL2422326,CHEMBL2419760,CHEMBL203
COc1cc(N2CCN(C(C)=O)CC2)ccc1Nc1ncc(Cl)c(-c2c[nH]c3ccccc23)n1,790.0,CHEMBL2427710,CHEMBL2426280,CHEMBL203
C=CC(=O)Nc1cc(Nc2nccc(-c3c[nH]c4ccccc34)n2)c(OC)cc1N1CCN(C)CC1,1300.0,CHEMBL2427713,CHEMBL2426279,CHEMBL203
C=CC(=O)Nc1cc(Nc2ncc(Cl)c(-c3c[nH]c4ccccc34)n2)c(OC)cc1N1CCN(C)CC1,770.0,CHEMBL2427713,CHEMBL2426278,CHEMBL203
C=CC(=O)Nc1cc(Nc2nccc(-c3cnn4ccccc34)n2)c(OC)cc1N1CCN(C)CC1,19000.0,CHEMBL2427713,CHEMBL2424676,CHEMBL203
C=CC(=O)Nc1cc(Nc2ncc(Cl)c(-c3cnn4ccccc34)n2)c(OC)cc1N1CCN(C)CC1,12000.0,CHEMBL2427713,CHEMBL2426277,CHEMBL203
COc1ccc(NC(=O)/C=C/CN(C)C)cc1Nc1ncc(C)c(-c2cnn3ccccc23)n1,24000.0,CHEMBL2427713,CHEMBL2426377,CHEMBL203
COc1ccc(NC(=O)/C=C/CN(C)C)cc1Nc1ncc(F)c(-c2cnn3ccccc23)n1,19000.0,CHEMBL2427713,CHEMBL2426290,CHEMBL203
COc1ccc(NC(=O)/C=C/CN(C)C)cc1Nc1nccc(-c2cnn3ccccc23)n1,20000.0,CHEMBL2427713,CHEMBL2426289,CHEMBL203
COc1ccc(NC(=O)/C=C/CN(C)C)cc1Nc1ncc(Cl)c(-c2cnn3ccccc23)n1,23000.0,CHEMBL2427713,CHEMBL2426288,CHEMBL203
COc1ccc(NC(=O)/C=C/CN(C)C)cc1Nc1ncc(Cl)c(-c2c[nH]c3ccccc23)n1,1550.0,CHEMBL2427713,CHEMBL2426287,CHEMBL203
C=CC(=O)Nc1ccc(OC)c(Nc2ncc(Cl)c(-c3cnn4ccccc34)n2)c1,12800.0,CHEMBL2427713,CHEMBL2426286,CHEMBL203
C=CC(=O)Nc1ccc(OC)c(Nc2ncc(Cl)c(-c3c[nH]c4ccccc34)n2)c1,550.0,CHEMBL2427713,CHEMBL2426282,CHEMBL203
C=CC(=O)Nc1cccc(Nc2ncc(Cl)c(-c3c[nH]c4ccccc34)n2)c1,3500.0,CHEMBL2427713,CHEMBL2426281,CHEMBL203
C=CC(=O)Nc1cccc(Oc2nc(Nc3ccc(N4CCN(C)CC4)cc3OC)ncc2Cl)c1,1180.0,CHEMBL2427713,CHEMBL1229592,CHEMBL203
COc1cc2ncnc(Nc3ccc(F)c(Cl)c3)c2cc1NC(=O)/C=C/CN1CCCCC1,11.0,CHEMBL2427713,CHEMBL2110732,CHEMBL203
CN(C)C/C=C/C(=O)Nc1cc2c(Nc3ccc(F)c(Cl)c3)ncnc2cc1O[C@H]1CCOC1,12.0,CHEMBL2427713,CHEMBL1173655,CHEMBL203
C#Cc1cccc(Nc2ncnc3cc(OCCOC)c(OCCOC)cc23)c1,77.0,CHEMBL2427713,CHEMBL553,CHEMBL203
COc1cc2ncnc(Nc3ccc(F)c(Cl)c3)c2cc1OCCCN1CCOCC1,62.0,CHEMBL2427713,CHEMBL939,CHEMBL203
C=CC(=O)Nc1cc(Nc2nccc(-c3c[nH]c4ccccc34)n2)c(OC)cc1N1CCN(C)CC1,17.0,CHEMBL2427714,CHEMBL2426279,CHEMBL203
C=CC(=O)Nc1cc(Nc2ncc(Cl)c(-c3c[nH]c4ccccc34)n2)c(OC)cc1N1CCN(C)CC1,23.0,CHEMBL2427714,CHEMBL2426278,CHEMBL203
C=CC(=O)Nc1cc(Nc2nccc(-c3cnn4ccccc34)n2)c(OC)cc1N1CCN(C)CC1,140.0,CHEMBL2427714,CHEMBL2424676,CHEMBL203
C=CC(=O)Nc1cc(Nc2ncc(Cl)c(-c3cnn4ccccc34)n2)c(OC)cc1N1CCN(C)CC1,140.0,CHEMBL2427714,CHEMBL2426277,CHEMBL203
COc1ccc(NC(=O)/C=C/CN(C)C)cc1Nc1ncc([S+](C)[O-])c(-c2cnn3ccccc23)n1,1300.0,CHEMBL2427714,CHEMBL2426378,CHEMBL203
COc1ccc(NC(=O)/C=C/CN(C)C)cc1Nc1ncc(C)c(-c2cnn3ccccc23)n1,250.0,CHEMBL2427714,CHEMBL2426377,CHEMBL203
COc1ccc(NC(=O)/C=C/CN(C)C)cc1Nc1ncc(F)c(-c2cnn3ccccc23)n1,380.0,CHEMBL2427714,CHEMBL2426290,CHEMBL203
COc1ccc(NC(=O)/C=C/CN(C)C)cc1Nc1nccc(-c2cnn3ccccc23)n1,390.0,CHEMBL2427714,CHEMBL2426289,CHEMBL203
COc1ccc(NC(=O)/C=C/CN(C)C)cc1Nc1ncc(Cl)c(-c2cnn3ccccc23)n1,400.0,CHEMBL2427714,CHEMBL2426288,CHEMBL203
COc1ccc(NC(=O)/C=C/CN(C)C)cc1Nc1ncc(Cl)c(-c2c[nH]c3ccccc23)n1,85.0,CHEMBL2427714,CHEMBL2426287,CHEMBL203
C=CC(=O)Nc1ccc(OC)c(Nc2ncc(Cl)c(-c3cnn4ccccc34)n2)c1,150.0,CHEMBL2427714,CHEMBL2426286,CHEMBL203
COc1ccc(NC(=O)CC#N)cc1Nc1ncc(Cl)c(-c2c[nH]c3ccccc23)n1,1800.0,CHEMBL2427714,CHEMBL2426285,CHEMBL203
C=CC(=O)N1CCc2cc(OC)c(Nc3ncc(Cl)c(-c4c[nH]c5ccccc45)n3)cc21,2800.0,CHEMBL2427714,CHEMBL2426284,CHEMBL203
C=CC(=O)Nc1ccc(Nc2ncc(Cl)c(-c3c[nH]c4ccccc34)n2)cc1,19000.0,CHEMBL2427714,CHEMBL2426283,CHEMBL203
C=CC(=O)Nc1ccc(OC)c(Nc2ncc(Cl)c(-c3c[nH]c4ccccc34)n2)c1,29.0,CHEMBL2427714,CHEMBL2426282,CHEMBL203
C=CC(=O)Nc1cccc(Nc2ncc(Cl)c(-c3c[nH]c4ccccc34)n2)c1,270.0,CHEMBL2427714,CHEMBL2426281,CHEMBL203
C=CC(=O)Nc1cccc(Oc2nc(Nc3ccc(N4CCN(C)CC4)cc3OC)ncc2Cl)c1,44.0,CHEMBL2427714,CHEMBL1229592,CHEMBL203
COc1cc2ncnc(Nc3ccc(F)c(Cl)c3)c2cc1NC(=O)/C=C/CN1CCCCC1,0.63,CHEMBL2427714,CHEMBL2110732,CHEMBL203
CN(C)C/C=C/C(=O)Nc1cc2c(Nc3ccc(F)c(Cl)c3)ncnc2cc1O[C@H]1CCOC1,0.57,CHEMBL2427714,CHEMBL1173655,CHEMBL203
C#Cc1cccc(Nc2ncnc3cc(OCCOC)c(OCCOC)cc23)c1,5.9,CHEMBL2427714,CHEMBL553,CHEMBL203
COc1cc2ncnc(Nc3ccc(F)c(Cl)c3)c2cc1OCCCN1CCOCC1,8.7,CHEMBL2427714,CHEMBL939,CHEMBL203
COc1ccc(NC(=O)CCCN(C)C)cc1Nc1ncc(Cl)c(-c2cnn3ccccc23)n1,2300.0,CHEMBL2427158,CHEMBL2426248,CHEMBL203
C=CC(=O)Nc1cc(Nc2nccc(-c3c[nH]c4ccccc34)n2)c(OC)cc1N1CCN(C)CC1,68.0,CHEMBL2427158,CHEMBL2426279,CHEMBL203
C=CC(=O)Nc1cc(Nc2ncc(Cl)c(-c3c[nH]c4ccccc34)n2)c(OC)cc1N1CCN(C)CC1,5.6,CHEMBL2427158,CHEMBL2426278,CHEMBL203
C=CC(=O)Nc1cc(Nc2nccc(-c3cnn4ccccc34)n2)c(OC)cc1N1CCN(C)CC1,71.0,CHEMBL2427158,CHEMBL2424676,CHEMBL203
C=CC(=O)Nc1cc(Nc2ncc(Cl)c(-c3cnn4ccccc34)n2)c(OC)cc1N1CCN(C)CC1,19.0,CHEMBL2427158,CHEMBL2426277,CHEMBL203
COc1ccc(NC(=O)/C=C/CN(C)C)cc1Nc1ncc([S+](C)[O-])c(-c2cnn3ccccc23)n1,15200.0,CHEMBL2427158,CHEMBL2426378,CHEMBL203
COc1ccc(NC(=O)/C=C/CN(C)C)cc1Nc1ncc(C)c(-c2cnn3ccccc23)n1,290.0,CHEMBL2427158,CHEMBL2426377,CHEMBL203
COc1ccc(NC(=O)/C=C/CN(C)C)cc1Nc1ncc(F)c(-c2cnn3ccccc23)n1,220.0,CHEMBL2427158,CHEMBL2426290,CHEMBL203
COc1ccc(NC(=O)/C=C/CN(C)C)cc1Nc1nccc(-c2cnn3ccccc23)n1,250.0,CHEMBL2427158,CHEMBL2426289,CHEMBL203
COc1ccc(NC(=O)/C=C/CN(C)C)cc1Nc1ncc(Cl)c(-c2cnn3ccccc23)n1,96.0,CHEMBL2427158,CHEMBL2426288,CHEMBL203
COc1ccc(NC(=O)/C=C/CN(C)C)cc1Nc1ncc(Cl)c(-c2c[nH]c3ccccc23)n1,53.0,CHEMBL2427158,CHEMBL2426287,CHEMBL203
C=CC(=O)Nc1ccc(OC)c(Nc2ncc(Cl)c(-c3cnn4ccccc34)n2)c1,33.0,CHEMBL2427158,CHEMBL2426286,CHEMBL203
COc1ccc(NC(=O)CC#N)cc1Nc1ncc(Cl)c(-c2c[nH]c3ccccc23)n1,2800.0,CHEMBL2427158,CHEMBL2426285,CHEMBL203
C=CC(=O)N1CCc2cc(OC)c(Nc3ncc(Cl)c(-c4c[nH]c5ccccc45)n3)cc21,2100.0,CHEMBL2427158,CHEMBL2426284,CHEMBL203
C=CC(=O)Nc1ccc(Nc2ncc(Cl)c(-c3c[nH]c4ccccc34)n2)cc1,12900.0,CHEMBL2427158,CHEMBL2426283,CHEMBL203
C=CC(=O)Nc1ccc(OC)c(Nc2ncc(Cl)c(-c3c[nH]c4ccccc34)n2)c1,22.0,CHEMBL2427158,CHEMBL2426282,CHEMBL203
C=CC(=O)Nc1cccc(Nc2ncc(Cl)c(-c3c[nH]c4ccccc34)n2)c1,81.0,CHEMBL2427158,CHEMBL2426281,CHEMBL203
COc1cc(N2CCN(C(C)=O)CC2)ccc1Nc1ncc(Cl)c(-c2c[nH]c3ccccc23)n1,770.0,CHEMBL2427158,CHEMBL2426280,CHEMBL203
C=CC(=O)Nc1cccc(Oc2nc(Nc3ccc(N4CCN(C)CC4)cc3OC)ncc2Cl)c1,23.0,CHEMBL2427158,CHEMBL1229592,CHEMBL203
COc1cc2ncnc(Nc3ccc(F)c(Cl)c3)c2cc1NC(=O)/C=C/CN1CCCCC1,42.0,CHEMBL2427158,CHEMBL2110732,CHEMBL203
CN(C)C/C=C/C(=O)Nc1cc2c(Nc3ccc(F)c(Cl)c3)ncnc2cc1O[C@H]1CCOC1,23.0,CHEMBL2427158,CHEMBL1173655,CHEMBL203
C#Cc1cccc(Nc2ncnc3cc(OCCOC)c(OCCOC)cc23)c1,7600.0,CHEMBL2427158,CHEMBL553,CHEMBL203
COc1cc2ncnc(Nc3ccc(F)c(Cl)c3)c2cc1OCCCN1CCOCC1,3300.0,CHEMBL2427158,CHEMBL939,CHEMBL203
C#Cc1cccc(Nc2ncnc3cc(OCCOC)c(OCCOC)cc23)c1,30.0,CHEMBL2427414,CHEMBL553,CHEMBL203
O=C(/C=C/c1cccnc1Cl)Nc1ccc2ncnc(Nc3cccc(Cl)c3)c2c1,3600.0,CHEMBL2427414,CHEMBL2424794,CHEMBL203
O=C(/C=C/c1ccc(Br)s1)Nc1ccc2ncnc(Nc3cccc(Cl)c3)c2c1,2400.0,CHEMBL2427414,CHEMBL2424804,CHEMBL203
O=C(/C=C/c1cccs1)Nc1ccc2ncnc(Nc3cccc(Cl)c3)c2c1,8800.0,CHEMBL2427414,CHEMBL1812567,CHEMBL203
O=C(/C=C/c1cccnc1)Nc1ccc2ncnc(Nc3cccc(Cl)c3)c2c1,4700.0,CHEMBL2427414,CHEMBL2424801,CHEMBL203
CSCCCNc1ccc2ncnc(Nc3cccc(Cl)c3)c2c1,5100.0,CHEMBL2427414,CHEMBL2424799,CHEMBL203
Clc1cccc(Nc2ncnc3ccc(NCc4ccc(Br)s4)cc23)c1,1500.0,CHEMBL2427414,CHEMBL2424796,CHEMBL203
Clc1cccc(Nc2ncnc3ccc(NCc4cccs4)cc23)c1,3400.0,CHEMBL2427414,CHEMBL2424795,CHEMBL203
Clc1cccc(Nc2ncnc3ccc(NCc4cccc(Br)n4)cc23)c1,4100.0,CHEMBL2427414,CHEMBL2424807,CHEMBL203
COc1cc2ncnc(Nc3ccc(F)c(Cl)c3)c2cc1OCCN1CC2(CCO2)C1,190.0,CHEMBL2429426,CHEMBL2425088,CHEMBL203
COc1cc2ncnc(Nc3ccc(F)c(Cl)c3)c2cc1OCCN1CC2(C1)CS(=O)(=O)C2,158.0,CHEMBL2429426,CHEMBL2424664,CHEMBL203
COc1cc2ncnc(Nc3ccc(F)c(Cl)c3)c2cc1OCCN1CC(OC)C1,94.0,CHEMBL2429426,CHEMBL2425091,CHEMBL203
COc1cc2ncnc(Nc3ccc(F)c(Cl)c3)c2cc1OCCCN1CC2(COC2)C1,56.0,CHEMBL2429426,CHEMBL2425092,CHEMBL203
COc1cc2ncnc(Nc3ccc(F)c(Cl)c3)c2cc1OCCN1CC2(CSC2)C1,52.0,CHEMBL2429426,CHEMBL2425089,CHEMBL203
COc1cc2ncnc(Nc3ccc(F)c(Cl)c3)c2cc1OCCCN1CC2(CSC2)C1,48.0,CHEMBL2429426,CHEMBL2425094,CHEMBL203
COc1cc2ncnc(Nc3ccc(F)c(Cl)c3)c2cc1OCCCN1CC2(CCO2)C1,36.0,CHEMBL2429426,CHEMBL2425093,CHEMBL203
COc1cc2ncnc(Nc3ccc(F)c(Cl)c3)c2cc1OCCCN1CC(OC)C1,34.0,CHEMBL2429426,CHEMBL2425085,CHEMBL203
COc1cc2ncnc(Nc3ccc(F)c(Cl)c3)c2cc1OCCN1CC(O)C1,26.0,CHEMBL2429426,CHEMBL2425090,CHEMBL203
COc1cc2ncnc(Nc3ccc(F)c(Cl)c3)c2cc1OCCCN1CC(O)C1,25.0,CHEMBL2429426,CHEMBL2425084,CHEMBL203
COc1cc2ncnc(Nc3ccc(F)c(Cl)c3)c2cc1OCCCN1CC2(C1)CS(=O)(=O)C2,24.0,CHEMBL2429426,CHEMBL2425083,CHEMBL203
COc1cc2ncnc(Nc3ccc(F)c(Cl)c3)c2cc1OCCCN1CCOCC1,23.0,CHEMBL2429426,CHEMBL939,CHEMBL203
COc1cc2ncnc(Nc3ccc(F)c(Cl)c3)c2cc1OCCCN1CCC2(COC2)C1,15.0,CHEMBL2429426,CHEMBL2425086,CHEMBL203
COc1cc2ncnc(Nc3ccc(F)c(Cl)c3)c2cc1OCCN1CC2(COC2)C1,16.0,CHEMBL2429426,CHEMBL2425087,CHEMBL203
O=C(COc1c(F)c(F)c(F)c(F)c1F)Nc1ccc2ncnc(Nc3cccc(Br)c3)c2c1,118.0,CHEMBL2428431,CHEMBL597402,CHEMBL203
O=C(CCOc1ccccc1)Nc1ccc2ncnc(Nc3cccc(Br)c3)c2c1,38.4,CHEMBL2428431,CHEMBL2425737,CHEMBL203
Brc1cccc(Nc2ncnc3ccc(NCCCN4CCCCC4)cc23)c1,14.1,CHEMBL2428431,CHEMBL2425736,CHEMBL203
O=C(CCCN1CCCCC1)Nc1ccc2ncnc(Nc3cccc(Br)c3)c2c1,13.5,CHEMBL2428431,CHEMBL2425735,CHEMBL203
CN(C)CCC(=O)Nc1ccc2ncnc(Nc3cccc(Br)c3)c2c1,38.2,CHEMBL2428431,CHEMBL2031297,CHEMBL203
C=CC(=O)Nc1ccc2ncnc(Nc3cccc(Br)c3)c2c1,17.9,CHEMBL2428431,CHEMBL285063,CHEMBL203
COc1cc2ncnc(Nc3ccc(F)c(Cl)c3)c2cc1OCCCN1CCOCC1,498.0,CHEMBL2428431,CHEMBL939,CHEMBL203
O=C(COc1c(F)c(F)c(F)c(F)c1F)Nc1ccc2ncnc(Nc3cccc(Br)c3)c2c1,49.8,CHEMBL2428432,CHEMBL597402,CHEMBL203
O=C(CCOc1ccccc1)Nc1ccc2ncnc(Nc3cccc(Br)c3)c2c1,21.7,CHEMBL2428432,CHEMBL2425737,CHEMBL203
Brc1cccc(Nc2ncnc3ccc(NCCCN4CCCCC4)cc23)c1,1.7,CHEMBL2428432,CHEMBL2425736,CHEMBL203
O=C(CCCN1CCCCC1)Nc1ccc2ncnc(Nc3cccc(Br)c3)c2c1,5.7,CHEMBL2428432,CHEMBL2425735,CHEMBL203
CN(C)CCC(=O)Nc1ccc2ncnc(Nc3cccc(Br)c3)c2c1,8.59,CHEMBL2428432,CHEMBL2031297,CHEMBL203
Nc1ccc2ncnc(Nc3cccc(Br)c3)c2c1,21.45,CHEMBL2428432,CHEMBL52765,CHEMBL203
C=CC(=O)Nc1ccc2ncnc(Nc3cccc(Br)c3)c2c1,3.94,CHEMBL2428432,CHEMBL285063,CHEMBL203
COc1cc2ncnc(Nc3ccc(F)c(Cl)c3)c2cc1OCCCN1CCOCC1,39.9,CHEMBL2428432,CHEMBL939,CHEMBL203
O=C(COc1c(F)c(F)c(F)c(F)c1F)Nc1ccc2ncnc(Nc3cccc(Br)c3)c2c1,23.6,CHEMBL2428558,CHEMBL597402,CHEMBL203
O=C(CCOc1ccccc1)Nc1ccc2ncnc(Nc3cccc(Br)c3)c2c1,19.0,CHEMBL2428558,CHEMBL2425737,CHEMBL203
Brc1cccc(Nc2ncnc3ccc(NCCCN4CCCCC4)cc23)c1,0.41,CHEMBL2428558,CHEMBL2425736,CHEMBL203
O=C(CCCN1CCCCC1)Nc1ccc2ncnc(Nc3cccc(Br)c3)c2c1,0.63,CHEMBL2428558,CHEMBL2425735,CHEMBL203
COc1cc2ncnc(Nc3ccc(F)c(Cl)c3)c2cc1OCCCN1CCOCC1,0.6,CHEMBL2428558,CHEMBL939,CHEMBL203
CS(=O)(=O)CCNCc1ccc(-c2ccc3ncnc(Nc4ccc(OCc5cccc(F)c5)c(Cl)c4)c3c2)o1.Cc1ccc(S(=O)(=O)O)cc1.Cc1ccc(S(=O)(=O)O)cc1.O,16.3,CHEMBL2439214,CHEMBL1201179,CHEMBL203
Cc1ccc(S(=O)(=O)O)cc1.O=S(=O)(CCNCc1ccc(-c2ccc3ncnc(Nc4ccc(OCc5cccc(F)c5)c(Cl)c4)c3c2)o1)CC(F)(F)F,21.1,CHEMBL2439214,CHEMBL2437227,CHEMBL203
Cc1ccc(S(=O)(=O)O)cc1.NS(=O)(=O)CCNCc1ccc(-c2ccc3ncnc(Nc4ccc(OCc5cccc(F)c5)c(Cl)c4)c3c2)o1,10.8,CHEMBL2439214,CHEMBL2437226,CHEMBL203
CS(=O)(=O)NCCNCc1ccc(-c2ccc3ncnc(Nc4ccc(OCc5cccc(F)c5)c(Cl)c4)c3c2)o1.Cc1ccc(S(=O)(=O)O)cc1,18.7,CHEMBL2439214,CHEMBL2437225,CHEMBL203
C[S+]([O-])CCNCc1ccc(-c2ccc3ncnc(Nc4ccc(OCc5cccc(F)c5)c(Cl)c4)c3c2)o1.Cc1ccc(S(=O)(=O)O)cc1,13.0,CHEMBL2439214,CHEMBL2437224,CHEMBL203
CSCCNCc1ccc(-c2ccc3ncnc(Nc4ccc(OCc5cccc(F)c5)c(Cl)c4)c3c2)o1.Cc1ccc(S(=O)(=O)O)cc1,25.1,CHEMBL2439214,CHEMBL2437223,CHEMBL203
Cc1ccc(S(=O)(=O)O)cc1.Fc1cccc(COc2ccc(Nc3ncnc4ccc(-c5ccc(CN6CCOCC6)o5)cc34)cc2Cl)c1,26.0,CHEMBL2439214,CHEMBL3436354,CHEMBL203
CN1CCN(Cc2ccc(-c3ccc4ncnc(Nc5ccc(OCc6cccc(F)c6)c(Cl)c5)c4c3)o2)CC1.Cc1ccc(S(=O)(=O)O)cc1,12.5,CHEMBL2439214,CHEMBL3436355,CHEMBL203
Cc1ccc(S(=O)(=O)O)cc1.Fc1cccc(COc2ccc(Nc3ncnc4ccc(-c5ccc(CN6CCNCC6)o5)cc34)cc2Cl)c1,10.8,CHEMBL2439214,CHEMBL3436356,CHEMBL203
CCOC(=O)N1CCN(Cc2ccc(-c3ccc4ncnc(Nc5ccc(OCc6cccc(F)c6)c(Cl)c5)c4c3)o2)CC1.Cc1ccc(S(=O)(=O)O)cc1,28.0,CHEMBL2439214,CHEMBL3436357,CHEMBL203
CS(=O)(=O)N1CCN(Cc2ccc(-c3ccc4ncnc(Nc5ccc(OCc6cccc(F)c6)c(Cl)c5)c4c3)o2)CC1.Cc1ccc(S(=O)(=O)O)cc1,59.9,CHEMBL2439214,CHEMBL3436358,CHEMBL203
CC(=O)N1CCN(Cc2ccc(-c3ccc4ncnc(Nc5ccc(OCc6cccc(F)c6)c(Cl)c5)c4c3)o2)CC1.Cc1ccc(S(=O)(=O)O)cc1,11.4,CHEMBL2439214,CHEMBL3436359,CHEMBL203
CN1CCN(C(=O)c2ccc(-c3ccc4ncnc(Nc5ccc(OCc6cccc(F)c6)c(Cl)c5)c4c3)o2)CC1.Cc1ccc(S(=O)(=O)O)cc1,232.4,CHEMBL2439214,CHEMBL3436360,CHEMBL203
C=CC(=O)Nc1cccc(Oc2nc(Nc3ccc(N4CCN(C)CC4)cc3OC)ncc2Cl)c1,0.66,CHEMBL2439334,CHEMBL1229592,CHEMBL203
C=CC(=O)Nc1cccc(-n2c(=O)c(C)nc3cnc(Nc4ccc(OC)cc4)nc32)c1,13.0,CHEMBL2439334,CHEMBL2437471,CHEMBL203
C=CC(=O)Nc1ccc(-n2c(=O)c(C)nc3cnc(Nc4ccc(OC)cc4)nc32)cc1,35020.0,CHEMBL2439334,CHEMBL2437470,CHEMBL203
C=CC(=O)Nc1cccc(-n2c(=O)cnc3cnc(Nc4ccc(N5CCN(C)CC5)cc4OC)nc32)c1,1.07,CHEMBL2439334,CHEMBL2437469,CHEMBL203
C=CC(=O)Nc1ccc(-n2c(=O)cnc3cnc(Nc4ccc(N5CCN(C)CC5)cc4OC)nc32)cc1,272.0,CHEMBL2439334,CHEMBL2437468,CHEMBL203
C=CC(=O)Nc1cccc(-n2c(=O)cnc3cnc(Nc4ccc(C(N)=O)cc4)nc32)c1,3.97,CHEMBL2439334,CHEMBL2437467,CHEMBL203
C=CC(=O)Nc1cccc(-n2c(=O)cnc3cnc(Nc4ccc(NC(C)=O)cc4)nc32)c1,4.53,CHEMBL2439334,CHEMBL2437466,CHEMBL203
C=CC(=O)Nc1cccc(-n2c(=O)cnc3cnc(Nc4ccc(N(CC)CC)cc4)nc32)c1,4.72,CHEMBL2439334,CHEMBL2437465,CHEMBL203
C=CC(=O)Nc1cccc(-n2c(=O)cnc3cnc(Nc4ccc(N5CCCC5)cc4)nc32)c1,4.96,CHEMBL2439334,CHEMBL2437464,CHEMBL203
C=CC(=O)Nc1cccc(-n2c(=O)cnc3cnc(Nc4ccc(N5CCCCC5)cc4)nc32)c1,5.12,CHEMBL2439334,CHEMBL2437463,CHEMBL203
C=CC(=O)Nc1cccc(-n2c(=O)cnc3cnc(Nc4ccc(N5CCN(C)CC5)cc4)nc32)c1,0.677,CHEMBL2439334,CHEMBL2437462,CHEMBL203
C=CC(=O)Nc1ccc(-n2c(=O)cnc3cnc(Nc4ccc(N5CCN(C)CC5)cc4)nc32)cc1,691.0,CHEMBL2439334,CHEMBL2437461,CHEMBL203
C=CC(=O)Nc1cccc(-n2c(=O)cnc3cnc(Nc4ccc(N5CCOCC5)cc4)nc32)c1,2.86,CHEMBL2439334,CHEMBL2437460,CHEMBL203
C=CC(=O)Nc1ccc(-n2c(=O)cnc3cnc(Nc4ccc(N5CCOCC5)cc4)nc32)cc1,3456.0,CHEMBL2439334,CHEMBL2437459,CHEMBL203
C=CC(=O)Nc1cccc(-n2c(=O)cnc3cnc(Nc4ccc(Cl)cc4)nc32)c1,17.6,CHEMBL2439334,CHEMBL2437458,CHEMBL203
C=CC(=O)Nc1ccc(-n2c(=O)cnc3cnc(Nc4ccc(Cl)cc4)nc32)cc1,144.1,CHEMBL2439334,CHEMBL2437457,CHEMBL203
C=CC(=O)Nc1cccc(-n2c(=O)cnc3cnc(Nc4ccccc4)nc32)c1,4.94,CHEMBL2439334,CHEMBL2437488,CHEMBL203
CN(C)C/C=C/C(=O)Nc1cccc(-n2c(=O)cnc3cnc(Nc4ccccc4)nc32)c1,39.7,CHEMBL2439334,CHEMBL2437486,CHEMBL203
COc1ccc(Nc2ncc3ncc(=O)n(-c4cccc(NC(=O)/C=C/CN(C)C)c4)c3n2)cc1,56157.0,CHEMBL2439334,CHEMBL2437484,CHEMBL203
COc1ccc(Nc2ncc3ncc(=O)n(-c4ccc(NC(=O)/C=C/CN(C)C)cc4)c3n2)cc1,31.3,CHEMBL2439334,CHEMBL2437483,CHEMBL203
C=CC(=O)Oc1ccc(-n2c(=O)cnc3cnc(Nc4ccc(OC)cc4)nc32)cc1,59.1,CHEMBL2439334,CHEMBL2437482,CHEMBL203
C=CC(=O)Nc1cccc(-n2c(=O)cnc3cnc(Nc4ccc(OC)cc4)nc32)c1,5.6,CHEMBL2439334,CHEMBL2437479,CHEMBL203
C=CC(=O)Nc1ccc(-n2c(=O)cnc3cnc(Nc4ccc(OC)cc4)nc32)cc1,4802.0,CHEMBL2439334,CHEMBL2437478,CHEMBL203
C=CC(=O)Nc1ccc(Nc2ncc3ncc(=O)n(-c4ccc(OC)cc4)c3n2)cc1,70240.0,CHEMBL2439334,CHEMBL2437477,CHEMBL203
COc1ccc(-n2c(=O)cnc3cnc(Nc4ccc(N)cc4)nc32)cc1,6754.0,CHEMBL2439334,CHEMBL2437475,CHEMBL203
COc1ccc(-n2c(=O)cnc3cnc(Nc4cccc(N)c4)nc32)cc1,3836.0,CHEMBL2439334,CHEMBL2437474,CHEMBL203
COc1ccc(Nc2ncc3ncc(=O)n(-c4cccc(N)c4)c3n2)cc1,21280.0,CHEMBL2439334,CHEMBL2437473,CHEMBL203
C=CC(=O)Nc1cccc(Oc2nc(Nc3ccc(N4CCN(C)CC4)cc3OC)ncc2Cl)c1,3.82,CHEMBL2439335,CHEMBL1229592,CHEMBL203
C=CC(=O)Nc1cccc(-n2c(=O)c(C)nc3cnc(Nc4ccc(OC)cc4)nc32)c1,5.73,CHEMBL2439335,CHEMBL2437471,CHEMBL203
C=CC(=O)Nc1ccc(-n2c(=O)c(C)nc3cnc(Nc4ccc(OC)cc4)nc32)cc1,7167.0,CHEMBL2439335,CHEMBL2437470,CHEMBL203
C=CC(=O)Nc1cccc(-n2c(=O)cnc3cnc(Nc4ccc(N5CCN(C)CC5)cc4OC)nc32)c1,2.56,CHEMBL2439335,CHEMBL2437469,CHEMBL203
C=CC(=O)Nc1ccc(-n2c(=O)cnc3cnc(Nc4ccc(N5CCN(C)CC5)cc4OC)nc32)cc1,496.0,CHEMBL2439335,CHEMBL2437468,CHEMBL203
C=CC(=O)Nc1cccc(-n2c(=O)cnc3cnc(Nc4ccc(C(N)=O)cc4)nc32)c1,11.8,CHEMBL2439335,CHEMBL2437467,CHEMBL203
C=CC(=O)Nc1cccc(-n2c(=O)cnc3cnc(Nc4ccc(NC(C)=O)cc4)nc32)c1,14.0,CHEMBL2439335,CHEMBL2437466,CHEMBL203
C=CC(=O)Nc1cccc(-n2c(=O)cnc3cnc(Nc4ccc(N(CC)CC)cc4)nc32)c1,14.1,CHEMBL2439335,CHEMBL2437465,CHEMBL203
C=CC(=O)Nc1cccc(-n2c(=O)cnc3cnc(Nc4ccc(N5CCCC5)cc4)nc32)c1,13.0,CHEMBL2439335,CHEMBL2437464,CHEMBL203
C=CC(=O)Nc1cccc(-n2c(=O)cnc3cnc(Nc4ccc(N5CCCCC5)cc4)nc32)c1,14.8,CHEMBL2439335,CHEMBL2437463,CHEMBL203
C=CC(=O)Nc1cccc(-n2c(=O)cnc3cnc(Nc4ccc(N5CCN(C)CC5)cc4)nc32)c1,1.32,CHEMBL2439335,CHEMBL2437462,CHEMBL203
C=CC(=O)Nc1ccc(-n2c(=O)cnc3cnc(Nc4ccc(N5CCN(C)CC5)cc4)nc32)cc1,1510.0,CHEMBL2439335,CHEMBL2437461,CHEMBL203
C=CC(=O)Nc1cccc(-n2c(=O)cnc3cnc(Nc4ccc(N5CCOCC5)cc4)nc32)c1,7.26,CHEMBL2439335,CHEMBL2437460,CHEMBL203
C=CC(=O)Nc1ccc(-n2c(=O)cnc3cnc(Nc4ccc(N5CCOCC5)cc4)nc32)cc1,8671.0,CHEMBL2439335,CHEMBL2437459,CHEMBL203
C=CC(=O)Nc1cccc(-n2c(=O)cnc3cnc(Nc4ccc(Cl)cc4)nc32)c1,49.1,CHEMBL2439335,CHEMBL2437458,CHEMBL203
C=CC(=O)Nc1ccc(-n2c(=O)cnc3cnc(Nc4ccc(Cl)cc4)nc32)cc1,496.0,CHEMBL2439335,CHEMBL2437457,CHEMBL203
C=CC(=O)Nc1cccc(-n2c(=O)cnc3cnc(Nc4ccccc4)nc32)c1,11.1,CHEMBL2439335,CHEMBL2437488,CHEMBL203
CN(C)C/C=C/C(=O)Nc1cccc(-n2c(=O)cnc3cnc(Nc4ccccc4)nc32)c1,110.0,CHEMBL2439335,CHEMBL2437486,CHEMBL203
COc1ccc(Nc2ncc3ncc(=O)n(-c4cccc(NC(=O)/C=C/CN(C)C)c4)c3n2)cc1,32847.0,CHEMBL2439335,CHEMBL2437484,CHEMBL203
COc1ccc(Nc2ncc3ncc(=O)n(-c4ccc(NC(=O)/C=C/CN(C)C)cc4)c3n2)cc1,76.5,CHEMBL2439335,CHEMBL2437483,CHEMBL203
C=CC(=O)Oc1ccc(-n2c(=O)cnc3cnc(Nc4ccc(OC)cc4)nc32)cc1,122.6,CHEMBL2439335,CHEMBL2437482,CHEMBL203
C=CC(=O)Nc1cccc(-n2c(=O)cnc3cnc(Nc4ccc(OC)cc4)nc32)c1,14.8,CHEMBL2439335,CHEMBL2437479,CHEMBL203
C=CC(=O)Nc1ccc(-n2c(=O)cnc3cnc(Nc4ccc(OC)cc4)nc32)cc1,23747.0,CHEMBL2439335,CHEMBL2437478,CHEMBL203
C=CC(=O)Nc1ccc(Nc2ncc3ncc(=O)n(-c4ccc(OC)cc4)c3n2)cc1,70620.0,CHEMBL2439335,CHEMBL2437477,CHEMBL203
COc1ccc(-n2c(=O)cnc3cnc(Nc4ccc(N)cc4)nc32)cc1,8452.0,CHEMBL2439335,CHEMBL2437475,CHEMBL203
COc1ccc(-n2c(=O)cnc3cnc(Nc4cccc(N)c4)nc32)cc1,8039.0,CHEMBL2439335,CHEMBL2437474,CHEMBL203
COc1ccc(Nc2ncc3ncc(=O)n(-c4cccc(N)c4)c3n2)cc1,55920.0,CHEMBL2439335,CHEMBL2437473,CHEMBL203
C=CC(=O)Nc1cccc(Oc2nc(Nc3ccc(N4CCN(C)CC4)cc3OC)ncc2Cl)c1,2.16,CHEMBL2439336,CHEMBL1229592,CHEMBL203
C=CC(=O)Nc1cccc(-n2c(=O)c(C)nc3cnc(Nc4ccc(OC)cc4)nc32)c1,5.29,CHEMBL2439336,CHEMBL2437471,CHEMBL203
C=CC(=O)Nc1ccc(-n2c(=O)c(C)nc3cnc(Nc4ccc(OC)cc4)nc32)cc1,16338.0,CHEMBL2439336,CHEMBL2437470,CHEMBL203
C=CC(=O)Nc1cccc(-n2c(=O)cnc3cnc(Nc4ccc(N5CCN(C)CC5)cc4OC)nc32)c1,3.82,CHEMBL2439336,CHEMBL2437469,CHEMBL203
C=CC(=O)Nc1ccc(-n2c(=O)cnc3cnc(Nc4ccc(N5CCN(C)CC5)cc4OC)nc32)cc1,395.0,CHEMBL2439336,CHEMBL2437468,CHEMBL203
C=CC(=O)Nc1cccc(-n2c(=O)cnc3cnc(Nc4ccc(C(N)=O)cc4)nc32)c1,12.1,CHEMBL2439336,CHEMBL2437467,CHEMBL203
C=CC(=O)Nc1cccc(-n2c(=O)cnc3cnc(Nc4ccc(NC(C)=O)cc4)nc32)c1,12.5,CHEMBL2439336,CHEMBL2437466,CHEMBL203
C=CC(=O)Nc1cccc(-n2c(=O)cnc3cnc(Nc4ccc(N(CC)CC)cc4)nc32)c1,14.5,CHEMBL2439336,CHEMBL2437465,CHEMBL203
C=CC(=O)Nc1cccc(-n2c(=O)cnc3cnc(Nc4ccc(N5CCCC5)cc4)nc32)c1,15.3,CHEMBL2439336,CHEMBL2437464,CHEMBL203
C=CC(=O)Nc1cccc(-n2c(=O)cnc3cnc(Nc4ccc(N5CCCCC5)cc4)nc32)c1,15.7,CHEMBL2439336,CHEMBL2437463,CHEMBL203
C=CC(=O)Nc1cccc(-n2c(=O)cnc3cnc(Nc4ccc(N5CCN(C)CC5)cc4)nc32)c1,1.21,CHEMBL2439336,CHEMBL2437462,CHEMBL203
C=CC(=O)Nc1ccc(-n2c(=O)cnc3cnc(Nc4ccc(N5CCN(C)CC5)cc4)nc32)cc1,1100.0,CHEMBL2439336,CHEMBL2437461,CHEMBL203
C=CC(=O)Nc1cccc(-n2c(=O)cnc3cnc(Nc4ccc(N5CCOCC5)cc4)nc32)c1,6.95,CHEMBL2439336,CHEMBL2437460,CHEMBL203
C=CC(=O)Nc1ccc(-n2c(=O)cnc3cnc(Nc4ccc(N5CCOCC5)cc4)nc32)cc1,5585.0,CHEMBL2439336,CHEMBL2437459,CHEMBL203
C=CC(=O)Nc1cccc(-n2c(=O)cnc3cnc(Nc4ccc(Cl)cc4)nc32)c1,47.1,CHEMBL2439336,CHEMBL2437458,CHEMBL203
C=CC(=O)Nc1ccc(-n2c(=O)cnc3cnc(Nc4ccc(Cl)cc4)nc32)cc1,373.5,CHEMBL2439336,CHEMBL2437457,CHEMBL203
C=CC(=O)Nc1cccc(-n2c(=O)cnc3cnc(Nc4ccccc4)nc32)c1,12.8,CHEMBL2439336,CHEMBL2437488,CHEMBL203
CN(C)C/C=C/C(=O)Nc1cccc(-n2c(=O)cnc3cnc(Nc4ccccc4)nc32)c1,115.0,CHEMBL2439336,CHEMBL2437486,CHEMBL203
COc1ccc(Nc2ncc3ncc(=O)n(-c4cccc(NC(=O)/C=C/CN(C)C)c4)c3n2)cc1,26283.0,CHEMBL2439336,CHEMBL2437484,CHEMBL203
COc1ccc(Nc2ncc3ncc(=O)n(-c4ccc(NC(=O)/C=C/CN(C)C)cc4)c3n2)cc1,59.1,CHEMBL2439336,CHEMBL2437483,CHEMBL203
C=CC(=O)Oc1ccc(-n2c(=O)cnc3cnc(Nc4ccc(OC)cc4)nc32)cc1,60.4,CHEMBL2439336,CHEMBL2437482,CHEMBL203
C=CC(=O)Nc1cccc(-n2c(=O)cnc3cnc(Nc4ccc(OC)cc4)nc32)c1,13.8,CHEMBL2439336,CHEMBL2437479,CHEMBL203
C=CC(=O)Nc1ccc(-n2c(=O)cnc3cnc(Nc4ccc(OC)cc4)nc32)cc1,5129.0,CHEMBL2439336,CHEMBL2437478,CHEMBL203
C=CC(=O)Nc1ccc(Nc2ncc3ncc(=O)n(-c4ccc(OC)cc4)c3n2)cc1,33885.0,CHEMBL2439336,CHEMBL2437477,CHEMBL203
COc1ccc(-n2c(=O)cnc3cnc(Nc4ccc(N)cc4)nc32)cc1,25825.0,CHEMBL2439336,CHEMBL2437475,CHEMBL203
COc1ccc(-n2c(=O)cnc3cnc(Nc4cccc(N)c4)nc32)cc1,18280.0,CHEMBL2439336,CHEMBL2437474,CHEMBL203
COc1cc2c(Oc3ccc(NC(=O)c4cc(-c5ccc(C)cc5)ccn4)cc3F)ccnc2cc1OCCCN1CCN(C)CC1,90.05,CHEMBL2437777,CHEMBL2435999,CHEMBL203
CCc1ccc2nc(Nc3cc(Cc4ccccc4)nc(N[C@H]4CC[C@H](O)CC4)n3)sc2c1,630.96,CHEMBL2446676,CHEMBL2441273,CHEMBL203
COc1cc2ncnc(Nc3ccc(F)c(Cl)c3)c2cc1OCCCN1CCOCC1,10480.0,CHEMBL2444715,CHEMBL939,CHEMBL203
CN(C)C/C=C/C(=O)N1CCOc2cc3ncnc(Nc4ccc(OCc5cccc(F)c5)c(Cl)c4)c3cc21,3610.0,CHEMBL2444715,CHEMBL2441567,CHEMBL203
CN(C)C/C=C/C(=O)N1CCOc2cc3ncnc(Nc4ccc(F)c(Cl)c4)c3cc21,4900.0,CHEMBL2444715,CHEMBL2441565,CHEMBL203
CN(C)C/C=C/C(=O)N1CCOc2cc3ncnc(Nc4ccc(OCc5cccc(F)c5)c(Cl)c4)c3cc21,900.0,CHEMBL2444968,CHEMBL2441567,CHEMBL203
CN(C)C/C=C/C(=O)N1CCOc2cc3ncnc(Nc4ccc(F)c(Cl)c4)c3cc21,2200.0,CHEMBL2444968,CHEMBL2441565,CHEMBL203
COc1cc2ncnc(Nc3ccc(F)c(Cl)c3)c2cc1OCCCN1CCOCC1,4000.0,CHEMBL2444968,CHEMBL939,CHEMBL203
Fc1ccc(Nc2ncnc3cc4c(cc23)NCCO4)cc1Cl,1.29,CHEMBL2444969,CHEMBL2441568,CHEMBL203
COc1cc2ncnc(Nc3ccc(F)c(Cl)c3)c2cc1OCCCN1CCOCC1,1100.0,CHEMBL2446217,CHEMBL939,CHEMBL203
COc1cc(O)c2c(c1)CCN(c1cccc(C(=O)N3CCCCC3)c1)C2=O,1180.0,CHEMBL2446217,CHEMBL2442333,CHEMBL203
COc1cc2c(c(OC)c1)C(=O)N(c1cccc(C(=O)N3CCCCC3)c1)CC2,1230.0,CHEMBL2446217,CHEMBL2442332,CHEMBL203
COc1cc(O)c2c(=O)n(-c3cccc(C(=O)N4CCCCC4)c3)ccc2c1,1380.0,CHEMBL2446217,CHEMBL2442329,CHEMBL203
C#Cc1cccc(-n2ccc3cc(OC)cc(O)c3c2=O)c1,3060.0,CHEMBL2446217,CHEMBL2442327,CHEMBL203
COc1cc(OC)c2c(=O)n(-c3cccc(C(=O)N4CCCCC4)c3)ccc2c1,2120.0,CHEMBL2446217,CHEMBL2442324,CHEMBL203
COc1cc(OC)c2c(=O)n(-c3ccc(F)c(Cl)c3)ccc2c1,5490.0,CHEMBL2446217,CHEMBL2442320,CHEMBL203
C#Cc1cccc(-n2ccc3cc(OC)cc(OC)c3c2=O)c1,3510.0,CHEMBL2446217,CHEMBL2442319,CHEMBL203
C=CC(=O)N1CC[C@H](N2C(=O)N(c3ccccc3)Cc3cnc(Nc4ccc(N5CCN(C)CC5)c(C)c4)nc32)C1,3.0,CHEMBL3088500,CHEMBL3086102,CHEMBL203
C=CC(=O)N1CC[C@H](N2C(=O)N(c3ccccc3)Cc3cnc(Nc4ccc(N5CCN(C)CC5)c(C)c4)nc32)C1,10.0,CHEMBL3088501,CHEMBL3086102,CHEMBL203
C=CC(=O)N1CC[C@H](N2C(=O)N(c3ccccc3)Cc3cnc(Nc4ccc(N5CCN(C)CC5)c(C)c4)nc32)C1,9.2,CHEMBL3088813,CHEMBL3086102,CHEMBL203
C=CC(=O)N1CC[C@H](N2C(=O)N(c3ccccc3)Cc3cnc(Nc4ccc(N5CCN(C)CC5)c(Cl)c4)nc32)C1,35.6,CHEMBL3088813,CHEMBL3086104,CHEMBL203
C=CC(=O)N1CC[C@H](N2C(=O)N(c3ccccc3)Cc3cnc(Nc4ccc(N5CCN(C)CC5)c(C(F)(F)F)c4)nc32)C1,55.5,CHEMBL3088813,CHEMBL3086103,CHEMBL203
C=CC(=O)N1CC[C@H](N2C(=O)N(c3ccccc3)Cc3cnc(Nc4ccc(N5CCN(C)CC5)c(F)c4)nc32)C1,17.1,CHEMBL3088813,CHEMBL3086105,CHEMBL203
C=CC(=O)N1CC[C@H](N2C(=O)N(c3ccccc3)Cc3cnc(Nc4ccc(N5CCN(C)CC5)c(OC)c4)nc32)C1,7.2,CHEMBL3088813,CHEMBL3086106,CHEMBL203
C=CC(=O)N1CC[C@H](N2C(=O)N(c3ccccc3)Cc3cnc(Nc4ccc(CCN5CCN(C)CC5)cc4)nc32)C1,41.3,CHEMBL3088813,CHEMBL3087194,CHEMBL203
C=CC(=O)N1CC[C@H](N2C(=O)N(c3ccccc3)Cc3cnc(Nc4ccc(C5CCN(C)CC5)cc4)nc32)C1,16.2,CHEMBL3088813,CHEMBL3087193,CHEMBL203
C=CC(=O)N1CC[C@H](N2C(=O)N(c3ccccc3)Cc3cnc(Nc4cccc(N5CCN(C)CC5)c4)nc32)C1,97.9,CHEMBL3088813,CHEMBL3087195,CHEMBL203
C=CC(=O)N1CC[C@H](N2C(=O)N(c3ccccc3)Cc3cnc(Nc4ccc(N5CCN(C)CC5)cc4)nc32)C1,29.1,CHEMBL3088813,CHEMBL3087196,CHEMBL203
C=CC(=O)N1CC[C@H](N2C(=O)N(c3ccccc3)Cc3cnc(Nc4ccccc4)nc32)C1,235.4,CHEMBL3088813,CHEMBL3087197,CHEMBL203
C=CC(=O)N1CC[C@H](N2C(=O)N(c3ccccc3)Cc3cnc(Nc4ccc(N5CCN(C)CC5)cc4OC)nc32)C1,15.2,CHEMBL3088813,CHEMBL3087198,CHEMBL203
C=CC(=O)N1CC[C@H](N2C(=O)N(C3CCCCC3)Cc3cnc(Nc4ccc(N5CCN(C)CC5)cc4OC)nc32)C1,42.9,CHEMBL3088813,CHEMBL3087200,CHEMBL203
C=CC(=O)N1CC[C@H](N2C(=O)N(C3CCCC3)Cc3cnc(Nc4ccc(N5CCN(C)CC5)cc4OC)nc32)C1,58.7,CHEMBL3088813,CHEMBL3087199,CHEMBL203
C=CC(=O)N1CC[C@H](N2C(=O)N(C(C)C)Cc3cnc(Nc4ccc(N5CCN(C)CC5)cc4OC)nc32)C1,864.0,CHEMBL3088813,CHEMBL3087201,CHEMBL203
C=CC(=O)N1CC[C@H](N2C(=O)N(C)Cc3cnc(Nc4ccc(N5CCN(C)CC5)cc4OC)nc32)C1,525.0,CHEMBL3088813,CHEMBL3087202,CHEMBL203
C=CC(=O)N1CC[C@H](N2C(=O)N(Cc3ccccc3)Cc3cnc(Nc4ccc(N5CCN(C)CC5)cc4OC)nc32)C1,8.8,CHEMBL3088813,CHEMBL3087205,CHEMBL203
C=CC(=O)N1CC[C@@H](N2C(=O)N(Cc3ccccc3)Cc3cnc(Nc4ccc(N5CCN(C)CC5)cc4OC)nc32)C1,107.1,CHEMBL3088813,CHEMBL3087204,CHEMBL203
C=CC(=O)N1CCC[C@H](N2C(=O)N(Cc3ccccc3)Cc3cnc(Nc4ccc(N5CCN(C)CC5)cc4OC)nc32)C1,204.1,CHEMBL3088813,CHEMBL3087207,CHEMBL203
C=CC(=O)N1CCC[C@@H](N2C(=O)N(Cc3ccccc3)Cc3cnc(Nc4ccc(N5CCN(C)CC5)cc4OC)nc32)C1,40.3,CHEMBL3088813,CHEMBL3087206,CHEMBL203
C=CC(=O)N1CCC(N2C(=O)N(Cc3ccccc3)Cc3cnc(Nc4ccc(N5CCN(C)CC5)cc4OC)nc32)CC1,143.6,CHEMBL3088813,CHEMBL3087208,CHEMBL203
C=CC(=O)NC1CCC(N2C(=O)N(Cc3ccccc3)Cc3cnc(Nc4ccc(N5CCN(C)CC5)cc4OC)nc32)CC1,708.5,CHEMBL3088813,CHEMBL3087209,CHEMBL203
C#Cc1cccc(Nc2ncnc3cc(OCCOC)c(OCCOC)cc23)c1,32.0,CHEMBL3091175,CHEMBL553,CHEMBL203
Cc1ncc([N+](=O)[O-])n1C/C(=N/NC(=O)c1ccncc1)c1ccc(Br)cc1,8190.0,CHEMBL3091175,CHEMBL3088218,CHEMBL203
Cc1ncc([N+](=O)[O-])n1C/C(=N/NC(=O)c1ccc(N)cc1)c1ccc(Br)cc1,430.0,CHEMBL3091175,CHEMBL3088219,CHEMBL203
Cc1ncc([N+](=O)[O-])n1C/C(=N/NC(=O)c1ccc(O)cc1)c1ccc(Br)cc1,210.0,CHEMBL3091175,CHEMBL3088220,CHEMBL203
Cc1ncc([N+](=O)[O-])n1C/C(=N/NC(=O)c1ccccc1N)c1ccc(Br)cc1,1890.0,CHEMBL3091175,CHEMBL3088221,CHEMBL203
Cc1ncc([N+](=O)[O-])n1C/C(=N/NC(=O)c1ccccc1O)c1ccc(Br)cc1,2580.0,CHEMBL3091175,CHEMBL3088222,CHEMBL203
Cc1ncc([N+](=O)[O-])n1C/C(=N/NC(=O)c1ccc(Cl)cc1)c1ccc(Br)cc1,12450.0,CHEMBL3091175,CHEMBL3088223,CHEMBL203
Cc1ccc(C(=O)N/N=C(/Cn2c([N+](=O)[O-])cnc2C)c2ccc(Br)cc2)cc1,6130.0,CHEMBL3091175,CHEMBL3088224,CHEMBL203
Cc1ncc([N+](=O)[O-])n1C/C(=N/NC(=O)c1ccccc1)c1ccc(Br)cc1,10020.0,CHEMBL3091175,CHEMBL3088225,CHEMBL203
CN(C)C/C=C/C(=O)Nc1cc2c(Nc3ccc(F)c(Cl)c3)ncnc2cc1O[C@H]1CCOC1,0.78,CHEMBL3095055,CHEMBL1173655,CHEMBL203
C#Cc1cccc(Nc2ncnc3cc(OCCOC)c(OCCOC)cc23)c1,1024.0,CHEMBL3095055,CHEMBL553,CHEMBL203
COC(=O)/C=C/CNC(=O)Nc1cc2c(Nc3ccc(F)c(Cl)c3)ncnc2cc1O[C@H]1CCOC1,265.0,CHEMBL3095055,CHEMBL3092305,CHEMBL203
C#CCNC(=O)Nc1cc2c(Nc3ccc(F)c(Cl)c3)ncnc2cc1O[C@H]1CCOC1,374.0,CHEMBL3095055,CHEMBL3092304,CHEMBL203
O=C(Nc1cc2c(Nc3ccc(F)c(Cl)c3)ncnc2cc1O[C@H]1CCOC1)N1CCN(CCO)CC1,4212.0,CHEMBL3095055,CHEMBL3092303,CHEMBL203
O=C(Nc1cc2c(Nc3ccc(F)c(Cl)c3)ncnc2cc1O[C@H]1CCOC1)N1CCC(CCO)CC1,2937.0,CHEMBL3095055,CHEMBL3092302,CHEMBL203
O=C(Nc1cc2c(Nc3ccc(F)c(Cl)c3)ncnc2cc1O[C@H]1CCOC1)N1CCC(N2CCCC2)CC1,1594.0,CHEMBL3095055,CHEMBL3092301,CHEMBL203
O=C(Nc1cc2c(Nc3ccc(F)c(Cl)c3)ncnc2cc1O[C@H]1CCOC1)N1CCC2(CC1)OCCO2,5187.0,CHEMBL3095055,CHEMBL3092300,CHEMBL203
O=C(Nc1cc2c(Nc3ccc(F)c(Cl)c3)ncnc2cc1O[C@H]1CCOC1)N1CCCC(F)(F)C1,1891.0,CHEMBL3095055,CHEMBL3092299,CHEMBL203
O=C(Nc1cc2c(Nc3ccc(F)c(Cl)c3)ncnc2cc1O[C@H]1CCOC1)N1CCC(F)(F)CC1,5311.0,CHEMBL3095055,CHEMBL3092298,CHEMBL203
O=C(Nc1cc2c(Nc3ccc(F)c(Cl)c3)ncnc2cc1O[C@H]1CCOC1)N1CCC(F)CC1,1824.0,CHEMBL3095055,CHEMBL3092297,CHEMBL203
CN1CCN(C(=O)Nc2cc3c(Nc4ccc(F)c(Cl)c4)ncnc3cc2O[C@H]2CCOC2)CC1,5578.0,CHEMBL3095055,CHEMBL3092321,CHEMBL203
O=C(Nc1cc2c(Nc3ccc(F)c(Cl)c3)ncnc2cc1O[C@H]1CCOC1)N1CCC(F)(F)C1,3121.0,CHEMBL3095055,CHEMBL3092320,CHEMBL203
O=C(Nc1cc2c(Nc3ccc(F)c(Cl)c3)ncnc2cc1O[C@H]1CCOC1)N1CC(F)C1,2165.0,CHEMBL3095055,CHEMBL3092319,CHEMBL203
O=C(Nc1cc2c(Nc3ccc(F)c(Cl)c3)ncnc2cc1O[C@H]1CCOC1)N1CC(O)C1,1419.0,CHEMBL3095055,CHEMBL3092318,CHEMBL203
CN(C)CCCN(C)C(=O)Nc1cc2c(Nc3ccc(F)c(Cl)c3)ncnc2cc1O[C@H]1CCOC1,5261.0,CHEMBL3095055,CHEMBL3092317,CHEMBL203
CCN(CC)CCN(C)C(=O)Nc1cc2c(Nc3ccc(F)c(Cl)c3)ncnc2cc1O[C@H]1CCOC1,392.0,CHEMBL3095055,CHEMBL3092316,CHEMBL203
CN(C)CCN(C)C(=O)Nc1cc2c(Nc3ccc(F)c(Cl)c3)ncnc2cc1O[C@H]1CCOC1,677.0,CHEMBL3095055,CHEMBL3092315,CHEMBL203
CCN(CC)CCCNC(=O)Nc1cc2c(Nc3ccc(F)c(Cl)c3)ncnc2cc1O[C@H]1CCOC1,3058.0,CHEMBL3095055,CHEMBL3092314,CHEMBL203
CN(C)CCCNC(=O)Nc1cc2c(Nc3ccc(F)c(Cl)c3)ncnc2cc1O[C@H]1CCOC1,276.0,CHEMBL3095055,CHEMBL3092313,CHEMBL203
COC(CCNC(=O)Nc1cc2c(Nc3ccc(F)c(Cl)c3)ncnc2cc1O[C@H]1CCOC1)OC,400.0,CHEMBL3095055,CHEMBL3092312,CHEMBL203
COCCCNC(=O)Nc1cc2c(Nc3ccc(F)c(Cl)c3)ncnc2cc1O[C@H]1CCOC1,1659.0,CHEMBL3095055,CHEMBL3092311,CHEMBL203
O=C(NCCN1CCOCC1)Nc1cc2c(Nc3ccc(F)c(Cl)c3)ncnc2cc1O[C@H]1CCOC1,49.0,CHEMBL3095055,CHEMBL3092310,CHEMBL203
O=C(NCCN1CCCCC1)Nc1cc2c(Nc3ccc(F)c(Cl)c3)ncnc2cc1O[C@H]1CCOC1,447.0,CHEMBL3095055,CHEMBL3092309,CHEMBL203
O=C(NCCN1CCCC1)Nc1cc2c(Nc3ccc(F)c(Cl)c3)ncnc2cc1O[C@H]1CCOC1,61.0,CHEMBL3095055,CHEMBL3092308,CHEMBL203
CCN(CC)CCNC(=O)Nc1cc2c(Nc3ccc(F)c(Cl)c3)ncnc2cc1O[C@H]1CCOC1,2235.0,CHEMBL3095055,CHEMBL3092307,CHEMBL203
CN(C)CCNC(=O)Nc1cc2c(Nc3ccc(F)c(Cl)c3)ncnc2cc1O[C@H]1CCOC1,2077.0,CHEMBL3095055,CHEMBL3092306,CHEMBL203
CS(=O)(=O)CCNC(=O)Nc1cc2c(Nc3ccc(F)c(Cl)c3)ncnc2cc1O[C@H]1CCOC1,672.0,CHEMBL3095055,CHEMBL3092324,CHEMBL203
COCCNC(=O)Nc1cc2c(Nc3ccc(F)c(Cl)c3)ncnc2cc1O[C@H]1CCOC1,3564.0,CHEMBL3095055,CHEMBL3092323,CHEMBL203
O=C(NCCO)Nc1cc2c(Nc3ccc(F)c(Cl)c3)ncnc2cc1O[C@H]1CCOC1,432.0,CHEMBL3095055,CHEMBL3092322,CHEMBL203
CN(C)C/C=C/C(=O)Nc1cc2c(Nc3ccc(F)c(Cl)c3)ncnc2cc1O[C@H]1CCOC1,0.19,CHEMBL3095060,CHEMBL1173655,CHEMBL203
C#Cc1cccc(Nc2ncnc3cc(OCCOC)c(OCCOC)cc23)c1,2.6,CHEMBL3095060,CHEMBL553,CHEMBL203
COC(=O)/C=C/CNC(=O)Nc1cc2c(Nc3ccc(F)c(Cl)c3)ncnc2cc1O[C@H]1CCOC1,404.0,CHEMBL3095060,CHEMBL3092305,CHEMBL203
C#CCNC(=O)Nc1cc2c(Nc3ccc(F)c(Cl)c3)ncnc2cc1O[C@H]1CCOC1,232.0,CHEMBL3095060,CHEMBL3092304,CHEMBL203
O=C(Nc1cc2c(Nc3ccc(F)c(Cl)c3)ncnc2cc1O[C@H]1CCOC1)N1CCN(CCO)CC1,331.0,CHEMBL3095060,CHEMBL3092303,CHEMBL203
O=C(Nc1cc2c(Nc3ccc(F)c(Cl)c3)ncnc2cc1O[C@H]1CCOC1)N1CCC(CCO)CC1,304.0,CHEMBL3095060,CHEMBL3092302,CHEMBL203
O=C(Nc1cc2c(Nc3ccc(F)c(Cl)c3)ncnc2cc1O[C@H]1CCOC1)N1CCC(N2CCCC2)CC1,265.0,CHEMBL3095060,CHEMBL3092301,CHEMBL203
O=C(Nc1cc2c(Nc3ccc(F)c(Cl)c3)ncnc2cc1O[C@H]1CCOC1)N1CCC2(CC1)OCCO2,1715.0,CHEMBL3095060,CHEMBL3092300,CHEMBL203
O=C(Nc1cc2c(Nc3ccc(F)c(Cl)c3)ncnc2cc1O[C@H]1CCOC1)N1CCCC(F)(F)C1,884.0,CHEMBL3095060,CHEMBL3092299,CHEMBL203
O=C(Nc1cc2c(Nc3ccc(F)c(Cl)c3)ncnc2cc1O[C@H]1CCOC1)N1CCC(F)(F)CC1,859.0,CHEMBL3095060,CHEMBL3092298,CHEMBL203
O=C(Nc1cc2c(Nc3ccc(F)c(Cl)c3)ncnc2cc1O[C@H]1CCOC1)N1CCC(F)CC1,699.0,CHEMBL3095060,CHEMBL3092297,CHEMBL203
CN1CCN(C(=O)Nc2cc3c(Nc4ccc(F)c(Cl)c4)ncnc3cc2O[C@H]2CCOC2)CC1,464.0,CHEMBL3095060,CHEMBL3092321,CHEMBL203
O=C(Nc1cc2c(Nc3ccc(F)c(Cl)c3)ncnc2cc1O[C@H]1CCOC1)N1CCC(F)(F)C1,1581.0,CHEMBL3095060,CHEMBL3092320,CHEMBL203
O=C(Nc1cc2c(Nc3ccc(F)c(Cl)c3)ncnc2cc1O[C@H]1CCOC1)N1CC(F)C1,967.0,CHEMBL3095060,CHEMBL3092319,CHEMBL203
O=C(Nc1cc2c(Nc3ccc(F)c(Cl)c3)ncnc2cc1O[C@H]1CCOC1)N1CC(O)C1,543.0,CHEMBL3095060,CHEMBL3092318,CHEMBL203
CN(C)CCCN(C)C(=O)Nc1cc2c(Nc3ccc(F)c(Cl)c3)ncnc2cc1O[C@H]1CCOC1,464.0,CHEMBL3095060,CHEMBL3092317,CHEMBL203
CCN(CC)CCN(C)C(=O)Nc1cc2c(Nc3ccc(F)c(Cl)c3)ncnc2cc1O[C@H]1CCOC1,505.0,CHEMBL3095060,CHEMBL3092316,CHEMBL203
CN(C)CCN(C)C(=O)Nc1cc2c(Nc3ccc(F)c(Cl)c3)ncnc2cc1O[C@H]1CCOC1,281.0,CHEMBL3095060,CHEMBL3092315,CHEMBL203
CCN(CC)CCCNC(=O)Nc1cc2c(Nc3ccc(F)c(Cl)c3)ncnc2cc1O[C@H]1CCOC1,32.0,CHEMBL3095060,CHEMBL3092314,CHEMBL203
CN(C)CCCNC(=O)Nc1cc2c(Nc3ccc(F)c(Cl)c3)ncnc2cc1O[C@H]1CCOC1,24.0,CHEMBL3095060,CHEMBL3092313,CHEMBL203
COC(CCNC(=O)Nc1cc2c(Nc3ccc(F)c(Cl)c3)ncnc2cc1O[C@H]1CCOC1)OC,544.0,CHEMBL3095060,CHEMBL3092312,CHEMBL203
COCCCNC(=O)Nc1cc2c(Nc3ccc(F)c(Cl)c3)ncnc2cc1O[C@H]1CCOC1,197.0,CHEMBL3095060,CHEMBL3092311,CHEMBL203
O=C(NCCN1CCOCC1)Nc1cc2c(Nc3ccc(F)c(Cl)c3)ncnc2cc1O[C@H]1CCOC1,82.0,CHEMBL3095060,CHEMBL3092310,CHEMBL203
O=C(NCCN1CCCCC1)Nc1cc2c(Nc3ccc(F)c(Cl)c3)ncnc2cc1O[C@H]1CCOC1,165.0,CHEMBL3095060,CHEMBL3092309,CHEMBL203
O=C(NCCN1CCCC1)Nc1cc2c(Nc3ccc(F)c(Cl)c3)ncnc2cc1O[C@H]1CCOC1,68.0,CHEMBL3095060,CHEMBL3092308,CHEMBL203
CCN(CC)CCNC(=O)Nc1cc2c(Nc3ccc(F)c(Cl)c3)ncnc2cc1O[C@H]1CCOC1,365.0,CHEMBL3095060,CHEMBL3092307,CHEMBL203
CN(C)CCNC(=O)Nc1cc2c(Nc3ccc(F)c(Cl)c3)ncnc2cc1O[C@H]1CCOC1,635.0,CHEMBL3095060,CHEMBL3092306,CHEMBL203
CS(=O)(=O)CCNC(=O)Nc1cc2c(Nc3ccc(F)c(Cl)c3)ncnc2cc1O[C@H]1CCOC1,41.0,CHEMBL3095060,CHEMBL3092324,CHEMBL203
